Charm++: standalone mode (not using charmrun)
Charm++> Running in Multicore mode: 12 threads (PEs)
Charm++> Using recursive bisection (scheme 3) for topology aware partitions
Converse/Charm++ Commit ID: 
CharmLB> Load balancer assumes all CPUs are same.
Charm++> Running on 1 hosts (1 sockets x 6 cores x 2 PUs = 12-way SMP)
Charm++> cpu topology info is gathered in 0.001 seconds.
CharmLB> Load balancing instrumentation for communication is off.
Info: NAMD Git-2025-12-04 for Linux-x86_64-multicore
Info: 
Info: Please visit http://www.ks.uiuc.edu/Research/namd/
Info: for updates, documentation, and support information.
Info: 
Info: Please cite Phillips et al., J. Chem. Phys. 153:044130 (2020) doi:10.1063/5.0014475
Info: in all publications reporting results obtained with NAMD.
Info: 
Info: Based on Charm++/Converse 80000 for multicore-linux-x86_64-gcc
Info: Built Thu Dec 4 09:25:02 CST 2025 by dhardy on athine.ks.uiuc.edu
Info: Source code at Git commit ID b856a9378ca44bcf5aa708d4b681af4ceb86d8ca
Info: 1 NAMD  Git-2025-12-04  Linux-x86_64-multicore  12    CCBC-pc4-15-L  1630649@uab.cat
Info: Running on 12 processors, 1 nodes, 1 physical nodes.
Info: CPU topology information available.
Info: Charm++/Converse parallel runtime startup completed at 0.0228769 s
CkLoopLib is used in SMP with simple dynamic scheduling (converse-level notification)
Info: 819.949 MB of memory in use based on /proc/self/stat
Info: Configuration file is Forcez_NVT.namd
Info: Working in the current directory /home/UAB/1630649/Documents/2026-04-30 SSN/Simulation/no_equilibri
TCL: Suspending until startup complete.
Warning: Option "1-4scaling" has been deprecated. Instead use "oneFourScaling".
Info: EXTENDED SYSTEM FILE   ../equilibration/MDequil.restart.xsc
Warning: The Langevin gamma parameters differ over the particles,
Warning: requiring extra work per step to constrain rigid bonds.
Info: SIMULATION PARAMETERS:
Info: TIMESTEP               2
Info: NUMBER OF STEPS        0
Info: STEPS PER CYCLE        10
Info: PERIODIC CELL BASIS 1  23 0 0
Info: PERIODIC CELL BASIS 2  0 19.919 0
Info: PERIODIC CELL BASIS 3  0 0 49.7119
Info: PERIODIC CELL CENTER   0 0 0
Info: WRAPPING WATERS AROUND PERIODIC BOUNDARIES ON OUTPUT.
Info: WRAPPING ALL CLUSTERS AROUND PERIODIC BOUNDARIES ON OUTPUT.
Info: LOAD BALANCER  Centralized
Info: LOAD BALANCING STRATEGY  New Load Balancers -- DEFAULT
Info: LDB PERIOD             2000 steps
Info: FIRST LDB TIMESTEP     50
Info: LAST LDB TIMESTEP     -1
Info: LDB BACKGROUND SCALING 1
Info: HOM BACKGROUND SCALING 1
Info: PME BACKGROUND SCALING 1
Info: MIN ATOMS PER PATCH    40
Info: EMPTY PATCH LOAD       40 ATOMS
Info: VELOCITY FILE          ../equilibration/MDequil.restart.vel
Info: CENTER OF MASS MOVING INITIALLY? NO
Info: DIELECTRIC             1
Info: EXCLUDE                SCALED ONE-FOUR
Info: 1-4 ELECTROSTATICS SCALED BY 1
Info: MODIFIED 1-4 VDW PARAMETERS WILL BE USED
Info: DCD FILENAME           MD.dcd
Info: DCD FREQUENCY          5000
Info: DCD FIRST STEP         5000
Info: DCD FILE WILL CONTAIN UNIT CELL DATA
Info: XST FILENAME           MD.xst
Info: XST FREQUENCY          5000
Info: NO VELOCITY DCD OUTPUT
Info: NO FORCE DCD OUTPUT
Info: OUTPUT FILENAME        MD
Info: BINARY OUTPUT FILES WILL BE USED
Info: RESTART FILENAME       MD.restart
Info: RESTART FREQUENCY      50000
Info: BINARY RESTART FILES WILL BE USED
Info: NAMD will save positions and velocities to MD.crash.csv when  atoms are moving too fast.
Info: SWITCHING ACTIVE
Info: SWITCHING ON           10
Info: SWITCHING OFF          12
Info: PAIRLIST DISTANCE      14
Info: PAIRLIST SHRINK RATE   0.01
Info: PAIRLIST GROW RATE     0.01
Info: PAIRLIST TRIGGER       0.3
Info: PAIRLISTS PER CYCLE    2
Info: PAIRLISTS ENABLED
Info: MARGIN                 0
Info: HYDROGEN GROUP CUTOFF  2.5
Info: PATCH DIMENSION        16.5
Info: ENERGY OUTPUT STEPS    5000
Info: ENERGY EVALUATION STEPS    5000
Info: OUTPUT ENERGY PRECISION 4
Info: CROSSTERM ENERGY INCLUDED IN DIHEDRAL
Info: TIMING OUTPUT STEPS    50000
Info: PRESSURE OUTPUT STEPS  5000
Info: FIXED ATOMS ACTIVE
Info: TCL GLOBAL FORCES ACTIVE
Info: TCL GLOBAL FORCES SCRIPT INLINED IN CONFIG FILE
Info: LANGEVIN DYNAMICS ACTIVE
Info: LANGEVIN TEMPERATURE   300
Info: LANGEVIN USING BBK INTEGRATOR
Info: LANGEVIN DAMPING COEFFICIENT IS 1 INVERSE PS
Info: LANGEVIN DYNAMICS NOT APPLIED TO HYDROGENS
Info: PARTICLE MESH EWALD (PME) ACTIVE
Info: PME TOLERANCE               1e-06
Info: PME EWALD COEFFICIENT       0.257952
Info: PME INTERPOLATION ORDER     4
Info: PME GRID DIMENSIONS         24 20 54
Info: PME MAXIMUM GRID SPACING    1
Info: Attempting to read FFTW data from FFTW_NAMD_Git-2025-12-04_Linux-x86_64-multicore.txt
Info: Optimizing 6 FFT steps.  1... 2... 3... 4... 5... 6...   Done.
Info: Writing FFTW data to FFTW_NAMD_Git-2025-12-04_Linux-x86_64-multicore.txt
Info: FULL ELECTROSTATIC EVALUATION FREQUENCY      2
Info: USING VERLET I (r-RESPA) MTS SCHEME.
Info: C1 SPLITTING OF LONG RANGE ELECTROSTATICS
Info: PLACING ATOMS IN PATCHES BY HYDROGEN GROUPS
Info: RIGID BONDS TO HYDROGEN : ALL
Info:         ERROR TOLERANCE : 1e-08
Info:          MAX ITERATIONS : 100
Info: RIGID WATER USING SETTLE ALGORITHM
Info: RANDOM NUMBER SEED     1777974167
Info: USE HYDROGEN BONDS?    NO
Info: COORDINATE PDB         ../input/system.pdb
Info: STRUCTURE FILE         ../input/system.psf
Info: PARAMETER file: CHARMM format! 
Info: PARAMETERS             ../input/par_nanotubes.inp
Info: PARAMETERS             ../input/par_water_ions.inp
Info: USING ARITHMETIC MEAN TO COMBINE L-J SIGMA PARAMETERS
Info: BINARY COORDINATES     ../equilibration/MDequil.restart.coor
Info: SUMMARY OF PARAMETERS:
Info: 4 BONDS
Info: 2 ANGLES
Info: 1 DIHEDRAL
Info: 0 IMPROPER
Info: 0 CROSSTERM
Info: 16 VDW
Info: 2 VDW_PAIRS
Info: 0 NBTHOLE_PAIRS
Info: TIME FOR READING PSF FILE: 0.0087439
Info: Reading pdb file ../input/system.pdb
Info: TIME FOR READING PDB FILE: 0.00202626
Info: 
Info: ****************************
Info: STRUCTURE SUMMARY:
Info: 2160 ATOMS
Info: 1872 BONDS
Info: 2064 ANGLES
Info: 2928 DIHEDRALS
Info: 0 IMPROPERS
Info: 0 CROSSTERMS
Info: 0 EXCLUSIONS
Info: 576 FIXED ATOMS
Info: 1584 RIGID BONDS
Info: 0 RIGID BONDS BETWEEN FIXED ATOMS
Info: 3168 DEGREES OF FREEDOM
Info: 1104 HYDROGEN GROUPS
Info: 3 ATOMS IN LARGEST HYDROGEN GROUP
Info: 1104 MIGRATION GROUPS
Info: 3 ATOMS IN LARGEST MIGRATION GROUP
Info: 576 HYDROGEN GROUPS WITH ALL ATOMS FIXED
Info: TOTAL MASS = 16430.5 amu
Info: TOTAL CHARGE = 0 e
Info: MASS DENSITY = 1.19799 g/cm^3
Info: ATOM DENSITY = 0.0948415 atoms/A^3
Info: *****************************
Info: Reading from binary file ../equilibration/MDequil.restart.coor
Info: 
Info: Entering startup at 11.6224 s, 0.14257 MB of memory in use
Info: Startup phase 0 took 8.2375e-05 s, 0.14257 MB of memory in use
Info: ADDED 6144 IMPLICIT EXCLUSIONS
Info: Startup phase 1 took 0.00138684 s, 0.14257 MB of memory in use
Info: NONBONDED TABLE R-SQUARED SPACING: 0.0625
Info: NONBONDED TABLE SIZE: 769 POINTS
Info: INCONSISTENCY IN FAST TABLE ENERGY VS FORCE: 0.000325096 AT 11.9556
Info: INCONSISTENCY IN SCOR TABLE ENERGY VS FORCE: 0.000324844 AT 11.9556
Info: INCONSISTENCY IN VDWA TABLE ENERGY VS FORCE: 0.0040507 AT 0.251946
Info: INCONSISTENCY IN VDWB TABLE ENERGY VS FORCE: 0.00150189 AT 0.251946
Info: Startup phase 2 took 0.000596834 s, 0.14257 MB of memory in use
Info: Startup phase 3 took 5.3474e-05 s, 0.14257 MB of memory in use
Info: Startup phase 4 took 9.8969e-05 s, 0.14257 MB of memory in use
Info: Startup phase 5 took 7.5664e-05 s, 0.14257 MB of memory in use
Info: PATCH GRID IS 2 (PERIODIC) BY 1 (PERIODIC) BY 3 (PERIODIC)
Info: PATCH GRID IS 2-AWAY BY 1-AWAY BY 1-AWAY
Info: Reading from binary file ../equilibration/MDequil.restart.vel
Info: REMOVING COM VELOCITY -0.214291 -0.0609139 0.0664709
Info: LARGEST PATCH (0) HAS 384 ATOMS
Info: TORUS A SIZE 1 USING 0
Info: TORUS B SIZE 1 USING 0
Info: TORUS C SIZE 1 USING 0
Info: TORUS MINIMAL MESH SIZE IS 1 BY 1 BY 1
Info: Placed 100% of base nodes on same physical node as patch
Info: Startup phase 6 took 0.00102446 s, 0.14257 MB of memory in use
Info: PME using 12 and 10 processors for FFT and reciprocal sum.
Info: PME GRID LOCATIONS: 0 1 2 3 4 5 6 7 8 9 ...
Info: PME TRANS LOCATIONS: 1 2 3 4 5 6 8 9 10 11
Info: PME USING 1 GRID NODES AND 1 TRANS NODES
Info: Optimizing 4 FFT steps.  1... 2... 3... 4...   Done.
Info: Startup phase 7 took 0.000348273 s, 0.14257 MB of memory in use
Info: Startup phase 8 took 6.0572e-05 s, 0.14257 MB of memory in use
Info: Startup phase 9 took 5.5973e-05 s, 0.14257 MB of memory in use
Info: Startup phase 10 took 5.1148e-05 s, 0.14257 MB of memory in use
Info: Startup phase 11 took 7.6788e-05 s, 0.14257 MB of memory in use
LDB: Central LB being created...
Info: Startup phase 12 took 0.00311403 s, 0.14257 MB of memory in use
Info: Startup phase 13 took 7.6681e-05 s, 0.14257 MB of memory in use
Info: Startup phase 14 took 7.0432e-05 s, 0.14257 MB of memory in use
Info: Startup phase 15 took 6.4005e-05 s, 0.14257 MB of memory in use
Info: CREATING 210 COMPUTE OBJECTS
Info: useSync: 0 useProxySync: 0
Info: Startup phase 16 took 0.00110343 s, 0.14257 MB of memory in use
Info: Startup phase 17 took 0.000106475 s, 0.14257 MB of memory in use
Info: Startup phase 18 took 3.0397e-05 s, 0.14257 MB of memory in use
Info: Finished startup at 11.6309 s, 0.14257 MB of memory in use

TCL: Running for 300000 steps
PRESSURE: 0 159.317 613.466 -314.422 787.837 -57.5859 -418.212 -716.306 -293.484 315.647
GPRESSURE: 0 201.677 737.855 -258.544 943.809 13.0155 -238.694 -663.76 -206.586 262.011
ETITLE:      TS           BOND          ANGLE          DIHED          IMPRP               ELECT            VDW       BOUNDARY           MISC        KINETIC               TOTAL           TEMP      POTENTIAL         TOTAL3        TEMPAVG            PRESSURE      GPRESSURE         VOLUME       PRESSAVG      GPRESSAVG

ENERGY:       0         0.0000         0.0000         0.0000         0.0000          -5570.8762       415.7296         0.0000         0.0000       977.4968          -4177.6498       310.5422     -5155.1466     -4175.7657       310.5422            139.1261       158.9013     22774.8499       139.1261       158.9013

OPENING EXTENDED SYSTEM TRAJECTORY FILE
LDB: ============= START OF LOAD BALANCING ============== 11.6644
LDB: ============== END OF LOAD BALANCING =============== 11.6674
Info: useSync: 0 useProxySync: 0
LDB: =============== DONE WITH MIGRATION ================ 11.6794
LDB: ============= START OF LOAD BALANCING ============== 11.8017
LDB: Largest compute 13 load 0.021173 is 50.7% of average load 0.041738
LDB: Average compute 0.001974 is 4.7% of average load 0.041738
LDB: Partitioning computes with target load 0.004174
LDB: Increased migratable compute count from 168 to 209
LDB: Largest unpartitionable compute is 0.000360
LDB: ============== END OF LOAD BALANCING =============== 11.8052
Info: useSync: 0 useProxySync: 0
LDB: =============== DONE WITH MIGRATION ================ 11.8055
Info: Initial time: 12 CPUs 0.00302543 s/step 0.0175083 days/ns 0.14257 MB memory
LDB: ============= START OF LOAD BALANCING ============== 11.8359
LDB: ============== END OF LOAD BALANCING =============== 11.836
Info: useSync: 0 useProxySync: 0
LDB: =============== DONE WITH MIGRATION ================ 11.8361
LDB: ============= START OF LOAD BALANCING ============== 11.9578
LDB: Largest compute 17 load 0.004796 is 11.5% of average load 0.041533
LDB: Average compute 0.001579 is 3.8% of average load 0.041533
LDB: TIME 11.958 LOAD: AVG 0.0415328 MAX 0.112588  PROXIES: TOTAL 28 MAXPE 3 MAXPATCH 5 None MEM: 0.14257 MB
LDB: TIME 11.9581 LOAD: AVG 0.0415328 MAX 0.112588  PROXIES: TOTAL 30 MAXPE 5 MAXPATCH 6 TorusLB MEM: 0.14257 MB
LDB: Reverting to original mapping
LDB: ============== END OF LOAD BALANCING =============== 11.9582
Info: useSync: 0 useProxySync: 0
LDB: =============== DONE WITH MIGRATION ================ 11.9584
Info: Initial time: 12 CPUs 0.00303899 s/step 0.0175868 days/ns 0.14257 MB memory
LDB: ============= START OF LOAD BALANCING ============== 12.1152
LDB: Largest compute 233 load 0.005830 is 11.2% of average load 0.051939
LDB: Average compute 0.001948 is 3.8% of average load 0.051939
LDB: TIME 12.1154 LOAD: AVG 0.0519386 MAX 0.145942  PROXIES: TOTAL 28 MAXPE 3 MAXPATCH 5 None MEM: 0.14257 MB
LDB: TIME 12.1155 LOAD: AVG 0.0519386 MAX 0.145942  PROXIES: TOTAL 28 MAXPE 3 MAXPATCH 5 RefineTorusLB MEM: 0.14257 MB
LDB: TIME 12.1161 LOAD: AVG 0.0519386 MAX 0.145942  PROXIES: TOTAL 31 MAXPE 4 MAXPATCH 6 RefineTorusLB MEM: 0.14257 MB
LDB: Reverting to original mapping
LDB: ============== END OF LOAD BALANCING =============== 12.1162
Info: useSync: 0 useProxySync: 0
LDB: =============== DONE WITH MIGRATION ================ 12.1164
Info: Initial time: 12 CPUs 0.00313328 s/step 0.0181324 days/ns 0.14257 MB memory
LDB: ============= START OF LOAD BALANCING ============== 12.2876
LDB: Largest compute 223 load 0.005532 is 10.5% of average load 0.052825
LDB: Average compute 0.001945 is 3.7% of average load 0.052825
LDB: TIME 12.2877 LOAD: AVG 0.0528246 MAX 0.149395  PROXIES: TOTAL 28 MAXPE 3 MAXPATCH 5 None MEM: 0.14257 MB
LDB: TIME 12.2878 LOAD: AVG 0.0528246 MAX 0.149395  PROXIES: TOTAL 28 MAXPE 3 MAXPATCH 5 RefineTorusLB MEM: 0.14257 MB
LDB: TIME 12.2883 LOAD: AVG 0.0528246 MAX 0.149395  PROXIES: TOTAL 31 MAXPE 4 MAXPATCH 6 RefineTorusLB MEM: 0.14257 MB
LDB: Reverting to original mapping
LDB: ============== END OF LOAD BALANCING =============== 12.2884
Info: useSync: 0 useProxySync: 0
LDB: =============== DONE WITH MIGRATION ================ 12.2886
Info: Benchmark time: 12 CPUs 0.00342308 s/step 0.0198095 days/ns 0.14257 MB memory
Info: Benchmark time: 12 CPUs 0.00332064 s/step 0.0192166 days/ns 0.14257 MB memory
Info: Benchmark time: 12 CPUs 0.00301657 s/step 0.017457 days/ns 0.14257 MB memory
Info: Benchmark time: 12 CPUs 0.00299279 s/step 0.0173194 days/ns 0.14257 MB memory
Info: Benchmark time: 12 CPUs 0.00304611 s/step 0.0176279 days/ns 0.14257 MB memory
Info: Benchmark time: 12 CPUs 0.00300448 s/step 0.017387 days/ns 0.14257 MB memory
LDB: ============= START OF LOAD BALANCING ============== 18.1789
LDB: ============== END OF LOAD BALANCING =============== 18.1791
Info: useSync: 0 useProxySync: 0
LDB: =============== DONE WITH MIGRATION ================ 18.1792
LDB: ============= START OF LOAD BALANCING ============== 18.3282
LDB: Largest compute 234 load 0.006336 is 12.5% of average load 0.050669
LDB: Average compute 0.001905 is 3.8% of average load 0.050669
LDB: TIME 18.3284 LOAD: AVG 0.0506691 MAX 0.140263  PROXIES: TOTAL 28 MAXPE 3 MAXPATCH 5 None MEM: 0.14257 MB
LDB: TIME 18.3285 LOAD: AVG 0.0506691 MAX 0.140263  PROXIES: TOTAL 28 MAXPE 3 MAXPATCH 5 RefineTorusLB MEM: 0.14257 MB
LDB: TIME 18.3291 LOAD: AVG 0.0506691 MAX 0.140263  PROXIES: TOTAL 32 MAXPE 5 MAXPATCH 7 RefineTorusLB MEM: 0.14257 MB
LDB: ============== END OF LOAD BALANCING =============== 18.3291
Info: useSync: 0 useProxySync: 0
LDB: =============== DONE WITH MIGRATION ================ 18.3294
LDB: ============= START OF LOAD BALANCING ============== 23.8308
LDB: ============== END OF LOAD BALANCING =============== 23.8309
Info: useSync: 0 useProxySync: 0
LDB: =============== DONE WITH MIGRATION ================ 23.831
LDB: ============= START OF LOAD BALANCING ============== 23.9711
LDB: Largest compute 240 load 0.007142 is 12.5% of average load 0.057291
LDB: Average compute 0.002279 is 4.0% of average load 0.057291
LDB: TIME 23.9713 LOAD: AVG 0.0572911 MAX 0.134554  PROXIES: TOTAL 28 MAXPE 3 MAXPATCH 5 None MEM: 0.14257 MB
LDB: TIME 23.9713 LOAD: AVG 0.0572911 MAX 0.134554  PROXIES: TOTAL 32 MAXPE 5 MAXPATCH 7 RefineTorusLB MEM: 0.14257 MB
LDB: TIME 23.9714 LOAD: AVG 0.0572911 MAX 0.134554  PROXIES: TOTAL 33 MAXPE 5 MAXPATCH 7 RefineTorusLB MEM: 0.14257 MB
LDB: ============== END OF LOAD BALANCING =============== 23.9715
Info: useSync: 0 useProxySync: 0
LDB: =============== DONE WITH MIGRATION ================ 23.9718
OPENING COORDINATE DCD FILE
WRITING COORDINATES TO DCD FILE MD.dcd AT STEP 5000
The last position output (seq=5000) takes 0.002 seconds, 0.143 MB of memory in use
PRESSURE: 5000 -313.731 183.555 -388.067 583.115 -893.083 -253.048 -616.35 -513.453 615.211
GPRESSURE: 5000 -269.092 181.999 -150.007 427.68 -837.007 -486.93 -812.524 -652.496 551.477
PRESSAVG: 5000 -494.095 -10.8281 -54.5905 34.592 -440.311 -25.7197 -49.114 11.7773 -576.039
GPRESSAVG: 5000 -493.799 -10.5903 -54.7189 34.5365 -440.536 -25.5285 -49.1261 11.3493 -576.186
ENERGY:    5000         0.0000         0.0000         0.0000         0.0000          -5563.0257       411.2666         0.0000         0.0000       975.3321          -4176.4270       309.8544     -5151.7591     -4174.6408       300.4439           -197.2010      -184.8742     22774.8499      -503.4818      -503.5068

LDB: ============= START OF LOAD BALANCING ============== 29.9736
LDB: ============== END OF LOAD BALANCING =============== 29.9737
Info: useSync: 0 useProxySync: 0
LDB: =============== DONE WITH MIGRATION ================ 29.9738
LDB: ============= START OF LOAD BALANCING ============== 30.1144
LDB: Largest compute 22 load 0.007374 is 12.8% of average load 0.057771
LDB: Average compute 0.002296 is 4.0% of average load 0.057771
LDB: TIME 30.1146 LOAD: AVG 0.0577707 MAX 0.135536  PROXIES: TOTAL 28 MAXPE 3 MAXPATCH 5 None MEM: 0.14257 MB
LDB: TIME 30.1147 LOAD: AVG 0.0577707 MAX 0.135536  PROXIES: TOTAL 33 MAXPE 5 MAXPATCH 7 RefineTorusLB MEM: 0.14257 MB
LDB: TIME 30.1147 LOAD: AVG 0.0577707 MAX 0.135536  PROXIES: TOTAL 33 MAXPE 5 MAXPATCH 7 RefineTorusLB MEM: 0.14257 MB
LDB: ============== END OF LOAD BALANCING =============== 30.1148
Info: useSync: 0 useProxySync: 0
LDB: =============== DONE WITH MIGRATION ================ 30.1149
LDB: ============= START OF LOAD BALANCING ============== 36.0422
LDB: ============== END OF LOAD BALANCING =============== 36.0424
Info: useSync: 0 useProxySync: 0
LDB: =============== DONE WITH MIGRATION ================ 36.0425
LDB: ============= START OF LOAD BALANCING ============== 36.1832
LDB: Largest compute 16 load 0.007565 is 13.0% of average load 0.057970
LDB: Average compute 0.002309 is 4.0% of average load 0.057970
LDB: TIME 36.1834 LOAD: AVG 0.0579704 MAX 0.135555  PROXIES: TOTAL 28 MAXPE 3 MAXPATCH 5 None MEM: 0.14257 MB
LDB: TIME 36.1835 LOAD: AVG 0.0579704 MAX 0.135555  PROXIES: TOTAL 33 MAXPE 5 MAXPATCH 7 RefineTorusLB MEM: 0.14257 MB
LDB: TIME 36.1836 LOAD: AVG 0.0579704 MAX 0.135555  PROXIES: TOTAL 33 MAXPE 5 MAXPATCH 7 RefineTorusLB MEM: 0.14257 MB
LDB: Reverting to original mapping
LDB: ============== END OF LOAD BALANCING =============== 36.1837
Info: useSync: 0 useProxySync: 0
LDB: =============== DONE WITH MIGRATION ================ 36.1839
WRITING COORDINATES TO DCD FILE MD.dcd AT STEP 10000
The last position output (seq=10000) takes 0.001 seconds, 0.143 MB of memory in use
PRESSURE: 10000 -553.578 18.3057 74.8871 14.3109 128.887 -456.554 157.716 -370.602 -756.466
GPRESSURE: 10000 -836.777 159.664 104.451 -125.309 241.921 -537.505 101.757 -394.242 -562.668
PRESSAVG: 10000 -378.357 76.0569 -30.3329 86.5529 -308.399 -33.7793 -28.8257 -88.9519 -375.143
GPRESSAVG: 10000 -378.652 76.3882 -30.5779 86.0411 -308.383 -33.6354 -28.2621 -89.0668 -374.974
ENERGY:   10000         0.0000         0.0000         0.0000         0.0000          -5567.7960       387.1370         0.0000         0.0000       983.9088          -4196.7503       312.5792     -5180.6591     -4194.8082       301.1700           -393.7189      -385.8415     22774.8499      -353.9662      -354.0030

LDB: ============= START OF LOAD BALANCING ============== 41.718
LDB: ============== END OF LOAD BALANCING =============== 41.7182
Info: useSync: 0 useProxySync: 0
LDB: =============== DONE WITH MIGRATION ================ 41.7183
LDB: ============= START OF LOAD BALANCING ============== 41.8589
LDB: Largest compute 16 load 0.007979 is 13.8% of average load 0.057821
LDB: Average compute 0.002302 is 4.0% of average load 0.057821
LDB: TIME 41.8591 LOAD: AVG 0.057821 MAX 0.135556  PROXIES: TOTAL 28 MAXPE 3 MAXPATCH 5 None MEM: 0.14257 MB
LDB: TIME 41.8592 LOAD: AVG 0.057821 MAX 0.135556  PROXIES: TOTAL 33 MAXPE 5 MAXPATCH 7 RefineTorusLB MEM: 0.14257 MB
LDB: TIME 41.8593 LOAD: AVG 0.057821 MAX 0.135556  PROXIES: TOTAL 33 MAXPE 5 MAXPATCH 7 RefineTorusLB MEM: 0.14257 MB
LDB: Reverting to original mapping
LDB: ============== END OF LOAD BALANCING =============== 41.8594
Info: useSync: 0 useProxySync: 0
LDB: =============== DONE WITH MIGRATION ================ 41.8596
LDB: ============= START OF LOAD BALANCING ============== 47.609
LDB: ============== END OF LOAD BALANCING =============== 47.6092
Info: useSync: 0 useProxySync: 0
LDB: =============== DONE WITH MIGRATION ================ 47.6093
LDB: ============= START OF LOAD BALANCING ============== 47.7534
LDB: Largest compute 16 load 0.008137 is 13.9% of average load 0.058622
LDB: Average compute 0.002305 is 3.9% of average load 0.058622
LDB: TIME 47.7535 LOAD: AVG 0.0586218 MAX 0.136322  PROXIES: TOTAL 28 MAXPE 3 MAXPATCH 5 None MEM: 0.14257 MB
LDB: TIME 47.7536 LOAD: AVG 0.0586218 MAX 0.136322  PROXIES: TOTAL 33 MAXPE 5 MAXPATCH 7 RefineTorusLB MEM: 0.14257 MB
LDB: TIME 47.7537 LOAD: AVG 0.0586218 MAX 0.136322  PROXIES: TOTAL 33 MAXPE 5 MAXPATCH 7 RefineTorusLB MEM: 0.14257 MB
LDB: ============== END OF LOAD BALANCING =============== 47.7538
Info: useSync: 0 useProxySync: 0
LDB: =============== DONE WITH MIGRATION ================ 47.754
LDB: ============= START OF LOAD BALANCING ============== 53.3881
LDB: ============== END OF LOAD BALANCING =============== 53.3882
Info: useSync: 0 useProxySync: 0
LDB: =============== DONE WITH MIGRATION ================ 53.3883
LDB: ============= START OF LOAD BALANCING ============== 53.5393
LDB: Largest compute 106 load 0.008693 is 14.2% of average load 0.061123
LDB: Average compute 0.002421 is 4.0% of average load 0.061123
LDB: TIME 53.5396 LOAD: AVG 0.0611232 MAX 0.137206  PROXIES: TOTAL 28 MAXPE 3 MAXPATCH 5 None MEM: 0.14257 MB
LDB: TIME 53.5397 LOAD: AVG 0.0611232 MAX 0.137206  PROXIES: TOTAL 33 MAXPE 5 MAXPATCH 7 RefineTorusLB MEM: 0.14257 MB
LDB: TIME 53.5399 LOAD: AVG 0.0611232 MAX 0.137206  PROXIES: TOTAL 33 MAXPE 5 MAXPATCH 7 RefineTorusLB MEM: 0.14257 MB
LDB: Reverting to original mapping
LDB: ============== END OF LOAD BALANCING =============== 53.54
Info: useSync: 0 useProxySync: 0
LDB: =============== DONE WITH MIGRATION ================ 53.5402
PRESSURE: 15000 -295.399 -443.603 -261.96 -237.868 -169.134 -240.737 -155.451 208.003 -929.237
GPRESSURE: 15000 -334.803 -662.934 -260.549 263.598 9.99243 -563.277 -381.901 336.012 -939.091
PRESSAVG: 15000 -249.449 15.9446 -14.0461 -3.22074 -376.485 54.3497 57.1779 16.6659 -238.863
GPRESSAVG: 15000 -248.876 15.3224 -13.4589 -3.34171 -376.645 54.3637 56.8887 16.6744 -238.922
ENERGY:   15000         0.0000         0.0000         0.0000         0.0000          -5561.6489       365.3382         0.0000         0.0000       954.5362          -4241.7745       303.2478     -5196.3107     -4239.4169       300.0052           -464.5901      -421.3005     22774.8499      -288.2660      -288.1474

WRITING COORDINATES TO DCD FILE MD.dcd AT STEP 15000
The last position output (seq=15000) takes 0.000 seconds, 0.143 MB of memory in use
LDB: ============= START OF LOAD BALANCING ============== 59.4254
LDB: ============== END OF LOAD BALANCING =============== 59.4255
Info: useSync: 0 useProxySync: 0
LDB: =============== DONE WITH MIGRATION ================ 59.4257
LDB: ============= START OF LOAD BALANCING ============== 59.5713
LDB: Largest compute 106 load 0.008851 is 14.7% of average load 0.060374
LDB: Average compute 0.002393 is 4.0% of average load 0.060374
LDB: TIME 59.5715 LOAD: AVG 0.0603737 MAX 0.138021  PROXIES: TOTAL 28 MAXPE 3 MAXPATCH 5 None MEM: 0.14257 MB
LDB: TIME 59.5715 LOAD: AVG 0.0603737 MAX 0.138021  PROXIES: TOTAL 33 MAXPE 5 MAXPATCH 7 RefineTorusLB MEM: 0.14257 MB
LDB: TIME 59.5717 LOAD: AVG 0.0603737 MAX 0.138021  PROXIES: TOTAL 33 MAXPE 5 MAXPATCH 7 RefineTorusLB MEM: 0.14257 MB
LDB: Reverting to original mapping
LDB: ============== END OF LOAD BALANCING =============== 59.5717
Info: useSync: 0 useProxySync: 0
LDB: =============== DONE WITH MIGRATION ================ 59.5719
LDB: ============= START OF LOAD BALANCING ============== 65.4965
LDB: ============== END OF LOAD BALANCING =============== 65.4967
Info: useSync: 0 useProxySync: 0
LDB: =============== DONE WITH MIGRATION ================ 65.4969
LDB: ============= START OF LOAD BALANCING ============== 65.6535
LDB: Largest compute 245 load 0.008107 is 13.3% of average load 0.060865
LDB: Average compute 0.002417 is 4.0% of average load 0.060865
LDB: TIME 65.6537 LOAD: AVG 0.0608649 MAX 0.137028  PROXIES: TOTAL 28 MAXPE 3 MAXPATCH 5 None MEM: 0.14257 MB
LDB: TIME 65.6537 LOAD: AVG 0.0608649 MAX 0.137028  PROXIES: TOTAL 33 MAXPE 5 MAXPATCH 7 RefineTorusLB MEM: 0.14257 MB
LDB: TIME 65.6538 LOAD: AVG 0.0608649 MAX 0.137028  PROXIES: TOTAL 33 MAXPE 5 MAXPATCH 7 RefineTorusLB MEM: 0.14257 MB
LDB: Reverting to original mapping
LDB: ============== END OF LOAD BALANCING =============== 65.6538
Info: useSync: 0 useProxySync: 0
LDB: =============== DONE WITH MIGRATION ================ 65.654
WRITING COORDINATES TO DCD FILE MD.dcd AT STEP 20000
The last position output (seq=20000) takes 0.000 seconds, 0.143 MB of memory in use
PRESSURE: 20000 -502.044 -106.603 -352.918 -119.655 -178.234 -323.865 113.648 162.769 252.411
GPRESSURE: 20000 -419.672 39.4687 -441.926 -432.584 -114.394 -436.545 403.207 369.047 194.107
PRESSAVG: 20000 -385.933 5.1219 25.2471 -23.8648 -375.062 3.52628 1.84491 -0.916847 -346.036
GPRESSAVG: 20000 -386.186 5.47351 25.2381 -23.9164 -374.674 3.29146 2.00161 -0.855782 -345.934
ENERGY:   20000         0.0000         0.0000         0.0000         0.0000          -5566.9260       402.3289         0.0000         0.0000       938.4136          -4226.1834       298.1258     -5164.5971     -4223.9827       300.4540           -142.6223      -113.3199     22774.8499      -369.0103      -368.9314

LDB: ============= START OF LOAD BALANCING ============== 72.4954
LDB: ============== END OF LOAD BALANCING =============== 72.4955
Info: useSync: 0 useProxySync: 0
LDB: =============== DONE WITH MIGRATION ================ 72.4956
LDB: ============= START OF LOAD BALANCING ============== 72.6379
LDB: Largest compute 16 load 0.008136 is 13.8% of average load 0.058780
LDB: Average compute 0.002346 is 4.0% of average load 0.058780
LDB: TIME 72.6381 LOAD: AVG 0.0587797 MAX 0.137319  PROXIES: TOTAL 28 MAXPE 3 MAXPATCH 5 None MEM: 0.14257 MB
LDB: TIME 72.6382 LOAD: AVG 0.0587797 MAX 0.137319  PROXIES: TOTAL 33 MAXPE 5 MAXPATCH 7 RefineTorusLB MEM: 0.14257 MB
LDB: TIME 72.6383 LOAD: AVG 0.0587797 MAX 0.137319  PROXIES: TOTAL 33 MAXPE 5 MAXPATCH 7 RefineTorusLB MEM: 0.14257 MB
LDB: Reverting to original mapping
LDB: ============== END OF LOAD BALANCING =============== 72.6384
Info: useSync: 0 useProxySync: 0
LDB: =============== DONE WITH MIGRATION ================ 72.6387
LDB: ============= START OF LOAD BALANCING ============== 78.3207
LDB: ============== END OF LOAD BALANCING =============== 78.3208
Info: useSync: 0 useProxySync: 0
LDB: =============== DONE WITH MIGRATION ================ 78.3209
LDB: ============= START OF LOAD BALANCING ============== 78.4613
LDB: Largest compute 219 load 0.008224 is 14.1% of average load 0.058184
LDB: Average compute 0.002325 is 4.0% of average load 0.058184
LDB: TIME 78.4615 LOAD: AVG 0.0581836 MAX 0.135357  PROXIES: TOTAL 28 MAXPE 3 MAXPATCH 5 None MEM: 0.14257 MB
LDB: TIME 78.4616 LOAD: AVG 0.0581836 MAX 0.135357  PROXIES: TOTAL 33 MAXPE 5 MAXPATCH 7 RefineTorusLB MEM: 0.14257 MB
LDB: TIME 78.4617 LOAD: AVG 0.0581836 MAX 0.135357  PROXIES: TOTAL 33 MAXPE 5 MAXPATCH 7 RefineTorusLB MEM: 0.14257 MB
LDB: Reverting to original mapping
LDB: ============== END OF LOAD BALANCING =============== 78.4618
Info: useSync: 0 useProxySync: 0
LDB: =============== DONE WITH MIGRATION ================ 78.4621
LDB: ============= START OF LOAD BALANCING ============== 84.0216
LDB: ============== END OF LOAD BALANCING =============== 84.0217
Info: useSync: 0 useProxySync: 0
LDB: =============== DONE WITH MIGRATION ================ 84.0217
LDB: ============= START OF LOAD BALANCING ============== 84.1692
LDB: Largest compute 219 load 0.010432 is 17.4% of average load 0.060071
LDB: Average compute 0.002385 is 4.0% of average load 0.060071
LDB: TIME 84.1693 LOAD: AVG 0.0600708 MAX 0.137071  PROXIES: TOTAL 28 MAXPE 3 MAXPATCH 5 None MEM: 0.14257 MB
LDB: TIME 84.1694 LOAD: AVG 0.0600708 MAX 0.137071  PROXIES: TOTAL 33 MAXPE 5 MAXPATCH 7 RefineTorusLB MEM: 0.14257 MB
LDB: TIME 84.1696 LOAD: AVG 0.0600708 MAX 0.137071  PROXIES: TOTAL 33 MAXPE 5 MAXPATCH 7 RefineTorusLB MEM: 0.14257 MB
LDB: Reverting to original mapping
LDB: ============== END OF LOAD BALANCING =============== 84.1696
Info: useSync: 0 useProxySync: 0
LDB: =============== DONE WITH MIGRATION ================ 84.1698
PRESSURE: 25000 -639.669 168.505 289.005 374.713 -49.4615 301.582 388.692 359.223 -567.955
GPRESSURE: 25000 -781.979 182.401 220.909 271.274 -163.061 200.121 511.487 188.666 -233.833
PRESSAVG: 25000 -393.366 -28.3602 16.5396 -19.6423 -410.852 -58.5267 -103.731 -67.38 -320.627
GPRESSAVG: 25000 -393.182 -28.3077 16.2418 -19.5993 -410.488 -58.5536 -103.641 -67.1895 -320.664
ENERGY:   25000         0.0000         0.0000         0.0000         0.0000          -5618.5304       417.8927         0.0000         0.0000       939.0085          -4261.6293       298.3147     -5200.6377     -4258.5532       300.4473           -419.0285      -392.9577     22774.8499      -374.9486      -374.7778

WRITING COORDINATES TO DCD FILE MD.dcd AT STEP 25000
The last position output (seq=25000) takes 0.000 seconds, 0.143 MB of memory in use
LDB: ============= START OF LOAD BALANCING ============== 89.7746
LDB: ============== END OF LOAD BALANCING =============== 89.7747
Info: useSync: 0 useProxySync: 0
LDB: =============== DONE WITH MIGRATION ================ 89.7747
LDB: ============= START OF LOAD BALANCING ============== 89.9147
LDB: Largest compute 220 load 0.007319 is 12.5% of average load 0.058532
LDB: Average compute 0.002335 is 4.0% of average load 0.058532
LDB: TIME 89.9148 LOAD: AVG 0.0585317 MAX 0.134635  PROXIES: TOTAL 28 MAXPE 3 MAXPATCH 5 None MEM: 0.14257 MB
LDB: TIME 89.9149 LOAD: AVG 0.0585317 MAX 0.134635  PROXIES: TOTAL 33 MAXPE 5 MAXPATCH 7 RefineTorusLB MEM: 0.14257 MB
LDB: TIME 89.915 LOAD: AVG 0.0585317 MAX 0.134635  PROXIES: TOTAL 33 MAXPE 5 MAXPATCH 7 RefineTorusLB MEM: 0.14257 MB
LDB: Reverting to original mapping
LDB: ============== END OF LOAD BALANCING =============== 89.915
Info: useSync: 0 useProxySync: 0
LDB: =============== DONE WITH MIGRATION ================ 89.9153
LDB: ============= START OF LOAD BALANCING ============== 95.7523
LDB: ============== END OF LOAD BALANCING =============== 95.7524
Info: useSync: 0 useProxySync: 0
LDB: =============== DONE WITH MIGRATION ================ 95.7525
LDB: ============= START OF LOAD BALANCING ============== 95.8969
LDB: Largest compute 219 load 0.008525 is 14.3% of average load 0.059810
LDB: Average compute 0.002386 is 4.0% of average load 0.059810
LDB: TIME 95.897 LOAD: AVG 0.0598097 MAX 0.137789  PROXIES: TOTAL 28 MAXPE 3 MAXPATCH 5 None MEM: 0.14257 MB
LDB: TIME 95.897 LOAD: AVG 0.0598097 MAX 0.137789  PROXIES: TOTAL 33 MAXPE 5 MAXPATCH 7 RefineTorusLB MEM: 0.14257 MB
LDB: TIME 95.8972 LOAD: AVG 0.0598097 MAX 0.137789  PROXIES: TOTAL 33 MAXPE 5 MAXPATCH 7 RefineTorusLB MEM: 0.14257 MB
LDB: Reverting to original mapping
LDB: ============== END OF LOAD BALANCING =============== 95.8972
Info: useSync: 0 useProxySync: 0
LDB: =============== DONE WITH MIGRATION ================ 95.8974
WRITING COORDINATES TO DCD FILE MD.dcd AT STEP 30000
The last position output (seq=30000) takes 0.000 seconds, 0.143 MB of memory in use
PRESSURE: 30000 -419.017 372.014 -617.807 933.878 178.504 -24.7226 -827.277 218.531 -325.255
GPRESSURE: 30000 -396.469 139.736 -476.336 1110.66 249.608 -150.864 -579.855 396.31 -343.626
PRESSAVG: 30000 -264.45 3.54462 58.0796 21.1778 -303.502 -94.8984 -63.9238 -91.5551 -125.597
GPRESSAVG: 30000 -264.76 3.10737 58.1268 21.1144 -303.532 -94.9546 -64.1714 -91.6342 -125.494
ENERGY:   30000         0.0000         0.0000         0.0000         0.0000          -5645.5093       403.9631         0.0000         0.0000       958.9506          -4282.5957       304.6502     -5241.5462     -4280.1095       300.8908           -188.5893      -163.4957     22774.8499      -231.1829      -231.2618

LDB: ============= START OF LOAD BALANCING ============== 101.807
LDB: ============== END OF LOAD BALANCING =============== 101.807
Info: useSync: 0 useProxySync: 0
LDB: =============== DONE WITH MIGRATION ================ 101.807
LDB: ============= START OF LOAD BALANCING ============== 101.963
LDB: Largest compute 227 load 0.010552 is 17.0% of average load 0.062234
LDB: Average compute 0.002470 is 4.0% of average load 0.062234
LDB: TIME 101.963 LOAD: AVG 0.0622339 MAX 0.145184  PROXIES: TOTAL 28 MAXPE 3 MAXPATCH 5 None MEM: 0.14257 MB
LDB: TIME 101.963 LOAD: AVG 0.0622339 MAX 0.145184  PROXIES: TOTAL 33 MAXPE 5 MAXPATCH 7 RefineTorusLB MEM: 0.14257 MB
LDB: TIME 101.963 LOAD: AVG 0.0622339 MAX 0.145184  PROXIES: TOTAL 33 MAXPE 5 MAXPATCH 7 RefineTorusLB MEM: 0.14257 MB
LDB: Reverting to original mapping
LDB: ============== END OF LOAD BALANCING =============== 101.963
Info: useSync: 0 useProxySync: 0
LDB: =============== DONE WITH MIGRATION ================ 101.963
LDB: ============= START OF LOAD BALANCING ============== 107.755
LDB: ============== END OF LOAD BALANCING =============== 107.755
Info: useSync: 0 useProxySync: 0
LDB: =============== DONE WITH MIGRATION ================ 107.755
LDB: ============= START OF LOAD BALANCING ============== 107.901
LDB: Largest compute 17 load 0.008647 is 14.4% of average load 0.060190
LDB: Average compute 0.002399 is 4.0% of average load 0.060190
LDB: TIME 107.901 LOAD: AVG 0.0601904 MAX 0.139515  PROXIES: TOTAL 28 MAXPE 3 MAXPATCH 5 None MEM: 0.14257 MB
LDB: TIME 107.901 LOAD: AVG 0.0601904 MAX 0.139515  PROXIES: TOTAL 33 MAXPE 5 MAXPATCH 7 RefineTorusLB MEM: 0.14257 MB
LDB: TIME 107.901 LOAD: AVG 0.0601904 MAX 0.139515  PROXIES: TOTAL 33 MAXPE 5 MAXPATCH 7 RefineTorusLB MEM: 0.14257 MB
LDB: Reverting to original mapping
LDB: ============== END OF LOAD BALANCING =============== 107.901
Info: useSync: 0 useProxySync: 0
LDB: =============== DONE WITH MIGRATION ================ 107.902
LDB: ============= START OF LOAD BALANCING ============== 114.4
LDB: ============== END OF LOAD BALANCING =============== 114.4
Info: useSync: 0 useProxySync: 0
LDB: =============== DONE WITH MIGRATION ================ 114.4
LDB: ============= START OF LOAD BALANCING ============== 114.546
LDB: Largest compute 221 load 0.008020 is 13.3% of average load 0.060295
LDB: Average compute 0.002405 is 4.0% of average load 0.060295
LDB: TIME 114.546 LOAD: AVG 0.0602948 MAX 0.139619  PROXIES: TOTAL 28 MAXPE 3 MAXPATCH 5 None MEM: 0.14257 MB
LDB: TIME 114.546 LOAD: AVG 0.0602948 MAX 0.139619  PROXIES: TOTAL 33 MAXPE 5 MAXPATCH 7 RefineTorusLB MEM: 0.14257 MB
LDB: TIME 114.546 LOAD: AVG 0.0602948 MAX 0.139619  PROXIES: TOTAL 33 MAXPE 5 MAXPATCH 7 RefineTorusLB MEM: 0.14257 MB
LDB: ============== END OF LOAD BALANCING =============== 114.546
Info: useSync: 0 useProxySync: 0
LDB: =============== DONE WITH MIGRATION ================ 114.547
WRITING COORDINATES TO DCD FILE MD.dcd AT STEP 35000
The last position output (seq=35000) takes 0.000 seconds, 0.143 MB of memory in use
PRESSURE: 35000 -1091.33 74.6074 -906.133 47.3558 24.656 -252.675 -452.103 -723.553 62.6045
GPRESSURE: 35000 -971.667 293.568 -708.737 8.09021 70.928 -336.334 -482.749 -665.592 -18.6651
PRESSAVG: 35000 -391.559 0.663102 36.4 -9.57064 -341.447 9.64386 -147.242 -51.2451 -138.999
GPRESSAVG: 35000 -391.441 0.846139 36.5503 -9.7426 -341.479 9.90758 -147.14 -51.0639 -138.752
ENERGY:   35000         0.0000         0.0000         0.0000         0.0000          -5575.0825       391.0089         0.0000         0.0000       933.7926          -4250.2810       296.6577     -5184.0735     -4248.1064       300.3544           -334.6906      -306.4680     22774.8499      -290.6682      -290.5571

LDB: ============= START OF LOAD BALANCING ============== 120.526
LDB: ============== END OF LOAD BALANCING =============== 120.526
Info: useSync: 0 useProxySync: 0
LDB: =============== DONE WITH MIGRATION ================ 120.526
LDB: ============= START OF LOAD BALANCING ============== 120.68
LDB: Largest compute 224 load 0.010183 is 16.5% of average load 0.061810
LDB: Average compute 0.002443 is 4.0% of average load 0.061810
LDB: TIME 120.68 LOAD: AVG 0.0618101 MAX 0.142537  PROXIES: TOTAL 28 MAXPE 3 MAXPATCH 5 None MEM: 0.14257 MB
LDB: TIME 120.68 LOAD: AVG 0.0618101 MAX 0.142537  PROXIES: TOTAL 33 MAXPE 5 MAXPATCH 7 RefineTorusLB MEM: 0.14257 MB
LDB: TIME 120.68 LOAD: AVG 0.0618101 MAX 0.142537  PROXIES: TOTAL 33 MAXPE 5 MAXPATCH 7 RefineTorusLB MEM: 0.14257 MB
LDB: ============== END OF LOAD BALANCING =============== 120.682
Info: useSync: 0 useProxySync: 0
LDB: =============== DONE WITH MIGRATION ================ 120.683
LDB: ============= START OF LOAD BALANCING ============== 128.041
LDB: ============== END OF LOAD BALANCING =============== 128.041
Info: useSync: 0 useProxySync: 0
LDB: =============== DONE WITH MIGRATION ================ 128.052
LDB: ============= START OF LOAD BALANCING ============== 128.388
LDB: Largest compute 213 load 0.009069 is 13.6% of average load 0.066821
LDB: Average compute 0.002401 is 3.6% of average load 0.066821
LDB: TIME 128.394 LOAD: AVG 0.0668214 MAX 0.186105  PROXIES: TOTAL 28 MAXPE 3 MAXPATCH 5 None MEM: 0.14257 MB
LDB: TIME 128.395 LOAD: AVG 0.0668214 MAX 0.186105  PROXIES: TOTAL 33 MAXPE 5 MAXPATCH 7 RefineTorusLB MEM: 0.14257 MB
LDB: TIME 128.395 LOAD: AVG 0.0668214 MAX 0.186105  PROXIES: TOTAL 33 MAXPE 5 MAXPATCH 7 RefineTorusLB MEM: 0.14257 MB
LDB: Reverting to original mapping
LDB: ============== END OF LOAD BALANCING =============== 128.4
Info: useSync: 0 useProxySync: 0
LDB: =============== DONE WITH MIGRATION ================ 128.43
WRITING COORDINATES TO DCD FILE MD.dcd AT STEP 40000
The last position output (seq=40000) takes 0.000 seconds, 0.143 MB of memory in use
PRESSURE: 40000 -1776.88 152.158 367.373 361.282 -932.383 -256.38 73.0133 -467.044 -417.904
GPRESSURE: 40000 -1738.59 12.5082 256.05 554.601 -923.224 -237.203 393.029 -589.878 -379.423
PRESSAVG: 40000 -349.425 -7.77926 59.0394 21.5462 -443.427 -6.66098 -68.5418 -108.931 -56.1669
GPRESSAVG: 40000 -349.499 -8.17491 58.7149 21.3954 -443.31 -6.2469 -68.847 -109.157 -56.4575
ENERGY:   40000         0.0000         0.0000         0.0000         0.0000          -5543.7570       315.6947         0.0000         0.0000       945.2618          -4282.8006       300.3014     -5228.0624     -4279.8810       296.1014          -1042.3887     -1013.7457     22774.8499      -283.0061      -283.0885

LDB: ============= START OF LOAD BALANCING ============== 134.586
LDB: ============== END OF LOAD BALANCING =============== 134.586
Info: useSync: 0 useProxySync: 0
LDB: =============== DONE WITH MIGRATION ================ 134.586
LDB: ============= START OF LOAD BALANCING ============== 134.731
LDB: Largest compute 16 load 0.008810 is 14.7% of average load 0.060020
LDB: Average compute 0.002398 is 4.0% of average load 0.060020
LDB: TIME 134.731 LOAD: AVG 0.0600205 MAX 0.139468  PROXIES: TOTAL 28 MAXPE 3 MAXPATCH 5 None MEM: 0.14257 MB
LDB: TIME 134.731 LOAD: AVG 0.0600205 MAX 0.139468  PROXIES: TOTAL 33 MAXPE 5 MAXPATCH 7 RefineTorusLB MEM: 0.14257 MB
LDB: TIME 134.731 LOAD: AVG 0.0600205 MAX 0.139468  PROXIES: TOTAL 33 MAXPE 5 MAXPATCH 7 RefineTorusLB MEM: 0.14257 MB
LDB: ============== END OF LOAD BALANCING =============== 134.731
Info: useSync: 0 useProxySync: 0
LDB: =============== DONE WITH MIGRATION ================ 134.732
LDB: ============= START OF LOAD BALANCING ============== 140.579
LDB: ============== END OF LOAD BALANCING =============== 140.579
Info: useSync: 0 useProxySync: 0
LDB: =============== DONE WITH MIGRATION ================ 140.579
LDB: ============= START OF LOAD BALANCING ============== 140.722
LDB: Largest compute 225 load 0.008076 is 13.3% of average load 0.060506
LDB: Average compute 0.002420 is 4.0% of average load 0.060506
LDB: TIME 140.722 LOAD: AVG 0.0605061 MAX 0.135705  PROXIES: TOTAL 28 MAXPE 3 MAXPATCH 5 None MEM: 0.14257 MB
LDB: TIME 140.722 LOAD: AVG 0.0605061 MAX 0.135705  PROXIES: TOTAL 33 MAXPE 5 MAXPATCH 7 RefineTorusLB MEM: 0.14257 MB
LDB: TIME 140.722 LOAD: AVG 0.0605061 MAX 0.135705  PROXIES: TOTAL 33 MAXPE 5 MAXPATCH 7 RefineTorusLB MEM: 0.14257 MB
LDB: ============== END OF LOAD BALANCING =============== 140.722
Info: useSync: 0 useProxySync: 0
LDB: =============== DONE WITH MIGRATION ================ 140.723
LDB: ============= START OF LOAD BALANCING ============== 146.366
LDB: ============== END OF LOAD BALANCING =============== 146.366
Info: useSync: 0 useProxySync: 0
LDB: =============== DONE WITH MIGRATION ================ 146.366
LDB: ============= START OF LOAD BALANCING ============== 146.516
LDB: Largest compute 16 load 0.008532 is 14.0% of average load 0.060961
LDB: Average compute 0.002425 is 4.0% of average load 0.060961
LDB: TIME 146.516 LOAD: AVG 0.0609615 MAX 0.139104  PROXIES: TOTAL 28 MAXPE 3 MAXPATCH 5 None MEM: 0.14257 MB
LDB: TIME 146.517 LOAD: AVG 0.0609615 MAX 0.139104  PROXIES: TOTAL 33 MAXPE 5 MAXPATCH 7 RefineTorusLB MEM: 0.14257 MB
LDB: TIME 146.517 LOAD: AVG 0.0609615 MAX 0.139104  PROXIES: TOTAL 33 MAXPE 5 MAXPATCH 7 RefineTorusLB MEM: 0.14257 MB
LDB: ============== END OF LOAD BALANCING =============== 146.517
Info: useSync: 0 useProxySync: 0
LDB: =============== DONE WITH MIGRATION ================ 146.517
WRITING COORDINATES TO DCD FILE MD.dcd AT STEP 45000
The last position output (seq=45000) takes 0.000 seconds, 0.143 MB of memory in use
PRESSURE: 45000 -51.2424 96.8432 182.225 -289.172 -613.799 98.1039 -491.429 -82.0873 -230.298
GPRESSURE: 45000 30.2222 319.645 108.572 -227.445 -582.465 -359.919 -277.31 -149.638 -291.096
PRESSAVG: 45000 -269.44 -89.1466 42.8419 -31.8074 -371.361 -66.5482 -85.6901 -134.598 -161.548
GPRESSAVG: 45000 -269.494 -88.7781 42.7737 -31.6307 -371.219 -67.1978 -85.2443 -134.417 -161.593
ENERGY:   45000         0.0000         0.0000         0.0000         0.0000          -5589.9890       392.0996         0.0000         0.0000       925.8505          -4272.0388       294.1346     -5197.8894     -4269.7393       301.1713           -298.4465      -281.1128     22774.8499      -267.4497      -267.4351

LDB: ============= START OF LOAD BALANCING ============== 152.22
LDB: ============== END OF LOAD BALANCING =============== 152.22
Info: useSync: 0 useProxySync: 0
LDB: =============== DONE WITH MIGRATION ================ 152.22
LDB: ============= START OF LOAD BALANCING ============== 152.365
LDB: Largest compute 219 load 0.008532 is 14.2% of average load 0.060025
LDB: Average compute 0.002382 is 4.0% of average load 0.060025
LDB: TIME 152.365 LOAD: AVG 0.0600251 MAX 0.138171  PROXIES: TOTAL 28 MAXPE 3 MAXPATCH 5 None MEM: 0.14257 MB
LDB: TIME 152.365 LOAD: AVG 0.0600251 MAX 0.138171  PROXIES: TOTAL 33 MAXPE 5 MAXPATCH 7 RefineTorusLB MEM: 0.14257 MB
LDB: TIME 152.365 LOAD: AVG 0.0600251 MAX 0.138171  PROXIES: TOTAL 33 MAXPE 5 MAXPATCH 7 RefineTorusLB MEM: 0.14257 MB
LDB: ============== END OF LOAD BALANCING =============== 152.365
Info: useSync: 0 useProxySync: 0
LDB: =============== DONE WITH MIGRATION ================ 152.365
LDB: ============= START OF LOAD BALANCING ============== 158.279
LDB: ============== END OF LOAD BALANCING =============== 158.28
Info: useSync: 0 useProxySync: 0
LDB: =============== DONE WITH MIGRATION ================ 158.289
LDB: ============= START OF LOAD BALANCING ============== 158.433
LDB: Largest compute 222 load 0.008987 is 15.0% of average load 0.059874
LDB: Average compute 0.002387 is 4.0% of average load 0.059874
LDB: TIME 158.434 LOAD: AVG 0.0598741 MAX 0.137713  PROXIES: TOTAL 28 MAXPE 3 MAXPATCH 5 None MEM: 0.14257 MB
LDB: TIME 158.434 LOAD: AVG 0.0598741 MAX 0.137713  PROXIES: TOTAL 33 MAXPE 5 MAXPATCH 7 RefineTorusLB MEM: 0.14257 MB
LDB: TIME 158.434 LOAD: AVG 0.0598741 MAX 0.137713  PROXIES: TOTAL 33 MAXPE 5 MAXPATCH 7 RefineTorusLB MEM: 0.14257 MB
LDB: Reverting to original mapping
LDB: ============== END OF LOAD BALANCING =============== 158.434
Info: useSync: 0 useProxySync: 0
LDB: =============== DONE WITH MIGRATION ================ 158.434
WRITING COORDINATES TO DCD FILE MD.dcd AT STEP 50000
WRITING COORDINATES TO RESTART FILE AT STEP 50000
FINISHED WRITING RESTART COORDINATES
The last position output (seq=50000) takes 0.000 seconds, 0.143 MB of memory in use
WRITING VELOCITIES TO RESTART FILE AT STEP 50000
FINISHED WRITING RESTART VELOCITIES
The last velocity output (seq=50000) takes 0.000 seconds, 0.143 MB of memory in use
PRESSURE: 50000 -318.748 -322.614 283.159 -110.898 -543.809 -684.208 362.682 -645.53 342.391
GPRESSURE: 50000 -303.82 -144.883 323.71 -18.6197 -545.532 -647.483 250.058 -477.655 416.414
PRESSAVG: 50000 -409.553 19.5846 -1.76195 -14.7778 -404.91 24.1631 -163.838 -14.5598 -12.2045
GPRESSAVG: 50000 -409.465 19.6202 -2.12787 -14.7223 -405.006 24.8239 -164.003 -15.0858 -12.482
TIMING: 50000  CPU: 149.762, 0.00299508/step  Wall: 152.28, 0.00304541/step, 0.211487 hours remaining, 0.142570 MB of memory in use.
PERFORMANCE: 50000  averaging 56.741 ns/day, 0.00304541 sec/step with standard deviation 0
ETITLE:      TS           BOND          ANGLE          DIHED          IMPRP               ELECT            VDW       BOUNDARY           MISC        KINETIC               TOTAL           TEMP      POTENTIAL         TOTAL3        TEMPAVG            PRESSURE      GPRESSURE         VOLUME       PRESSAVG      GPRESSAVG

ENERGY:   50000         0.0000         0.0000         0.0000         0.0000          -5601.9987       388.8097         0.0000         0.0000       937.5168          -4275.6721       297.8409     -5213.1890     -4272.4203       297.6019           -173.3888      -144.3125     22774.8499      -275.5559      -275.6512

WRITING EXTENDED SYSTEM TO RESTART FILE AT STEP 50000
LDB: ============= START OF LOAD BALANCING ============== 164.353
LDB: ============== END OF LOAD BALANCING =============== 164.353
Info: useSync: 0 useProxySync: 0
LDB: =============== DONE WITH MIGRATION ================ 164.353
LDB: ============= START OF LOAD BALANCING ============== 164.498
LDB: Largest compute 17 load 0.008204 is 13.6% of average load 0.060382
LDB: Average compute 0.002409 is 4.0% of average load 0.060382
LDB: TIME 164.498 LOAD: AVG 0.0603824 MAX 0.13897  PROXIES: TOTAL 28 MAXPE 3 MAXPATCH 5 None MEM: 0.14257 MB
LDB: TIME 164.498 LOAD: AVG 0.0603824 MAX 0.13897  PROXIES: TOTAL 33 MAXPE 5 MAXPATCH 7 RefineTorusLB MEM: 0.14257 MB
LDB: TIME 164.498 LOAD: AVG 0.0603824 MAX 0.13897  PROXIES: TOTAL 33 MAXPE 5 MAXPATCH 7 RefineTorusLB MEM: 0.14257 MB
LDB: ============== END OF LOAD BALANCING =============== 164.498
Info: useSync: 0 useProxySync: 0
LDB: =============== DONE WITH MIGRATION ================ 164.499
LDB: ============= START OF LOAD BALANCING ============== 170.251
LDB: ============== END OF LOAD BALANCING =============== 170.251
Info: useSync: 0 useProxySync: 0
LDB: =============== DONE WITH MIGRATION ================ 170.264
LDB: ============= START OF LOAD BALANCING ============== 170.435
LDB: Largest compute 220 load 0.009095 is 14.7% of average load 0.061847
LDB: Average compute 0.002427 is 3.9% of average load 0.061847
LDB: TIME 170.436 LOAD: AVG 0.061847 MAX 0.141717  PROXIES: TOTAL 28 MAXPE 3 MAXPATCH 5 None MEM: 0.14257 MB
LDB: TIME 170.436 LOAD: AVG 0.061847 MAX 0.141717  PROXIES: TOTAL 33 MAXPE 5 MAXPATCH 7 RefineTorusLB MEM: 0.14257 MB
LDB: TIME 170.436 LOAD: AVG 0.061847 MAX 0.141717  PROXIES: TOTAL 33 MAXPE 5 MAXPATCH 7 RefineTorusLB MEM: 0.14257 MB
LDB: ============== END OF LOAD BALANCING =============== 170.436
Info: useSync: 0 useProxySync: 0
LDB: =============== DONE WITH MIGRATION ================ 170.436
LDB: ============= START OF LOAD BALANCING ============== 176.903
LDB: ============== END OF LOAD BALANCING =============== 176.903
Info: useSync: 0 useProxySync: 0
LDB: =============== DONE WITH MIGRATION ================ 176.903
LDB: ============= START OF LOAD BALANCING ============== 177.067
LDB: Largest compute 222 load 0.008559 is 13.8% of average load 0.061870
LDB: Average compute 0.002407 is 3.9% of average load 0.061870
LDB: TIME 177.067 LOAD: AVG 0.0618697 MAX 0.147073  PROXIES: TOTAL 28 MAXPE 3 MAXPATCH 5 None MEM: 0.14257 MB
LDB: TIME 177.067 LOAD: AVG 0.0618697 MAX 0.147073  PROXIES: TOTAL 33 MAXPE 5 MAXPATCH 7 RefineTorusLB MEM: 0.14257 MB
LDB: TIME 177.067 LOAD: AVG 0.0618697 MAX 0.147073  PROXIES: TOTAL 33 MAXPE 5 MAXPATCH 7 RefineTorusLB MEM: 0.14257 MB
LDB: ============== END OF LOAD BALANCING =============== 177.067
Info: useSync: 0 useProxySync: 0
LDB: =============== DONE WITH MIGRATION ================ 177.068
WRITING COORDINATES TO DCD FILE MD.dcd AT STEP 55000
PRESSURE: 55000 267.743 13.5161 -563.483 -17.6819 75.5128 63.6657 -432.625 13.6013 -232.838
GPRESSURE: 55000 227.114 133.289 -563.206 26.9516 149.213 -345.001 -476.642 -24.0841 -199.338
PRESSAVG: 55000 -375.971 -6.03111 -32.4201 -14.6422 -335.447 -34.5618 -142.187 -168.395 170.533
GPRESSAVG: 55000 -376.172 -6.06683 -32.3991 -14.4793 -335.535 -34.2449 -142.279 -168.775 170.227
ENERGY:   55000         0.0000         0.0000         0.0000         0.0000          -5612.4998       398.7047         0.0000         0.0000       990.9172          -4222.8780       314.8057     -5213.7951     -4220.7442       297.3976             36.8060        58.9963     22774.8499      -180.2951      -180.4931

LDB: ============= START OF LOAD BALANCING ============== 183.072
LDB: ============== END OF LOAD BALANCING =============== 183.072
Info: useSync: 0 useProxySync: 0
LDB: =============== DONE WITH MIGRATION ================ 183.073
LDB: ============= START OF LOAD BALANCING ============== 183.219
LDB: Largest compute 16 load 0.008359 is 13.7% of average load 0.061006
LDB: Average compute 0.002427 is 4.0% of average load 0.061006
LDB: TIME 183.219 LOAD: AVG 0.0610063 MAX 0.139705  PROXIES: TOTAL 28 MAXPE 3 MAXPATCH 5 None MEM: 0.14257 MB
LDB: TIME 183.219 LOAD: AVG 0.0610063 MAX 0.139705  PROXIES: TOTAL 33 MAXPE 5 MAXPATCH 7 RefineTorusLB MEM: 0.14257 MB
LDB: TIME 183.219 LOAD: AVG 0.0610063 MAX 0.139705  PROXIES: TOTAL 33 MAXPE 5 MAXPATCH 7 RefineTorusLB MEM: 0.14257 MB
LDB: Reverting to original mapping
LDB: ============== END OF LOAD BALANCING =============== 183.219
Info: useSync: 0 useProxySync: 0
LDB: =============== DONE WITH MIGRATION ================ 183.219
LDB: ============= START OF LOAD BALANCING ============== 189.15
LDB: ============== END OF LOAD BALANCING =============== 189.15
Info: useSync: 0 useProxySync: 0
LDB: =============== DONE WITH MIGRATION ================ 189.15
LDB: ============= START OF LOAD BALANCING ============== 189.295
LDB: Largest compute 17 load 0.008804 is 14.5% of average load 0.060909
LDB: Average compute 0.002429 is 4.0% of average load 0.060909
LDB: TIME 189.296 LOAD: AVG 0.0609087 MAX 0.13944  PROXIES: TOTAL 28 MAXPE 3 MAXPATCH 5 None MEM: 0.14257 MB
LDB: TIME 189.296 LOAD: AVG 0.0609087 MAX 0.13944  PROXIES: TOTAL 33 MAXPE 5 MAXPATCH 7 RefineTorusLB MEM: 0.14257 MB
LDB: TIME 189.296 LOAD: AVG 0.0609087 MAX 0.13944  PROXIES: TOTAL 33 MAXPE 5 MAXPATCH 7 RefineTorusLB MEM: 0.14257 MB
LDB: ============== END OF LOAD BALANCING =============== 189.296
Info: useSync: 0 useProxySync: 0
LDB: =============== DONE WITH MIGRATION ================ 189.296
PRESSURE: 60000 6.15693 522.194 -59.2401 327.308 -210.759 -590.116 360.056 -156.235 286.832
GPRESSURE: 60000 141.197 538.709 138.937 374.051 -471.562 -292.897 44.6771 -184.002 466.159
PRESSAVG: 60000 -334.936 29.5384 -15.6357 -37.2326 -350.546 8.41259 -122.261 -70.8433 83.4179
GPRESSAVG: 60000 -334.802 29.8601 -15.5119 -37.0162 -350.558 8.36359 -122.053 -70.5679 83.6058
ENERGY:   60000         0.0000         0.0000         0.0000         0.0000          -5607.9183       417.4940         0.0000         0.0000       910.3542          -4280.0701       289.2115     -5190.4243     -4278.8691       299.8189             27.4101        45.2648     22774.8499      -200.6881      -200.5845

WRITING COORDINATES TO DCD FILE MD.dcd AT STEP 60000
LDB: ============= START OF LOAD BALANCING ============== 205.148
LDB: ============== END OF LOAD BALANCING =============== 205.151
Info: useSync: 0 useProxySync: 0
LDB: =============== DONE WITH MIGRATION ================ 205.16
LDB: ============= START OF LOAD BALANCING ============== 205.579
LDB: Largest compute 18 load 0.022242 is 35.9% of average load 0.061994
LDB: Average compute 0.002358 is 3.8% of average load 0.061994
LDB: TIME 205.584 LOAD: AVG 0.0619938 MAX 0.133079  PROXIES: TOTAL 28 MAXPE 3 MAXPATCH 5 None MEM: 0.14257 MB
LDB: TIME 205.584 LOAD: AVG 0.0619938 MAX 0.133079  PROXIES: TOTAL 33 MAXPE 5 MAXPATCH 7 RefineTorusLB MEM: 0.14257 MB
LDB: TIME 205.584 LOAD: AVG 0.0619938 MAX 0.133079  PROXIES: TOTAL 33 MAXPE 5 MAXPATCH 7 RefineTorusLB MEM: 0.14257 MB
LDB: Reverting to original mapping
LDB: ============== END OF LOAD BALANCING =============== 205.589
Info: useSync: 0 useProxySync: 0
LDB: =============== DONE WITH MIGRATION ================ 205.637
LDB: ============= START OF LOAD BALANCING ============== 221.308
LDB: ============== END OF LOAD BALANCING =============== 221.311
Info: useSync: 0 useProxySync: 0
LDB: =============== DONE WITH MIGRATION ================ 221.324
LDB: ============= START OF LOAD BALANCING ============== 221.751
LDB: Largest compute 40 load 0.010818 is 17.0% of average load 0.063516
LDB: Average compute 0.002333 is 3.7% of average load 0.063516
LDB: TIME 221.756 LOAD: AVG 0.0635157 MAX 0.169731  PROXIES: TOTAL 28 MAXPE 3 MAXPATCH 5 None MEM: 0.14257 MB
LDB: TIME 221.756 LOAD: AVG 0.0635157 MAX 0.169731  PROXIES: TOTAL 33 MAXPE 5 MAXPATCH 7 RefineTorusLB MEM: 0.14257 MB
LDB: TIME 221.756 LOAD: AVG 0.0635157 MAX 0.169731  PROXIES: TOTAL 33 MAXPE 5 MAXPATCH 7 RefineTorusLB MEM: 0.14257 MB
LDB: ============== END OF LOAD BALANCING =============== 221.761
Info: useSync: 0 useProxySync: 0
LDB: =============== DONE WITH MIGRATION ================ 221.829
LDB: ============= START OF LOAD BALANCING ============== 237.584
LDB: ============== END OF LOAD BALANCING =============== 237.586
Info: useSync: 0 useProxySync: 0
LDB: =============== DONE WITH MIGRATION ================ 237.598
LDB: ============= START OF LOAD BALANCING ============== 237.978
LDB: Largest compute 32 load 0.011501 is 18.1% of average load 0.063472
LDB: Average compute 0.002406 is 3.8% of average load 0.063472
LDB: TIME 237.981 LOAD: AVG 0.0634716 MAX 0.156634  PROXIES: TOTAL 28 MAXPE 3 MAXPATCH 5 None MEM: 0.14257 MB
LDB: TIME 237.982 LOAD: AVG 0.0634716 MAX 0.156634  PROXIES: TOTAL 33 MAXPE 5 MAXPATCH 7 RefineTorusLB MEM: 0.14257 MB
LDB: TIME 237.982 LOAD: AVG 0.0634716 MAX 0.156634  PROXIES: TOTAL 33 MAXPE 5 MAXPATCH 7 RefineTorusLB MEM: 0.14257 MB
LDB: Reverting to original mapping
LDB: ============== END OF LOAD BALANCING =============== 237.988
Info: useSync: 0 useProxySync: 0
LDB: =============== DONE WITH MIGRATION ================ 238.037
WRITING COORDINATES TO DCD FILE MD.dcd AT STEP 65000
PRESSURE: 65000 400.819 -356.693 958.051 -208.883 312.93 -163.797 520.615 -449.13 -50.8902
GPRESSURE: 65000 547.099 -458.908 698.614 -94.0121 249.639 -324.264 460.526 -583.714 -68.8708
PRESSAVG: 65000 -285.096 52.3879 93.1002 -11.4661 -360.547 -88.3658 -104.661 9.49542 140.869
GPRESSAVG: 65000 -285.27 52.3327 93.257 -11.5671 -360.372 -88.7024 -104.451 9.8147 140.632
ENERGY:   65000         0.0000         0.0000         0.0000         0.0000          -5532.0500       407.8705         0.0000         0.0000       925.8021          -4198.3773       294.1192     -5124.1795     -4195.8782       298.3453            220.9530       242.6224     22774.8499      -168.2582      -168.3368

LDB: ============= START OF LOAD BALANCING ============== 249.735
LDB: ============== END OF LOAD BALANCING =============== 249.746
Info: useSync: 0 useProxySync: 0
LDB: =============== DONE WITH MIGRATION ================ 249.747
LDB: ============= START OF LOAD BALANCING ============== 249.888
LDB: Largest compute 221 load 0.007778 is 13.2% of average load 0.059097
LDB: Average compute 0.002363 is 4.0% of average load 0.059097
LDB: TIME 249.889 LOAD: AVG 0.0590973 MAX 0.135618  PROXIES: TOTAL 28 MAXPE 3 MAXPATCH 5 None MEM: 0.14257 MB
LDB: TIME 249.889 LOAD: AVG 0.0590973 MAX 0.135618  PROXIES: TOTAL 33 MAXPE 5 MAXPATCH 7 RefineTorusLB MEM: 0.14257 MB
LDB: TIME 249.889 LOAD: AVG 0.0590973 MAX 0.135618  PROXIES: TOTAL 33 MAXPE 5 MAXPATCH 7 RefineTorusLB MEM: 0.14257 MB
LDB: Reverting to original mapping
LDB: ============== END OF LOAD BALANCING =============== 249.889
Info: useSync: 0 useProxySync: 0
LDB: =============== DONE WITH MIGRATION ================ 249.889
LDB: ============= START OF LOAD BALANCING ============== 256.247
LDB: ============== END OF LOAD BALANCING =============== 256.247
Info: useSync: 0 useProxySync: 0
LDB: =============== DONE WITH MIGRATION ================ 256.247
LDB: ============= START OF LOAD BALANCING ============== 256.387
LDB: Largest compute 16 load 0.009032 is 15.0% of average load 0.060131
LDB: Average compute 0.002416 is 4.0% of average load 0.060131
LDB: TIME 256.387 LOAD: AVG 0.0601307 MAX 0.134299  PROXIES: TOTAL 28 MAXPE 3 MAXPATCH 5 None MEM: 0.14257 MB
LDB: TIME 256.387 LOAD: AVG 0.0601307 MAX 0.134299  PROXIES: TOTAL 33 MAXPE 5 MAXPATCH 7 RefineTorusLB MEM: 0.14257 MB
LDB: TIME 256.388 LOAD: AVG 0.0601307 MAX 0.134299  PROXIES: TOTAL 33 MAXPE 5 MAXPATCH 7 RefineTorusLB MEM: 0.14257 MB
LDB: Reverting to original mapping
LDB: ============== END OF LOAD BALANCING =============== 256.388
Info: useSync: 0 useProxySync: 0
LDB: =============== DONE WITH MIGRATION ================ 256.388
WRITING COORDINATES TO DCD FILE MD.dcd AT STEP 70000
PRESSURE: 70000 -1145.5 144.205 -52.0457 495.571 -396.391 -161.793 -437.365 -88.0182 -1467.95
GPRESSURE: 70000 -1035.27 457.575 56.8269 -30.9129 -402.27 175.382 -598.161 -351.964 -1467.39
PRESSAVG: 70000 -427.076 -22.7442 -31.4813 0.372196 -441.773 18.2897 -214.177 91.816 182.798
GPRESSAVG: 70000 -427.249 -22.7603 -31.8621 0.350075 -441.915 18.8188 -214.101 91.045 182.568
ENERGY:   70000         0.0000         0.0000         0.0000         0.0000          -5507.5372       323.3046         0.0000         0.0000       943.2327          -4240.9998       299.6568     -5184.2326     -4239.3408       300.6713          -1003.2819      -968.3083     22774.8499      -228.6838      -228.8654

LDB: ============= START OF LOAD BALANCING ============== 263.167
LDB: ============== END OF LOAD BALANCING =============== 263.167
Info: useSync: 0 useProxySync: 0
LDB: =============== DONE WITH MIGRATION ================ 263.167
LDB: ============= START OF LOAD BALANCING ============== 263.309
LDB: Largest compute 16 load 0.008480 is 14.3% of average load 0.059272
LDB: Average compute 0.002357 is 4.0% of average load 0.059272
LDB: TIME 263.309 LOAD: AVG 0.0592717 MAX 0.135989  PROXIES: TOTAL 28 MAXPE 3 MAXPATCH 5 None MEM: 0.14257 MB
LDB: TIME 263.309 LOAD: AVG 0.0592717 MAX 0.135989  PROXIES: TOTAL 33 MAXPE 5 MAXPATCH 7 RefineTorusLB MEM: 0.14257 MB
LDB: TIME 263.309 LOAD: AVG 0.0592717 MAX 0.135989  PROXIES: TOTAL 33 MAXPE 5 MAXPATCH 7 RefineTorusLB MEM: 0.14257 MB
LDB: ============== END OF LOAD BALANCING =============== 263.31
Info: useSync: 0 useProxySync: 0
LDB: =============== DONE WITH MIGRATION ================ 263.31
LDB: ============= START OF LOAD BALANCING ============== 268.894
LDB: ============== END OF LOAD BALANCING =============== 268.894
Info: useSync: 0 useProxySync: 0
LDB: =============== DONE WITH MIGRATION ================ 268.894
LDB: ============= START OF LOAD BALANCING ============== 269.037
LDB: Largest compute 220 load 0.008534 is 14.3% of average load 0.059788
LDB: Average compute 0.002384 is 4.0% of average load 0.059788
LDB: TIME 269.037 LOAD: AVG 0.0597878 MAX 0.136076  PROXIES: TOTAL 28 MAXPE 3 MAXPATCH 5 None MEM: 0.14257 MB
LDB: TIME 269.037 LOAD: AVG 0.0597878 MAX 0.136076  PROXIES: TOTAL 33 MAXPE 5 MAXPATCH 7 RefineTorusLB MEM: 0.14257 MB
LDB: TIME 269.037 LOAD: AVG 0.0597878 MAX 0.136076  PROXIES: TOTAL 33 MAXPE 5 MAXPATCH 7 RefineTorusLB MEM: 0.14257 MB
LDB: ============== END OF LOAD BALANCING =============== 269.037
Info: useSync: 0 useProxySync: 0
LDB: =============== DONE WITH MIGRATION ================ 269.038
LDB: ============= START OF LOAD BALANCING ============== 274.595
LDB: ============== END OF LOAD BALANCING =============== 274.596
Info: useSync: 0 useProxySync: 0
LDB: =============== DONE WITH MIGRATION ================ 274.596
LDB: ============= START OF LOAD BALANCING ============== 274.804
LDB: Largest compute 106 load 0.007909 is 12.0% of average load 0.065886
LDB: Average compute 0.002440 is 3.7% of average load 0.065886
LDB: TIME 274.804 LOAD: AVG 0.0658864 MAX 0.135697  PROXIES: TOTAL 28 MAXPE 3 MAXPATCH 5 None MEM: 0.14257 MB
LDB: TIME 274.805 LOAD: AVG 0.0658864 MAX 0.135697  PROXIES: TOTAL 33 MAXPE 5 MAXPATCH 7 RefineTorusLB MEM: 0.14257 MB
LDB: TIME 274.805 LOAD: AVG 0.0658864 MAX 0.135697  PROXIES: TOTAL 34 MAXPE 5 MAXPATCH 7 RefineTorusLB MEM: 0.14257 MB
LDB: Reverting to original mapping
LDB: ============== END OF LOAD BALANCING =============== 274.805
Info: useSync: 0 useProxySync: 0
LDB: =============== DONE WITH MIGRATION ================ 274.805
WRITING COORDINATES TO DCD FILE MD.dcd AT STEP 75000
PRESSURE: 75000 116.427 166.465 223.144 6.76979 -982.652 82.721 119.683 780.132 469.234
GPRESSURE: 75000 148.962 -109.911 454.335 119.505 -983.743 -100.659 -87.7605 859.061 540.036
PRESSAVG: 75000 -353.847 48.089 5.52257 53.7892 -321.608 -44.0626 -292.66 180.246 268.425
GPRESSAVG: 75000 -353.872 48.364 5.53337 53.7262 -321.562 -44.4168 -292.391 180.295 268.557
ENERGY:   75000         0.0000         0.0000         0.0000         0.0000          -5555.8705       374.5736         0.0000         0.0000       965.4440          -4215.8530       306.7131     -5181.2969     -4212.9586       296.4120           -132.3302       -98.2482     22774.8499      -135.6766      -135.6258

LDB: ============= START OF LOAD BALANCING ============== 280.422
LDB: ============== END OF LOAD BALANCING =============== 280.423
Info: useSync: 0 useProxySync: 0
LDB: =============== DONE WITH MIGRATION ================ 280.423
LDB: ============= START OF LOAD BALANCING ============== 280.568
LDB: Largest compute 221 load 0.008119 is 13.4% of average load 0.060447
LDB: Average compute 0.002402 is 4.0% of average load 0.060447
LDB: TIME 280.569 LOAD: AVG 0.0604472 MAX 0.139039  PROXIES: TOTAL 28 MAXPE 3 MAXPATCH 5 None MEM: 0.14257 MB
LDB: TIME 280.569 LOAD: AVG 0.0604472 MAX 0.139039  PROXIES: TOTAL 33 MAXPE 5 MAXPATCH 7 RefineTorusLB MEM: 0.14257 MB
LDB: TIME 280.569 LOAD: AVG 0.0604472 MAX 0.139039  PROXIES: TOTAL 33 MAXPE 5 MAXPATCH 7 RefineTorusLB MEM: 0.14257 MB
LDB: Reverting to original mapping
LDB: ============== END OF LOAD BALANCING =============== 280.569
Info: useSync: 0 useProxySync: 0
LDB: =============== DONE WITH MIGRATION ================ 280.569
LDB: ============= START OF LOAD BALANCING ============== 286.251
LDB: ============== END OF LOAD BALANCING =============== 286.251
Info: useSync: 0 useProxySync: 0
LDB: =============== DONE WITH MIGRATION ================ 286.251
LDB: ============= START OF LOAD BALANCING ============== 286.397
LDB: Largest compute 221 load 0.008559 is 14.0% of average load 0.061010
LDB: Average compute 0.002429 is 4.0% of average load 0.061010
LDB: TIME 286.397 LOAD: AVG 0.0610097 MAX 0.139547  PROXIES: TOTAL 28 MAXPE 3 MAXPATCH 5 None MEM: 0.14257 MB
LDB: TIME 286.398 LOAD: AVG 0.0610097 MAX 0.139547  PROXIES: TOTAL 33 MAXPE 5 MAXPATCH 7 RefineTorusLB MEM: 0.14257 MB
LDB: TIME 286.398 LOAD: AVG 0.0610097 MAX 0.139547  PROXIES: TOTAL 33 MAXPE 5 MAXPATCH 7 RefineTorusLB MEM: 0.14257 MB
LDB: ============== END OF LOAD BALANCING =============== 286.398
Info: useSync: 0 useProxySync: 0
LDB: =============== DONE WITH MIGRATION ================ 286.398
WRITING COORDINATES TO DCD FILE MD.dcd AT STEP 80000
PRESSURE: 80000 -1150.5 -20.5568 660.528 -188.707 -586.919 -47.639 764.917 164.304 -564.223
GPRESSURE: 80000 -957.297 398.368 446.105 -439.52 -637.318 120.623 848.766 -58.0171 -663.066
PRESSAVG: 80000 -440.853 9.95414 -72.2666 4.95381 -418.728 -0.750295 -267.552 226.334 79.4144
GPRESSAVG: 80000 -440.713 10.1387 -72.266 4.66469 -418.65 -0.566263 -267.611 226.413 79.1613
ENERGY:   80000         0.0000         0.0000         0.0000         0.0000          -5537.7697       345.6675         0.0000         0.0000       930.0779          -4262.0243       295.4776     -5192.1022     -4259.7590       298.2835           -767.2136      -752.5604     22774.8499      -260.0555      -260.0671

LDB: ============= START OF LOAD BALANCING ============== 292.064
LDB: ============== END OF LOAD BALANCING =============== 292.064
Info: useSync: 0 useProxySync: 0
LDB: =============== DONE WITH MIGRATION ================ 292.064
LDB: ============= START OF LOAD BALANCING ============== 292.209
LDB: Largest compute 220 load 0.008259 is 13.6% of average load 0.060775
LDB: Average compute 0.002422 is 4.0% of average load 0.060775
LDB: TIME 292.209 LOAD: AVG 0.0607746 MAX 0.13854  PROXIES: TOTAL 28 MAXPE 3 MAXPATCH 5 None MEM: 0.14257 MB
LDB: TIME 292.21 LOAD: AVG 0.0607746 MAX 0.13854  PROXIES: TOTAL 33 MAXPE 5 MAXPATCH 7 RefineTorusLB MEM: 0.14257 MB
LDB: TIME 292.21 LOAD: AVG 0.0607746 MAX 0.13854  PROXIES: TOTAL 33 MAXPE 5 MAXPATCH 7 RefineTorusLB MEM: 0.14257 MB
LDB: ============== END OF LOAD BALANCING =============== 292.21
Info: useSync: 0 useProxySync: 0
LDB: =============== DONE WITH MIGRATION ================ 292.21
LDB: ============= START OF LOAD BALANCING ============== 297.897
LDB: ============== END OF LOAD BALANCING =============== 297.897
Info: useSync: 0 useProxySync: 0
LDB: =============== DONE WITH MIGRATION ================ 297.897
LDB: ============= START OF LOAD BALANCING ============== 298.042
LDB: Largest compute 17 load 0.008853 is 14.6% of average load 0.060713
LDB: Average compute 0.002417 is 4.0% of average load 0.060713
LDB: TIME 298.042 LOAD: AVG 0.0607133 MAX 0.138551  PROXIES: TOTAL 28 MAXPE 3 MAXPATCH 5 None MEM: 0.14257 MB
LDB: TIME 298.042 LOAD: AVG 0.0607133 MAX 0.138551  PROXIES: TOTAL 33 MAXPE 5 MAXPATCH 7 RefineTorusLB MEM: 0.14257 MB
LDB: TIME 298.042 LOAD: AVG 0.0607133 MAX 0.138551  PROXIES: TOTAL 33 MAXPE 5 MAXPATCH 7 RefineTorusLB MEM: 0.14257 MB
LDB: Reverting to original mapping
LDB: ============== END OF LOAD BALANCING =============== 298.042
Info: useSync: 0 useProxySync: 0
LDB: =============== DONE WITH MIGRATION ================ 298.042
LDB: ============= START OF LOAD BALANCING ============== 303.731
LDB: ============== END OF LOAD BALANCING =============== 303.731
Info: useSync: 0 useProxySync: 0
LDB: =============== DONE WITH MIGRATION ================ 303.742
LDB: ============= START OF LOAD BALANCING ============== 303.887
LDB: Largest compute 16 load 0.009886 is 16.2% of average load 0.061015
LDB: Average compute 0.002434 is 4.0% of average load 0.061015
LDB: TIME 303.887 LOAD: AVG 0.0610149 MAX 0.138747  PROXIES: TOTAL 28 MAXPE 3 MAXPATCH 5 None MEM: 0.14257 MB
LDB: TIME 303.887 LOAD: AVG 0.0610149 MAX 0.138747  PROXIES: TOTAL 33 MAXPE 5 MAXPATCH 7 RefineTorusLB MEM: 0.14257 MB
LDB: TIME 303.887 LOAD: AVG 0.0610149 MAX 0.138747  PROXIES: TOTAL 33 MAXPE 5 MAXPATCH 7 RefineTorusLB MEM: 0.14257 MB
LDB: Reverting to original mapping
LDB: ============== END OF LOAD BALANCING =============== 303.887
Info: useSync: 0 useProxySync: 0
LDB: =============== DONE WITH MIGRATION ================ 303.887
WRITING COORDINATES TO DCD FILE MD.dcd AT STEP 85000
PRESSURE: 85000 -958.847 -469.961 -466.086 -207.917 -1267.11 -546.456 -68.2769 41.4477 1447.1
GPRESSURE: 85000 -843.137 -454.736 -603.146 -242.616 -1321.65 -759.802 -10.414 77.7698 1403.52
PRESSAVG: 85000 -293.823 -18.6113 -61.2075 -19.9794 -301.024 -72.3482 -295.74 225.495 246.744
GPRESSAVG: 85000 -293.855 -19.0709 -61.254 -19.8404 -300.996 -72.553 -295.403 225.716 246.662
ENERGY:   85000         0.0000         0.0000         0.0000         0.0000          -5577.9046       377.8788         0.0000         0.0000       916.9168          -4283.1089       291.2964     -5200.0258     -4279.9927       296.1527           -259.6197      -253.7557     22774.8499      -116.0343      -116.0629

LDB: ============= START OF LOAD BALANCING ============== 309.567
LDB: ============== END OF LOAD BALANCING =============== 309.568
Info: useSync: 0 useProxySync: 0
LDB: =============== DONE WITH MIGRATION ================ 309.568
LDB: ============= START OF LOAD BALANCING ============== 309.713
LDB: Largest compute 16 load 0.008885 is 14.6% of average load 0.061002
LDB: Average compute 0.002432 is 4.0% of average load 0.061002
LDB: TIME 309.713 LOAD: AVG 0.0610018 MAX 0.138624  PROXIES: TOTAL 28 MAXPE 3 MAXPATCH 5 None MEM: 0.14257 MB
LDB: TIME 309.713 LOAD: AVG 0.0610018 MAX 0.138624  PROXIES: TOTAL 33 MAXPE 5 MAXPATCH 7 RefineTorusLB MEM: 0.14257 MB
LDB: TIME 309.713 LOAD: AVG 0.0610018 MAX 0.138624  PROXIES: TOTAL 33 MAXPE 5 MAXPATCH 7 RefineTorusLB MEM: 0.14257 MB
LDB: ============== END OF LOAD BALANCING =============== 309.713
Info: useSync: 0 useProxySync: 0
LDB: =============== DONE WITH MIGRATION ================ 309.713
LDB: ============= START OF LOAD BALANCING ============== 315.408
LDB: ============== END OF LOAD BALANCING =============== 315.408
Info: useSync: 0 useProxySync: 0
LDB: =============== DONE WITH MIGRATION ================ 315.408
LDB: ============= START OF LOAD BALANCING ============== 315.554
LDB: Largest compute 16 load 0.008237 is 13.5% of average load 0.061079
LDB: Average compute 0.002437 is 4.0% of average load 0.061079
LDB: TIME 315.554 LOAD: AVG 0.0610793 MAX 0.138797  PROXIES: TOTAL 28 MAXPE 3 MAXPATCH 5 None MEM: 0.14257 MB
LDB: TIME 315.554 LOAD: AVG 0.0610793 MAX 0.138797  PROXIES: TOTAL 33 MAXPE 5 MAXPATCH 7 RefineTorusLB MEM: 0.14257 MB
LDB: TIME 315.554 LOAD: AVG 0.0610793 MAX 0.138797  PROXIES: TOTAL 33 MAXPE 5 MAXPATCH 7 RefineTorusLB MEM: 0.14257 MB
LDB: ============== END OF LOAD BALANCING =============== 315.554
Info: useSync: 0 useProxySync: 0
LDB: =============== DONE WITH MIGRATION ================ 315.554
PRESSURE: 90000 -40.2673 8.496 -257.156 -1.51156 -181.665 -184.586 -304.334 56.6775 696.943
GPRESSURE: 90000 -69.6371 -191.559 -158.854 143.1 -251.513 -168.374 -295.74 75.2724 874.643
PRESSAVG: 90000 -391.101 10.5086 -70.6496 28.9128 -302.321 1.15963 -303.867 251.961 369.002
GPRESSAVG: 90000 -390.658 10.8286 -70.7426 28.6463 -302.784 1.47144 -304.044 251.904 369.151
ENERGY:   90000         0.0000         0.0000         0.0000         0.0000          -5558.4702       402.0937         0.0000         0.0000       968.6696          -4187.7069       307.7378     -5156.3765     -4185.9019       298.6266            158.3369       184.4975     22774.8499      -108.1403      -108.0972

WRITING COORDINATES TO DCD FILE MD.dcd AT STEP 90000
LDB: ============= START OF LOAD BALANCING ============== 321.242
LDB: ============== END OF LOAD BALANCING =============== 321.242
Info: useSync: 0 useProxySync: 0
LDB: =============== DONE WITH MIGRATION ================ 321.243
LDB: ============= START OF LOAD BALANCING ============== 321.388
LDB: Largest compute 17 load 0.008451 is 13.8% of average load 0.061269
LDB: Average compute 0.002449 is 4.0% of average load 0.061269
LDB: TIME 321.388 LOAD: AVG 0.0612695 MAX 0.138886  PROXIES: TOTAL 28 MAXPE 3 MAXPATCH 5 None MEM: 0.14257 MB
LDB: TIME 321.388 LOAD: AVG 0.0612695 MAX 0.138886  PROXIES: TOTAL 33 MAXPE 5 MAXPATCH 7 RefineTorusLB MEM: 0.14257 MB
LDB: TIME 321.388 LOAD: AVG 0.0612695 MAX 0.138886  PROXIES: TOTAL 33 MAXPE 5 MAXPATCH 7 RefineTorusLB MEM: 0.14257 MB
LDB: Reverting to original mapping
LDB: ============== END OF LOAD BALANCING =============== 321.388
Info: useSync: 0 useProxySync: 0
LDB: =============== DONE WITH MIGRATION ================ 321.389
LDB: ============= START OF LOAD BALANCING ============== 327.106
LDB: ============== END OF LOAD BALANCING =============== 327.107
Info: useSync: 0 useProxySync: 0
LDB: =============== DONE WITH MIGRATION ================ 327.107
LDB: ============= START OF LOAD BALANCING ============== 327.253
LDB: Largest compute 17 load 0.008961 is 14.3% of average load 0.062592
LDB: Average compute 0.002508 is 4.0% of average load 0.062592
LDB: TIME 327.253 LOAD: AVG 0.0625916 MAX 0.139435  PROXIES: TOTAL 28 MAXPE 3 MAXPATCH 5 None MEM: 0.14257 MB
LDB: TIME 327.253 LOAD: AVG 0.0625916 MAX 0.139435  PROXIES: TOTAL 33 MAXPE 5 MAXPATCH 7 RefineTorusLB MEM: 0.14257 MB
LDB: TIME 327.253 LOAD: AVG 0.0625916 MAX 0.139435  PROXIES: TOTAL 33 MAXPE 5 MAXPATCH 7 RefineTorusLB MEM: 0.14257 MB
LDB: Reverting to original mapping
LDB: ============== END OF LOAD BALANCING =============== 327.253
Info: useSync: 0 useProxySync: 0
LDB: =============== DONE WITH MIGRATION ================ 327.253
LDB: ============= START OF LOAD BALANCING ============== 332.935
LDB: ============== END OF LOAD BALANCING =============== 332.935
Info: useSync: 0 useProxySync: 0
LDB: =============== DONE WITH MIGRATION ================ 332.935
LDB: ============= START OF LOAD BALANCING ============== 333.08
LDB: Largest compute 17 load 0.009100 is 14.6% of average load 0.062429
LDB: Average compute 0.002511 is 4.0% of average load 0.062429
LDB: TIME 333.081 LOAD: AVG 0.062429 MAX 0.139443  PROXIES: TOTAL 28 MAXPE 3 MAXPATCH 5 None MEM: 0.14257 MB
LDB: TIME 333.081 LOAD: AVG 0.062429 MAX 0.139443  PROXIES: TOTAL 33 MAXPE 5 MAXPATCH 7 RefineTorusLB MEM: 0.14257 MB
LDB: TIME 333.081 LOAD: AVG 0.062429 MAX 0.139443  PROXIES: TOTAL 33 MAXPE 5 MAXPATCH 7 RefineTorusLB MEM: 0.14257 MB
LDB: Reverting to original mapping
LDB: ============== END OF LOAD BALANCING =============== 333.081
Info: useSync: 0 useProxySync: 0
LDB: =============== DONE WITH MIGRATION ================ 333.081
WRITING COORDINATES TO DCD FILE MD.dcd AT STEP 95000
PRESSURE: 95000 -106.619 -417.103 -219.273 -467.573 -692.723 37.4405 -634.769 -341.656 -462.85
GPRESSURE: 95000 -173.626 -400.352 -168.399 -598.773 -743.316 117.081 -495.799 -298.997 -308.67
PRESSAVG: 95000 -360.057 20.2722 -23.2012 0.932991 -303.627 22.7318 -333.927 207.306 235.91
GPRESSAVG: 95000 -360.076 20.1211 -22.7374 0.550231 -303.614 22.8863 -333.606 206.831 236.035
ENERGY:   95000         0.0000         0.0000         0.0000         0.0000          -5582.0178       358.4088         0.0000         0.0000       928.3406          -4295.2685       294.9257     -5223.6091     -4293.3666       301.9775           -420.7305      -408.5376     22774.8499      -142.5912      -142.5517

LDB: ============= START OF LOAD BALANCING ============== 338.851
LDB: ============== END OF LOAD BALANCING =============== 338.851
Info: useSync: 0 useProxySync: 0
LDB: =============== DONE WITH MIGRATION ================ 338.852
LDB: ============= START OF LOAD BALANCING ============== 338.997
LDB: Largest compute 220 load 0.008571 is 13.8% of average load 0.062276
LDB: Average compute 0.002517 is 4.0% of average load 0.062276
LDB: TIME 338.997 LOAD: AVG 0.0622757 MAX 0.138982  PROXIES: TOTAL 28 MAXPE 3 MAXPATCH 5 None MEM: 0.14257 MB
LDB: TIME 338.997 LOAD: AVG 0.0622757 MAX 0.138982  PROXIES: TOTAL 33 MAXPE 5 MAXPATCH 7 RefineTorusLB MEM: 0.14257 MB
LDB: TIME 338.997 LOAD: AVG 0.0622757 MAX 0.138982  PROXIES: TOTAL 33 MAXPE 5 MAXPATCH 7 RefineTorusLB MEM: 0.14257 MB
LDB: Reverting to original mapping
LDB: ============== END OF LOAD BALANCING =============== 338.997
Info: useSync: 0 useProxySync: 0
LDB: =============== DONE WITH MIGRATION ================ 338.997
LDB: ============= START OF LOAD BALANCING ============== 344.67
LDB: ============== END OF LOAD BALANCING =============== 344.671
Info: useSync: 0 useProxySync: 0
LDB: =============== DONE WITH MIGRATION ================ 344.671
LDB: ============= START OF LOAD BALANCING ============== 344.817
LDB: Largest compute 16 load 0.008397 is 13.4% of average load 0.062535
LDB: Average compute 0.002528 is 4.0% of average load 0.062535
LDB: TIME 344.817 LOAD: AVG 0.0625355 MAX 0.139728  PROXIES: TOTAL 28 MAXPE 3 MAXPATCH 5 None MEM: 0.14257 MB
LDB: TIME 344.817 LOAD: AVG 0.0625355 MAX 0.139728  PROXIES: TOTAL 33 MAXPE 5 MAXPATCH 7 RefineTorusLB MEM: 0.14257 MB
LDB: TIME 344.817 LOAD: AVG 0.0625355 MAX 0.139728  PROXIES: TOTAL 33 MAXPE 5 MAXPATCH 7 RefineTorusLB MEM: 0.14257 MB
LDB: ============== END OF LOAD BALANCING =============== 344.817
Info: useSync: 0 useProxySync: 0
LDB: =============== DONE WITH MIGRATION ================ 344.817
WRITING COORDINATES TO DCD FILE MD.dcd AT STEP 100000
WRITING COORDINATES TO RESTART FILE AT STEP 100000
FINISHED WRITING RESTART COORDINATES
WRITING VELOCITIES TO RESTART FILE AT STEP 100000
FINISHED WRITING RESTART VELOCITIES
The last velocity output (seq=100000) takes 0.000 seconds, 0.143 MB of memory in use
PRESSURE: 100000 -642.416 -93.91 597.648 65.0256 -790.999 -23.4595 250.165 282.006 989.663
GPRESSURE: 100000 -556.165 -414.365 813.883 295.851 -728.582 -265.427 98.1018 71.3719 900.502
PRESSAVG: 100000 -386.834 27.6222 19.4253 -0.826367 -455.599 -4.67037 -320.338 107.279 287.216
GPRESSAVG: 100000 -386.368 27.9782 19.2532 -0.714032 -455.266 -4.43184 -320.66 107.531 287.084
TIMING: 100000  CPU: 331.469, 0.00363412/step  Wall: 338.419, 0.00372278/step, 0.206821 hours remaining, 0.142570 MB of memory in use.
PERFORMANCE: 100000  averaging 51.0623 ns/day, 0.0033841 sec/step with standard deviation 0.000478971
ETITLE:      TS           BOND          ANGLE          DIHED          IMPRP               ELECT            VDW       BOUNDARY           MISC        KINETIC               TOTAL           TEMP      POTENTIAL         TOTAL3        TEMPAVG            PRESSURE      GPRESSURE         VOLUME       PRESSAVG      GPRESSAVG

ENERGY:  100000         0.0000         0.0000         0.0000         0.0000          -5644.8335       407.8997         0.0000         0.0000       914.2029          -4322.7308       290.4342     -5236.9338     -4319.0913       294.5125           -147.9175      -128.0821     22774.8499      -185.0722      -184.8498

WRITING EXTENDED SYSTEM TO RESTART FILE AT STEP 100000
LDB: ============= START OF LOAD BALANCING ============== 350.493
LDB: ============== END OF LOAD BALANCING =============== 350.493
Info: useSync: 0 useProxySync: 0
LDB: =============== DONE WITH MIGRATION ================ 350.493
LDB: ============= START OF LOAD BALANCING ============== 350.639
LDB: Largest compute 16 load 0.008147 is 13.2% of average load 0.061841
LDB: Average compute 0.002494 is 4.0% of average load 0.061841
LDB: TIME 350.639 LOAD: AVG 0.0618411 MAX 0.139229  PROXIES: TOTAL 28 MAXPE 3 MAXPATCH 5 None MEM: 0.14257 MB
LDB: TIME 350.639 LOAD: AVG 0.0618411 MAX 0.139229  PROXIES: TOTAL 33 MAXPE 5 MAXPATCH 7 RefineTorusLB MEM: 0.14257 MB
LDB: TIME 350.639 LOAD: AVG 0.0618411 MAX 0.139229  PROXIES: TOTAL 33 MAXPE 5 MAXPATCH 7 RefineTorusLB MEM: 0.14257 MB
LDB: ============== END OF LOAD BALANCING =============== 350.639
Info: useSync: 0 useProxySync: 0
LDB: =============== DONE WITH MIGRATION ================ 350.64
LDB: ============= START OF LOAD BALANCING ============== 356.352
LDB: ============== END OF LOAD BALANCING =============== 356.352
Info: useSync: 0 useProxySync: 0
LDB: =============== DONE WITH MIGRATION ================ 356.352
LDB: ============= START OF LOAD BALANCING ============== 356.497
LDB: Largest compute 17 load 0.008101 is 13.1% of average load 0.061849
LDB: Average compute 0.002495 is 4.0% of average load 0.061849
LDB: TIME 356.498 LOAD: AVG 0.0618488 MAX 0.139396  PROXIES: TOTAL 28 MAXPE 3 MAXPATCH 5 None MEM: 0.14257 MB
LDB: TIME 356.498 LOAD: AVG 0.0618488 MAX 0.139396  PROXIES: TOTAL 33 MAXPE 5 MAXPATCH 7 RefineTorusLB MEM: 0.14257 MB
LDB: TIME 356.498 LOAD: AVG 0.0618488 MAX 0.139396  PROXIES: TOTAL 33 MAXPE 5 MAXPATCH 7 RefineTorusLB MEM: 0.14257 MB
LDB: ============== END OF LOAD BALANCING =============== 356.498
Info: useSync: 0 useProxySync: 0
LDB: =============== DONE WITH MIGRATION ================ 356.498
LDB: ============= START OF LOAD BALANCING ============== 362.175
LDB: ============== END OF LOAD BALANCING =============== 362.175
Info: useSync: 0 useProxySync: 0
LDB: =============== DONE WITH MIGRATION ================ 362.176
LDB: ============= START OF LOAD BALANCING ============== 362.321
LDB: Largest compute 220 load 0.008135 is 13.1% of average load 0.062321
LDB: Average compute 0.002518 is 4.0% of average load 0.062321
LDB: TIME 362.321 LOAD: AVG 0.0623213 MAX 0.139752  PROXIES: TOTAL 28 MAXPE 3 MAXPATCH 5 None MEM: 0.14257 MB
LDB: TIME 362.322 LOAD: AVG 0.0623213 MAX 0.139752  PROXIES: TOTAL 33 MAXPE 5 MAXPATCH 7 RefineTorusLB MEM: 0.14257 MB
LDB: TIME 362.322 LOAD: AVG 0.0623213 MAX 0.139752  PROXIES: TOTAL 33 MAXPE 5 MAXPATCH 7 RefineTorusLB MEM: 0.14257 MB
LDB: ============== END OF LOAD BALANCING =============== 362.322
Info: useSync: 0 useProxySync: 0
LDB: =============== DONE WITH MIGRATION ================ 362.322
WRITING COORDINATES TO DCD FILE MD.dcd AT STEP 105000
PRESSURE: 105000 -1539.74 114.353 -427.791 159.679 -317.1 -309.005 -594.822 -284.455 -450.298
GPRESSURE: 105000 -1816.28 213.328 -27.1078 -31.4992 -122.81 -523.901 -688.146 182.193 -368.868
PRESSAVG: 105000 -428.725 7.59167 -12.5812 -28.5604 -458.555 -39.0096 -334.294 50.069 272.173
GPRESSAVG: 105000 -428.639 7.00692 -12.3828 -28.2082 -458.646 -39.053 -333.947 50.0249 272.282
ENERGY:  105000         0.0000         0.0000         0.0000         0.0000          -5583.8936       351.3804         0.0000         0.0000       960.3056          -4272.2076       305.0807     -5232.5132     -4268.8758       296.1173           -769.0453      -769.3186     22774.8499      -205.0356      -205.0012

LDB: ============= START OF LOAD BALANCING ============== 367.998
LDB: ============== END OF LOAD BALANCING =============== 367.998
Info: useSync: 0 useProxySync: 0
LDB: =============== DONE WITH MIGRATION ================ 367.998
LDB: ============= START OF LOAD BALANCING ============== 368.144
LDB: Largest compute 221 load 0.008261 is 13.3% of average load 0.062100
LDB: Average compute 0.002504 is 4.0% of average load 0.062100
LDB: TIME 368.144 LOAD: AVG 0.0621003 MAX 0.139696  PROXIES: TOTAL 28 MAXPE 3 MAXPATCH 5 None MEM: 0.14257 MB
LDB: TIME 368.144 LOAD: AVG 0.0621003 MAX 0.139696  PROXIES: TOTAL 33 MAXPE 5 MAXPATCH 7 RefineTorusLB MEM: 0.14257 MB
LDB: TIME 368.144 LOAD: AVG 0.0621003 MAX 0.139696  PROXIES: TOTAL 33 MAXPE 5 MAXPATCH 7 RefineTorusLB MEM: 0.14257 MB
LDB: Reverting to original mapping
LDB: ============== END OF LOAD BALANCING =============== 368.144
Info: useSync: 0 useProxySync: 0
LDB: =============== DONE WITH MIGRATION ================ 368.144
LDB: ============= START OF LOAD BALANCING ============== 373.798
LDB: ============== END OF LOAD BALANCING =============== 373.798
Info: useSync: 0 useProxySync: 0
LDB: =============== DONE WITH MIGRATION ================ 373.81
LDB: ============= START OF LOAD BALANCING ============== 373.954
LDB: Largest compute 16 load 0.007970 is 12.9% of average load 0.061833
LDB: Average compute 0.002497 is 4.0% of average load 0.061833
LDB: TIME 373.954 LOAD: AVG 0.0618327 MAX 0.138737  PROXIES: TOTAL 28 MAXPE 3 MAXPATCH 5 None MEM: 0.14257 MB
LDB: TIME 373.954 LOAD: AVG 0.0618327 MAX 0.138737  PROXIES: TOTAL 33 MAXPE 5 MAXPATCH 7 RefineTorusLB MEM: 0.14257 MB
LDB: TIME 373.954 LOAD: AVG 0.0618327 MAX 0.138737  PROXIES: TOTAL 33 MAXPE 5 MAXPATCH 7 RefineTorusLB MEM: 0.14257 MB
LDB: Reverting to original mapping
LDB: ============== END OF LOAD BALANCING =============== 373.954
Info: useSync: 0 useProxySync: 0
LDB: =============== DONE WITH MIGRATION ================ 373.955
WRITING COORDINATES TO DCD FILE MD.dcd AT STEP 110000
PRESSURE: 110000 403.972 -330.269 760.801 -271.82 -1120.07 -207.109 -249.381 -235.956 1174.62
GPRESSURE: 110000 409.388 -421.711 716.098 -128.771 -1001.3 -146.512 -249.462 -127.799 1085.3
PRESSAVG: 110000 -405.93 -37.866 0.646231 13.2199 -334.94 -9.38116 -313.328 95.5901 389.066
GPRESSAVG: 110000 -405.907 -38.0135 1.03571 13.1353 -334.779 -9.37366 -313.323 95.526 388.943
ENERGY:  110000         0.0000         0.0000         0.0000         0.0000          -5642.1706       414.5331         0.0000         0.0000       973.2701          -4254.3675       309.1994     -5227.6376     -4251.7556       297.7016            152.8407       164.4612     22774.8499      -117.2681      -117.2475

LDB: ============= START OF LOAD BALANCING ============== 379.696
LDB: ============== END OF LOAD BALANCING =============== 379.696
Info: useSync: 0 useProxySync: 0
LDB: =============== DONE WITH MIGRATION ================ 379.697
LDB: ============= START OF LOAD BALANCING ============== 379.844
LDB: Largest compute 220 load 0.008659 is 14.0% of average load 0.061654
LDB: Average compute 0.002480 is 4.0% of average load 0.061654
LDB: TIME 379.844 LOAD: AVG 0.0616539 MAX 0.141042  PROXIES: TOTAL 28 MAXPE 3 MAXPATCH 5 None MEM: 0.14257 MB
LDB: TIME 379.844 LOAD: AVG 0.0616539 MAX 0.141042  PROXIES: TOTAL 33 MAXPE 5 MAXPATCH 7 RefineTorusLB MEM: 0.14257 MB
LDB: TIME 379.844 LOAD: AVG 0.0616539 MAX 0.141042  PROXIES: TOTAL 33 MAXPE 5 MAXPATCH 7 RefineTorusLB MEM: 0.14257 MB
LDB: ============== END OF LOAD BALANCING =============== 379.844
Info: useSync: 0 useProxySync: 0
LDB: =============== DONE WITH MIGRATION ================ 379.844
LDB: ============= START OF LOAD BALANCING ============== 385.627
LDB: ============== END OF LOAD BALANCING =============== 385.628
Info: useSync: 0 useProxySync: 0
LDB: =============== DONE WITH MIGRATION ================ 385.628
LDB: ============= START OF LOAD BALANCING ============== 385.775
LDB: Largest compute 220 load 0.008567 is 13.8% of average load 0.062185
LDB: Average compute 0.002503 is 4.0% of average load 0.062185
LDB: TIME 385.775 LOAD: AVG 0.0621848 MAX 0.141466  PROXIES: TOTAL 28 MAXPE 3 MAXPATCH 5 None MEM: 0.14257 MB
LDB: TIME 385.775 LOAD: AVG 0.0621848 MAX 0.141466  PROXIES: TOTAL 33 MAXPE 5 MAXPATCH 7 RefineTorusLB MEM: 0.14257 MB
LDB: TIME 385.775 LOAD: AVG 0.0621848 MAX 0.141466  PROXIES: TOTAL 33 MAXPE 5 MAXPATCH 7 RefineTorusLB MEM: 0.14257 MB
LDB: ============== END OF LOAD BALANCING =============== 385.776
Info: useSync: 0 useProxySync: 0
LDB: =============== DONE WITH MIGRATION ================ 385.777
LDB: ============= START OF LOAD BALANCING ============== 391.515
LDB: ============== END OF LOAD BALANCING =============== 391.515
Info: useSync: 0 useProxySync: 0
LDB: =============== DONE WITH MIGRATION ================ 391.515
LDB: ============= START OF LOAD BALANCING ============== 391.662
LDB: Largest compute 17 load 0.008814 is 14.3% of average load 0.061827
LDB: Average compute 0.002482 is 4.0% of average load 0.061827
LDB: TIME 391.663 LOAD: AVG 0.0618268 MAX 0.14177  PROXIES: TOTAL 28 MAXPE 3 MAXPATCH 5 None MEM: 0.14257 MB
LDB: TIME 391.663 LOAD: AVG 0.0618268 MAX 0.14177  PROXIES: TOTAL 33 MAXPE 5 MAXPATCH 7 RefineTorusLB MEM: 0.14257 MB
LDB: TIME 391.663 LOAD: AVG 0.0618268 MAX 0.14177  PROXIES: TOTAL 33 MAXPE 5 MAXPATCH 7 RefineTorusLB MEM: 0.14257 MB
LDB: ============== END OF LOAD BALANCING =============== 391.663
Info: useSync: 0 useProxySync: 0
LDB: =============== DONE WITH MIGRATION ================ 391.663
WRITING COORDINATES TO DCD FILE MD.dcd AT STEP 115000
PRESSURE: 115000 -676.261 -845.044 676.822 -360.581 153.338 142.421 237.656 831.589 -465.847
GPRESSURE: 115000 -527.15 -780.802 445.745 -117.314 56.2333 441.771 237.467 674.412 -444.743
PRESSAVG: 115000 -490.35 -23.2953 35.6656 -0.672405 -427.113 114.166 -245.929 162.905 272.524
GPRESSAVG: 115000 -490.231 -22.7442 35.801 -1.31804 -427.178 114.388 -245.88 163.24 272.471
ENERGY:  115000         0.0000         0.0000         0.0000         0.0000          -5639.8081       391.5955         0.0000         0.0000       956.9247          -4291.2879       304.0066     -5248.2126     -4289.2407       295.9051           -329.5898      -305.2198     22774.8499      -214.9798      -214.9795

LDB: ============= START OF LOAD BALANCING ============== 397.517
LDB: ============== END OF LOAD BALANCING =============== 397.517
Info: useSync: 0 useProxySync: 0
LDB: =============== DONE WITH MIGRATION ================ 397.517
LDB: ============= START OF LOAD BALANCING ============== 397.663
LDB: Largest compute 220 load 0.008567 is 14.1% of average load 0.060620
LDB: Average compute 0.002426 is 4.0% of average load 0.060620
LDB: TIME 397.664 LOAD: AVG 0.06062 MAX 0.140989  PROXIES: TOTAL 28 MAXPE 3 MAXPATCH 5 None MEM: 0.14257 MB
LDB: TIME 397.664 LOAD: AVG 0.06062 MAX 0.140989  PROXIES: TOTAL 33 MAXPE 5 MAXPATCH 7 RefineTorusLB MEM: 0.14257 MB
LDB: TIME 397.664 LOAD: AVG 0.06062 MAX 0.140989  PROXIES: TOTAL 33 MAXPE 5 MAXPATCH 7 RefineTorusLB MEM: 0.14257 MB
LDB: ============== END OF LOAD BALANCING =============== 397.664
Info: useSync: 0 useProxySync: 0
LDB: =============== DONE WITH MIGRATION ================ 397.664
LDB: ============= START OF LOAD BALANCING ============== 403.328
LDB: ============== END OF LOAD BALANCING =============== 403.328
Info: useSync: 0 useProxySync: 0
LDB: =============== DONE WITH MIGRATION ================ 403.328
LDB: ============= START OF LOAD BALANCING ============== 403.473
LDB: Largest compute 222 load 0.008903 is 14.5% of average load 0.061510
LDB: Average compute 0.002476 is 4.0% of average load 0.061510
LDB: TIME 403.473 LOAD: AVG 0.0615097 MAX 0.138499  PROXIES: TOTAL 28 MAXPE 3 MAXPATCH 5 None MEM: 0.14257 MB
LDB: TIME 403.473 LOAD: AVG 0.0615097 MAX 0.138499  PROXIES: TOTAL 33 MAXPE 5 MAXPATCH 7 RefineTorusLB MEM: 0.14257 MB
LDB: TIME 403.473 LOAD: AVG 0.0615097 MAX 0.138499  PROXIES: TOTAL 33 MAXPE 5 MAXPATCH 7 RefineTorusLB MEM: 0.14257 MB
LDB: Reverting to original mapping
LDB: ============== END OF LOAD BALANCING =============== 403.473
Info: useSync: 0 useProxySync: 0
LDB: =============== DONE WITH MIGRATION ================ 403.474
WRITING COORDINATES TO DCD FILE MD.dcd AT STEP 120000
PRESSURE: 120000 117.186 -84.0127 -477.667 -171.655 -523.989 -413.081 -594.734 -151.652 -323.953
GPRESSURE: 120000 88.3533 -116.644 -525.313 -216.874 -679.84 -422.028 -366.413 -15.9962 -79.3099
PRESSAVG: 120000 -321.136 -23.2181 -47.9521 -0.664308 -285.851 -78.9105 -280.318 204.24 436.266
GPRESSAVG: 120000 -320.863 -23.6912 -48.4317 -0.574841 -285.686 -78.8362 -280.257 203.287 436.265
ENERGY:  120000         0.0000         0.0000         0.0000         0.0000          -5586.3468       378.0003         0.0000         0.0000       931.9630          -4276.3836       296.0765     -5208.3466     -4273.9596       296.7232           -243.5853      -223.5989     22774.8499       -56.9070       -56.7615

LDB: ============= START OF LOAD BALANCING ============== 409.117
LDB: ============== END OF LOAD BALANCING =============== 409.117
Info: useSync: 0 useProxySync: 0
LDB: =============== DONE WITH MIGRATION ================ 409.118
LDB: ============= START OF LOAD BALANCING ============== 409.262
LDB: Largest compute 17 load 0.009293 is 15.2% of average load 0.061131
LDB: Average compute 0.002456 is 4.0% of average load 0.061131
LDB: TIME 409.262 LOAD: AVG 0.0611313 MAX 0.138294  PROXIES: TOTAL 28 MAXPE 3 MAXPATCH 5 None MEM: 0.14257 MB
LDB: TIME 409.262 LOAD: AVG 0.0611313 MAX 0.138294  PROXIES: TOTAL 33 MAXPE 5 MAXPATCH 7 RefineTorusLB MEM: 0.14257 MB
LDB: TIME 409.262 LOAD: AVG 0.0611313 MAX 0.138294  PROXIES: TOTAL 33 MAXPE 5 MAXPATCH 7 RefineTorusLB MEM: 0.14257 MB
LDB: Reverting to original mapping
LDB: ============== END OF LOAD BALANCING =============== 409.262
Info: useSync: 0 useProxySync: 0
LDB: =============== DONE WITH MIGRATION ================ 409.263
LDB: ============= START OF LOAD BALANCING ============== 414.888
LDB: ============== END OF LOAD BALANCING =============== 414.888
Info: useSync: 0 useProxySync: 0
LDB: =============== DONE WITH MIGRATION ================ 414.888
LDB: ============= START OF LOAD BALANCING ============== 415.032
LDB: Largest compute 219 load 0.008535 is 13.9% of average load 0.061316
LDB: Average compute 0.002472 is 4.0% of average load 0.061316
LDB: TIME 415.032 LOAD: AVG 0.061316 MAX 0.137952  PROXIES: TOTAL 28 MAXPE 3 MAXPATCH 5 None MEM: 0.14257 MB
LDB: TIME 415.032 LOAD: AVG 0.061316 MAX 0.137952  PROXIES: TOTAL 33 MAXPE 5 MAXPATCH 7 RefineTorusLB MEM: 0.14257 MB
LDB: TIME 415.032 LOAD: AVG 0.061316 MAX 0.137952  PROXIES: TOTAL 33 MAXPE 5 MAXPATCH 7 RefineTorusLB MEM: 0.14257 MB
LDB: ============== END OF LOAD BALANCING =============== 415.032
Info: useSync: 0 useProxySync: 0
LDB: =============== DONE WITH MIGRATION ================ 415.032
LDB: ============= START OF LOAD BALANCING ============== 420.666
LDB: ============== END OF LOAD BALANCING =============== 420.666
Info: useSync: 0 useProxySync: 0
LDB: =============== DONE WITH MIGRATION ================ 420.666
LDB: ============= START OF LOAD BALANCING ============== 420.811
LDB: Largest compute 17 load 0.008777 is 14.2% of average load 0.061791
LDB: Average compute 0.002492 is 4.0% of average load 0.061791
LDB: TIME 420.811 LOAD: AVG 0.061791 MAX 0.139123  PROXIES: TOTAL 28 MAXPE 3 MAXPATCH 5 None MEM: 0.14257 MB
LDB: TIME 420.811 LOAD: AVG 0.061791 MAX 0.139123  PROXIES: TOTAL 33 MAXPE 5 MAXPATCH 7 RefineTorusLB MEM: 0.14257 MB
LDB: TIME 420.811 LOAD: AVG 0.061791 MAX 0.139123  PROXIES: TOTAL 33 MAXPE 5 MAXPATCH 7 RefineTorusLB MEM: 0.14257 MB
LDB: Reverting to original mapping
LDB: ============== END OF LOAD BALANCING =============== 420.811
Info: useSync: 0 useProxySync: 0
LDB: =============== DONE WITH MIGRATION ================ 420.812
WRITING COORDINATES TO DCD FILE MD.dcd AT STEP 125000
PRESSURE: 125000 -322.656 -208.833 390.868 -729.735 -891.739 -134.076 112.534 -396.151 469.064
GPRESSURE: 125000 -459.62 -95.264 261.611 -698.471 -842.738 257.937 394.094 -862.549 598.691
PRESSAVG: 125000 -483.603 -21.5239 45.1926 8.60777 -315.068 -12.8995 -260.009 178.98 381.476
GPRESSAVG: 125000 -483.821 -21.5712 45.854 8.24583 -315.181 -12.7641 -260.127 179.208 381.684
ENERGY:  125000         0.0000         0.0000         0.0000         0.0000          -5610.6296       384.2562         0.0000         0.0000       945.8404          -4280.5330       300.4852     -5226.3734     -4278.0323       296.9816           -248.4438      -234.5556     22774.8499      -139.0650      -139.1060

LDB: ============= START OF LOAD BALANCING ============== 426.451
LDB: ============== END OF LOAD BALANCING =============== 426.451
Info: useSync: 0 useProxySync: 0
LDB: =============== DONE WITH MIGRATION ================ 426.451
LDB: ============= START OF LOAD BALANCING ============== 426.596
LDB: Largest compute 17 load 0.009149 is 14.8% of average load 0.061989
LDB: Average compute 0.002498 is 4.0% of average load 0.061989
LDB: TIME 426.597 LOAD: AVG 0.0619894 MAX 0.139337  PROXIES: TOTAL 28 MAXPE 3 MAXPATCH 5 None MEM: 0.14257 MB
LDB: TIME 426.597 LOAD: AVG 0.0619894 MAX 0.139337  PROXIES: TOTAL 33 MAXPE 5 MAXPATCH 7 RefineTorusLB MEM: 0.14257 MB
LDB: TIME 426.597 LOAD: AVG 0.0619894 MAX 0.139337  PROXIES: TOTAL 33 MAXPE 5 MAXPATCH 7 RefineTorusLB MEM: 0.14257 MB
LDB: ============== END OF LOAD BALANCING =============== 426.597
Info: useSync: 0 useProxySync: 0
LDB: =============== DONE WITH MIGRATION ================ 426.597
LDB: ============= START OF LOAD BALANCING ============== 433.023
LDB: ============== END OF LOAD BALANCING =============== 433.023
Info: useSync: 0 useProxySync: 0
LDB: =============== DONE WITH MIGRATION ================ 433.023
LDB: ============= START OF LOAD BALANCING ============== 433.166
LDB: Largest compute 221 load 0.008398 is 14.2% of average load 0.059334
LDB: Average compute 0.002369 is 4.0% of average load 0.059334
LDB: TIME 433.166 LOAD: AVG 0.0593342 MAX 0.136823  PROXIES: TOTAL 28 MAXPE 3 MAXPATCH 5 None MEM: 0.14257 MB
LDB: TIME 433.166 LOAD: AVG 0.0593342 MAX 0.136823  PROXIES: TOTAL 33 MAXPE 5 MAXPATCH 7 RefineTorusLB MEM: 0.14257 MB
LDB: TIME 433.166 LOAD: AVG 0.0593342 MAX 0.136823  PROXIES: TOTAL 33 MAXPE 5 MAXPATCH 7 RefineTorusLB MEM: 0.14257 MB
LDB: Reverting to original mapping
LDB: ============== END OF LOAD BALANCING =============== 433.166
Info: useSync: 0 useProxySync: 0
LDB: =============== DONE WITH MIGRATION ================ 433.167
WRITING COORDINATES TO DCD FILE MD.dcd AT STEP 130000
PRESSURE: 130000 -642.911 380.002 151.686 -80.9452 -529.633 -126.54 -236.761 -267.45 1377
GPRESSURE: 130000 -666.958 363.496 116.601 -99.9676 -484.261 -53.2737 -351.665 -345.514 1391.59
PRESSAVG: 130000 -378.701 23.5931 13.4508 66.9794 -462.263 2.20598 -221.178 66.9073 395.198
GPRESSAVG: 130000 -378.596 24.2324 13.3252 66.792 -462.014 2.24914 -221.161 67.1961 394.922
ENERGY:  130000         0.0000         0.0000         0.0000         0.0000          -5572.1587       387.2473         0.0000         0.0000       939.3318          -4245.5796       298.4175     -5184.9114     -4242.9749       296.8950             68.1503        80.1244     22774.8499      -148.5886      -148.5626

LDB: ============= START OF LOAD BALANCING ============== 438.885
LDB: ============== END OF LOAD BALANCING =============== 438.885
Info: useSync: 0 useProxySync: 0
LDB: =============== DONE WITH MIGRATION ================ 438.885
LDB: ============= START OF LOAD BALANCING ============== 439.032
LDB: Largest compute 16 load 0.008085 is 13.2% of average load 0.061178
LDB: Average compute 0.002452 is 4.0% of average load 0.061178
LDB: TIME 439.032 LOAD: AVG 0.0611784 MAX 0.140498  PROXIES: TOTAL 28 MAXPE 3 MAXPATCH 5 None MEM: 0.14257 MB
LDB: TIME 439.032 LOAD: AVG 0.0611784 MAX 0.140498  PROXIES: TOTAL 33 MAXPE 5 MAXPATCH 7 RefineTorusLB MEM: 0.14257 MB
LDB: TIME 439.032 LOAD: AVG 0.0611784 MAX 0.140498  PROXIES: TOTAL 33 MAXPE 5 MAXPATCH 7 RefineTorusLB MEM: 0.14257 MB
LDB: ============== END OF LOAD BALANCING =============== 439.032
Info: useSync: 0 useProxySync: 0
LDB: =============== DONE WITH MIGRATION ================ 439.033
LDB: ============= START OF LOAD BALANCING ============== 444.77
LDB: ============== END OF LOAD BALANCING =============== 444.77
Info: useSync: 0 useProxySync: 0
LDB: =============== DONE WITH MIGRATION ================ 444.77
LDB: ============= START OF LOAD BALANCING ============== 444.917
LDB: Largest compute 221 load 0.007899 is 13.0% of average load 0.060932
LDB: Average compute 0.002436 is 4.0% of average load 0.060932
LDB: TIME 444.917 LOAD: AVG 0.0609323 MAX 0.140303  PROXIES: TOTAL 28 MAXPE 3 MAXPATCH 5 None MEM: 0.14257 MB
LDB: TIME 444.917 LOAD: AVG 0.0609323 MAX 0.140303  PROXIES: TOTAL 33 MAXPE 5 MAXPATCH 7 RefineTorusLB MEM: 0.14257 MB
LDB: TIME 444.917 LOAD: AVG 0.0609323 MAX 0.140303  PROXIES: TOTAL 33 MAXPE 5 MAXPATCH 7 RefineTorusLB MEM: 0.14257 MB
LDB: Reverting to original mapping
LDB: ============== END OF LOAD BALANCING =============== 444.917
Info: useSync: 0 useProxySync: 0
LDB: =============== DONE WITH MIGRATION ================ 444.917
LDB: ============= START OF LOAD BALANCING ============== 450.646
LDB: ============== END OF LOAD BALANCING =============== 450.646
Info: useSync: 0 useProxySync: 0
LDB: =============== DONE WITH MIGRATION ================ 450.646
LDB: ============= START OF LOAD BALANCING ============== 450.792
LDB: Largest compute 239 load 0.007768 is 12.8% of average load 0.060653
LDB: Average compute 0.002425 is 4.0% of average load 0.060653
LDB: TIME 450.793 LOAD: AVG 0.0606534 MAX 0.140067  PROXIES: TOTAL 28 MAXPE 3 MAXPATCH 5 None MEM: 0.14257 MB
LDB: TIME 450.793 LOAD: AVG 0.0606534 MAX 0.140067  PROXIES: TOTAL 33 MAXPE 5 MAXPATCH 7 RefineTorusLB MEM: 0.14257 MB
LDB: TIME 450.793 LOAD: AVG 0.0606534 MAX 0.140067  PROXIES: TOTAL 33 MAXPE 5 MAXPATCH 7 RefineTorusLB MEM: 0.14257 MB
LDB: Reverting to original mapping
LDB: ============== END OF LOAD BALANCING =============== 450.793
Info: useSync: 0 useProxySync: 0
LDB: =============== DONE WITH MIGRATION ================ 450.793
WRITING COORDINATES TO DCD FILE MD.dcd AT STEP 135000
PRESSURE: 135000 -358.762 93.0358 -208.071 -2.32556 -743.648 249.463 -323.974 85.7149 -564.019
GPRESSURE: 135000 -497.365 -187.613 -292.912 -48.411 -650.858 411.406 -508.56 54.2204 -446.33
PRESSAVG: 135000 -433.096 34.348 1.50888 5.38831 -419.184 -14.7955 -190.731 67.9738 484.567
GPRESSAVG: 135000 -433.417 33.7543 1.4992 6.02002 -419.199 -14.7772 -190.526 67.7685 484.704
ENERGY:  135000         0.0000         0.0000         0.0000         0.0000          -5592.0631       366.1414         0.0000         0.0000       934.1010          -4291.8207       296.7557     -5225.9217     -4290.3625       299.2221           -555.4762      -531.5176     22774.8499      -122.5710      -122.6373

LDB: ============= START OF LOAD BALANCING ============== 456.558
LDB: ============== END OF LOAD BALANCING =============== 456.558
Info: useSync: 0 useProxySync: 0
LDB: =============== DONE WITH MIGRATION ================ 456.558
LDB: ============= START OF LOAD BALANCING ============== 456.71
LDB: Largest compute 220 load 0.009702 is 15.8% of average load 0.061477
LDB: Average compute 0.002458 is 4.0% of average load 0.061477
LDB: TIME 456.71 LOAD: AVG 0.0614771 MAX 0.141329  PROXIES: TOTAL 28 MAXPE 3 MAXPATCH 5 None MEM: 0.14257 MB
LDB: TIME 456.71 LOAD: AVG 0.0614771 MAX 0.141329  PROXIES: TOTAL 33 MAXPE 5 MAXPATCH 7 RefineTorusLB MEM: 0.14257 MB
LDB: TIME 456.71 LOAD: AVG 0.0614771 MAX 0.141329  PROXIES: TOTAL 33 MAXPE 5 MAXPATCH 7 RefineTorusLB MEM: 0.14257 MB
LDB: ============== END OF LOAD BALANCING =============== 456.71
Info: useSync: 0 useProxySync: 0
LDB: =============== DONE WITH MIGRATION ================ 456.71
LDB: ============= START OF LOAD BALANCING ============== 462.433
LDB: ============== END OF LOAD BALANCING =============== 462.433
Info: useSync: 0 useProxySync: 0
LDB: =============== DONE WITH MIGRATION ================ 462.439
LDB: ============= START OF LOAD BALANCING ============== 462.585
LDB: Largest compute 221 load 0.008130 is 13.4% of average load 0.060874
LDB: Average compute 0.002441 is 4.0% of average load 0.060874
LDB: TIME 462.585 LOAD: AVG 0.0608739 MAX 0.140655  PROXIES: TOTAL 28 MAXPE 3 MAXPATCH 5 None MEM: 0.14257 MB
LDB: TIME 462.585 LOAD: AVG 0.0608739 MAX 0.140655  PROXIES: TOTAL 33 MAXPE 5 MAXPATCH 7 RefineTorusLB MEM: 0.14257 MB
LDB: TIME 462.585 LOAD: AVG 0.0608739 MAX 0.140655  PROXIES: TOTAL 33 MAXPE 5 MAXPATCH 7 RefineTorusLB MEM: 0.14257 MB
LDB: Reverting to original mapping
LDB: ============== END OF LOAD BALANCING =============== 462.585
Info: useSync: 0 useProxySync: 0
LDB: =============== DONE WITH MIGRATION ================ 462.586
WRITING COORDINATES TO DCD FILE MD.dcd AT STEP 140000
PRESSURE: 140000 -616.796 -172.747 19.4826 44.3437 -211.884 -763.295 -360.513 -589.878 711.516
GPRESSURE: 140000 -666.592 -119.137 -88.0478 291.877 -216.249 -575.622 -526.646 -793.817 788.032
PRESSAVG: 140000 -358.923 -33.8476 -11.6228 -50.9198 -372.26 -38.0428 -305.512 34.4931 617.121
GPRESSAVG: 140000 -358.751 -33.9951 -11.8145 -50.77 -372.387 -37.8374 -305.341 34.2743 616.946
ENERGY:  140000         0.0000         0.0000         0.0000         0.0000          -5583.1174       391.4055         0.0000         0.0000       923.8356          -4267.8763       293.4944     -5191.7119     -4266.2791       298.0918            -39.0543       -31.6027     22774.8499       -38.0208       -38.0642

LDB: ============= START OF LOAD BALANCING ============== 468.275
LDB: ============== END OF LOAD BALANCING =============== 468.276
Info: useSync: 0 useProxySync: 0
LDB: =============== DONE WITH MIGRATION ================ 468.277
LDB: ============= START OF LOAD BALANCING ============== 468.423
LDB: Largest compute 17 load 0.008875 is 14.6% of average load 0.060922
LDB: Average compute 0.002422 is 4.0% of average load 0.060922
LDB: TIME 468.429 LOAD: AVG 0.0609216 MAX 0.140486  PROXIES: TOTAL 28 MAXPE 3 MAXPATCH 5 None MEM: 0.14257 MB
LDB: TIME 468.429 LOAD: AVG 0.0609216 MAX 0.140486  PROXIES: TOTAL 33 MAXPE 5 MAXPATCH 7 RefineTorusLB MEM: 0.14257 MB
LDB: TIME 468.429 LOAD: AVG 0.0609216 MAX 0.140486  PROXIES: TOTAL 33 MAXPE 5 MAXPATCH 7 RefineTorusLB MEM: 0.14257 MB
LDB: Reverting to original mapping
LDB: ============== END OF LOAD BALANCING =============== 468.432
Info: useSync: 0 useProxySync: 0
LDB: =============== DONE WITH MIGRATION ================ 468.436
LDB: ============= START OF LOAD BALANCING ============== 474.137
LDB: ============== END OF LOAD BALANCING =============== 474.137
Info: useSync: 0 useProxySync: 0
LDB: =============== DONE WITH MIGRATION ================ 474.137
LDB: ============= START OF LOAD BALANCING ============== 474.283
LDB: Largest compute 17 load 0.009045 is 14.8% of average load 0.060922
LDB: Average compute 0.002420 is 4.0% of average load 0.060922
LDB: TIME 474.293 LOAD: AVG 0.0609221 MAX 0.140455  PROXIES: TOTAL 28 MAXPE 3 MAXPATCH 5 None MEM: 0.14257 MB
LDB: TIME 474.294 LOAD: AVG 0.0609221 MAX 0.140455  PROXIES: TOTAL 33 MAXPE 5 MAXPATCH 7 RefineTorusLB MEM: 0.14257 MB
LDB: TIME 474.294 LOAD: AVG 0.0609221 MAX 0.140455  PROXIES: TOTAL 33 MAXPE 5 MAXPATCH 7 RefineTorusLB MEM: 0.14257 MB
LDB: Reverting to original mapping
LDB: ============== END OF LOAD BALANCING =============== 474.295
Info: useSync: 0 useProxySync: 0
LDB: =============== DONE WITH MIGRATION ================ 474.296
LDB: ============= START OF LOAD BALANCING ============== 480.034
LDB: ============== END OF LOAD BALANCING =============== 480.034
Info: useSync: 0 useProxySync: 0
LDB: =============== DONE WITH MIGRATION ================ 480.034
LDB: ============= START OF LOAD BALANCING ============== 480.182
LDB: Largest compute 219 load 0.010217 is 16.7% of average load 0.061117
LDB: Average compute 0.002432 is 4.0% of average load 0.061117
LDB: TIME 480.182 LOAD: AVG 0.0611174 MAX 0.14096  PROXIES: TOTAL 28 MAXPE 3 MAXPATCH 5 None MEM: 0.14257 MB
LDB: TIME 480.182 LOAD: AVG 0.0611174 MAX 0.14096  PROXIES: TOTAL 33 MAXPE 5 MAXPATCH 7 RefineTorusLB MEM: 0.14257 MB
LDB: TIME 480.182 LOAD: AVG 0.0611174 MAX 0.14096  PROXIES: TOTAL 33 MAXPE 5 MAXPATCH 7 RefineTorusLB MEM: 0.14257 MB
LDB: Reverting to original mapping
LDB: ============== END OF LOAD BALANCING =============== 480.182
Info: useSync: 0 useProxySync: 0
LDB: =============== DONE WITH MIGRATION ================ 480.182
WRITING COORDINATES TO DCD FILE MD.dcd AT STEP 145000
PRESSURE: 145000 -336.577 -438.448 523.328 -397.861 -98.1299 -452.226 -19.5746 -403.857 525.923
GPRESSURE: 145000 -222.587 -491.296 312.206 -411.078 -192.97 -43.8632 342.071 -406.531 554.722
PRESSAVG: 145000 -530.591 -26.5693 -11.1196 3.07329 -435.805 -11.2425 -324.938 34.5673 464.247
GPRESSAVG: 145000 -530.566 -26.7639 -11.0859 2.96776 -435.896 -10.6302 -325.103 34.5476 464.208
ENERGY:  145000         0.0000         0.0000         0.0000         0.0000          -5634.9749       410.1760         0.0000         0.0000       948.6191          -4276.1798       301.3680     -5224.7989     -4272.9234       295.0215             30.4054        46.3882     22774.8499      -167.3829      -167.4183

LDB: ============= START OF LOAD BALANCING ============== 485.926
LDB: ============== END OF LOAD BALANCING =============== 485.927
Info: useSync: 0 useProxySync: 0
LDB: =============== DONE WITH MIGRATION ================ 485.938
LDB: ============= START OF LOAD BALANCING ============== 486.084
LDB: Largest compute 17 load 0.008429 is 13.7% of average load 0.061310
LDB: Average compute 0.002449 is 4.0% of average load 0.061310
LDB: TIME 486.084 LOAD: AVG 0.0613102 MAX 0.140147  PROXIES: TOTAL 28 MAXPE 3 MAXPATCH 5 None MEM: 0.14257 MB
LDB: TIME 486.084 LOAD: AVG 0.0613102 MAX 0.140147  PROXIES: TOTAL 33 MAXPE 5 MAXPATCH 7 RefineTorusLB MEM: 0.14257 MB
LDB: TIME 486.085 LOAD: AVG 0.0613102 MAX 0.140147  PROXIES: TOTAL 33 MAXPE 5 MAXPATCH 7 RefineTorusLB MEM: 0.14257 MB
LDB: Reverting to original mapping
LDB: ============== END OF LOAD BALANCING =============== 486.085
Info: useSync: 0 useProxySync: 0
LDB: =============== DONE WITH MIGRATION ================ 486.085
LDB: ============= START OF LOAD BALANCING ============== 491.858
LDB: ============== END OF LOAD BALANCING =============== 491.858
Info: useSync: 0 useProxySync: 0
LDB: =============== DONE WITH MIGRATION ================ 491.858
LDB: ============= START OF LOAD BALANCING ============== 492.005
LDB: Largest compute 17 load 0.009253 is 15.2% of average load 0.060777
LDB: Average compute 0.002417 is 4.0% of average load 0.060777
LDB: TIME 492.006 LOAD: AVG 0.0607766 MAX 0.140688  PROXIES: TOTAL 28 MAXPE 3 MAXPATCH 5 None MEM: 0.14257 MB
LDB: TIME 492.006 LOAD: AVG 0.0607766 MAX 0.140688  PROXIES: TOTAL 33 MAXPE 5 MAXPATCH 7 RefineTorusLB MEM: 0.14257 MB
LDB: TIME 492.006 LOAD: AVG 0.0607766 MAX 0.140688  PROXIES: TOTAL 33 MAXPE 5 MAXPATCH 7 RefineTorusLB MEM: 0.14257 MB
LDB: Reverting to original mapping
LDB: ============== END OF LOAD BALANCING =============== 492.006
Info: useSync: 0 useProxySync: 0
LDB: =============== DONE WITH MIGRATION ================ 492.006
WRITING COORDINATES TO DCD FILE MD.dcd AT STEP 150000
WRITING COORDINATES TO RESTART FILE AT STEP 150000
FINISHED WRITING RESTART COORDINATES
WRITING VELOCITIES TO RESTART FILE AT STEP 150000
FINISHED WRITING RESTART VELOCITIES
The last velocity output (seq=150000) takes 0.000 seconds, 0.143 MB of memory in use
PRESSURE: 150000 -1040.6 -237.864 -532.528 -65.8036 -367.791 360.124 -1235.9 43.7408 701.771
GPRESSURE: 150000 -1041.27 -140.303 -161.315 -250.331 -325.546 709.048 -1258.56 -166.939 704.301
PRESSAVG: 150000 -537.673 -21.4719 -19.6017 -24.6115 -422.432 -15.1377 -204.117 59.4805 355.186
GPRESSAVG: 150000 -538.021 -21.8117 -19.583 -24.8905 -422.518 -15.5717 -204.298 59.7804 355.709
TIMING: 150000  CPU: 478.352, 0.00293767/step  Wall: 485.695, 0.00294553/step, 0.12273 hours remaining, 0.142570 MB of memory in use.
PERFORMANCE: 150000  averaging 53.3678 ns/day, 0.00323791 sec/step with standard deviation 0.000422874
ETITLE:      TS           BOND          ANGLE          DIHED          IMPRP               ELECT            VDW       BOUNDARY           MISC        KINETIC               TOTAL           TEMP      POTENTIAL         TOTAL3        TEMPAVG            PRESSURE      GPRESSURE         VOLUME       PRESSAVG      GPRESSAVG

ENERGY:  150000         0.0000         0.0000         0.0000         0.0000          -5592.1345       377.8124         0.0000         0.0000       958.4465          -4255.8756       304.4900     -5214.3221     -4253.6900       297.4155           -235.5394      -220.8370     22774.8499      -201.6395      -201.6101

WRITING EXTENDED SYSTEM TO RESTART FILE AT STEP 150000
LDB: ============= START OF LOAD BALANCING ============== 497.786
LDB: ============== END OF LOAD BALANCING =============== 497.786
Info: useSync: 0 useProxySync: 0
LDB: =============== DONE WITH MIGRATION ================ 497.786
LDB: ============= START OF LOAD BALANCING ============== 497.933
LDB: Largest compute 17 load 0.009253 is 15.2% of average load 0.060928
LDB: Average compute 0.002425 is 4.0% of average load 0.060928
LDB: TIME 497.934 LOAD: AVG 0.0609284 MAX 0.14083  PROXIES: TOTAL 28 MAXPE 3 MAXPATCH 5 None MEM: 0.14257 MB
LDB: TIME 497.934 LOAD: AVG 0.0609284 MAX 0.14083  PROXIES: TOTAL 33 MAXPE 5 MAXPATCH 7 RefineTorusLB MEM: 0.14257 MB
LDB: TIME 497.934 LOAD: AVG 0.0609284 MAX 0.14083  PROXIES: TOTAL 33 MAXPE 5 MAXPATCH 7 RefineTorusLB MEM: 0.14257 MB
LDB: ============== END OF LOAD BALANCING =============== 497.934
Info: useSync: 0 useProxySync: 0
LDB: =============== DONE WITH MIGRATION ================ 497.934
LDB: ============= START OF LOAD BALANCING ============== 503.739
LDB: ============== END OF LOAD BALANCING =============== 503.739
Info: useSync: 0 useProxySync: 0
LDB: =============== DONE WITH MIGRATION ================ 503.739
LDB: ============= START OF LOAD BALANCING ============== 503.886
LDB: Largest compute 222 load 0.008548 is 14.0% of average load 0.061031
LDB: Average compute 0.002433 is 4.0% of average load 0.061031
LDB: TIME 503.886 LOAD: AVG 0.0610311 MAX 0.140744  PROXIES: TOTAL 28 MAXPE 3 MAXPATCH 5 None MEM: 0.14257 MB
LDB: TIME 503.887 LOAD: AVG 0.0610311 MAX 0.140744  PROXIES: TOTAL 33 MAXPE 5 MAXPATCH 7 RefineTorusLB MEM: 0.14257 MB
LDB: TIME 503.887 LOAD: AVG 0.0610311 MAX 0.140744  PROXIES: TOTAL 33 MAXPE 5 MAXPATCH 7 RefineTorusLB MEM: 0.14257 MB
LDB: Reverting to original mapping
LDB: ============== END OF LOAD BALANCING =============== 503.887
Info: useSync: 0 useProxySync: 0
LDB: =============== DONE WITH MIGRATION ================ 503.887
LDB: ============= START OF LOAD BALANCING ============== 509.621
LDB: ============== END OF LOAD BALANCING =============== 509.621
Info: useSync: 0 useProxySync: 0
LDB: =============== DONE WITH MIGRATION ================ 509.621
LDB: ============= START OF LOAD BALANCING ============== 509.768
LDB: Largest compute 17 load 0.007779 is 12.7% of average load 0.061407
LDB: Average compute 0.002455 is 4.0% of average load 0.061407
LDB: TIME 509.768 LOAD: AVG 0.0614065 MAX 0.140668  PROXIES: TOTAL 28 MAXPE 3 MAXPATCH 5 None MEM: 0.14257 MB
LDB: TIME 509.768 LOAD: AVG 0.0614065 MAX 0.140668  PROXIES: TOTAL 33 MAXPE 5 MAXPATCH 7 RefineTorusLB MEM: 0.14257 MB
LDB: TIME 509.768 LOAD: AVG 0.0614065 MAX 0.140668  PROXIES: TOTAL 33 MAXPE 5 MAXPATCH 7 RefineTorusLB MEM: 0.14257 MB
LDB: ============== END OF LOAD BALANCING =============== 509.768
Info: useSync: 0 useProxySync: 0
LDB: =============== DONE WITH MIGRATION ================ 509.768
WRITING COORDINATES TO DCD FILE MD.dcd AT STEP 155000
PRESSURE: 155000 -1214.33 -122.722 607.978 312.336 -621.525 392.689 407.017 218.611 470.383
GPRESSURE: 155000 -1181.09 -67.132 592.225 45.217 -512.863 252.196 325.799 517.813 381.334
PRESSAVG: 155000 -332.663 49.5532 59.8978 50.8532 -364.013 -52.3215 -263.211 88.6799 609.721
GPRESSAVG: 155000 -332.473 49.5491 60.2933 50.64 -363.984 -52.1551 -263.583 88.6199 609.292
ENERGY:  155000         0.0000         0.0000         0.0000         0.0000          -5549.2089       339.0084         0.0000         0.0000       945.3377          -4264.8628       300.3255     -5210.2006     -4263.1365       298.8064           -455.1564      -437.5407     22774.8499       -28.9851       -29.0550

LDB: ============= START OF LOAD BALANCING ============== 515.498
LDB: ============== END OF LOAD BALANCING =============== 515.498
Info: useSync: 0 useProxySync: 0
LDB: =============== DONE WITH MIGRATION ================ 515.498
LDB: ============= START OF LOAD BALANCING ============== 515.645
LDB: Largest compute 17 load 0.008640 is 14.1% of average load 0.061081
LDB: Average compute 0.002436 is 4.0% of average load 0.061081
LDB: TIME 515.645 LOAD: AVG 0.0610807 MAX 0.140604  PROXIES: TOTAL 28 MAXPE 3 MAXPATCH 5 None MEM: 0.14257 MB
LDB: TIME 515.645 LOAD: AVG 0.0610807 MAX 0.140604  PROXIES: TOTAL 33 MAXPE 5 MAXPATCH 7 RefineTorusLB MEM: 0.14257 MB
LDB: TIME 515.645 LOAD: AVG 0.0610807 MAX 0.140604  PROXIES: TOTAL 33 MAXPE 5 MAXPATCH 7 RefineTorusLB MEM: 0.14257 MB
LDB: ============== END OF LOAD BALANCING =============== 515.645
Info: useSync: 0 useProxySync: 0
LDB: =============== DONE WITH MIGRATION ================ 515.646
LDB: ============= START OF LOAD BALANCING ============== 521.529
LDB: ============== END OF LOAD BALANCING =============== 521.529
Info: useSync: 0 useProxySync: 0
LDB: =============== DONE WITH MIGRATION ================ 521.529
LDB: ============= START OF LOAD BALANCING ============== 521.674
LDB: Largest compute 219 load 0.008428 is 13.7% of average load 0.061339
LDB: Average compute 0.002469 is 4.0% of average load 0.061339
LDB: TIME 521.674 LOAD: AVG 0.0613386 MAX 0.139018  PROXIES: TOTAL 28 MAXPE 3 MAXPATCH 5 None MEM: 0.14257 MB
LDB: TIME 521.674 LOAD: AVG 0.0613386 MAX 0.139018  PROXIES: TOTAL 33 MAXPE 5 MAXPATCH 7 RefineTorusLB MEM: 0.14257 MB
LDB: TIME 521.674 LOAD: AVG 0.0613386 MAX 0.139018  PROXIES: TOTAL 33 MAXPE 5 MAXPATCH 7 RefineTorusLB MEM: 0.14257 MB
LDB: Reverting to original mapping
LDB: ============== END OF LOAD BALANCING =============== 521.674
Info: useSync: 0 useProxySync: 0
LDB: =============== DONE WITH MIGRATION ================ 521.675
WRITING COORDINATES TO DCD FILE MD.dcd AT STEP 160000
PRESSURE: 160000 -773.969 -261.773 30.6128 -349.711 26.9897 479.188 345.13 682.119 449.907
GPRESSURE: 160000 -758.957 -63.3256 -166.845 -626.191 149.189 270.408 388.541 614.784 340.828
PRESSAVG: 160000 -431.434 29.9372 -22.8079 13.1532 -407.842 43.5849 -170.742 213.016 481.779
GPRESSAVG: 160000 -431.18 30.1963 -22.4481 13.1773 -408.101 43.1953 -170.958 212.803 482.039
ENERGY:  160000         0.0000         0.0000         0.0000         0.0000          -5583.4934       376.3253         0.0000         0.0000       971.4293          -4235.7388       308.6146     -5207.1681     -4232.4068       295.7108            -99.0241       -89.6467     22774.8499      -119.1656      -119.0804

LDB: ============= START OF LOAD BALANCING ============== 527.34
LDB: ============== END OF LOAD BALANCING =============== 527.34
Info: useSync: 0 useProxySync: 0
LDB: =============== DONE WITH MIGRATION ================ 527.341
LDB: ============= START OF LOAD BALANCING ============== 527.485
LDB: Largest compute 17 load 0.009075 is 14.9% of average load 0.061059
LDB: Average compute 0.002454 is 4.0% of average load 0.061059
LDB: TIME 527.486 LOAD: AVG 0.0610592 MAX 0.138877  PROXIES: TOTAL 28 MAXPE 3 MAXPATCH 5 None MEM: 0.14257 MB
LDB: TIME 527.486 LOAD: AVG 0.0610592 MAX 0.138877  PROXIES: TOTAL 33 MAXPE 5 MAXPATCH 7 RefineTorusLB MEM: 0.14257 MB
LDB: TIME 527.486 LOAD: AVG 0.0610592 MAX 0.138877  PROXIES: TOTAL 33 MAXPE 5 MAXPATCH 7 RefineTorusLB MEM: 0.14257 MB
LDB: ============== END OF LOAD BALANCING =============== 527.486
Info: useSync: 0 useProxySync: 0
LDB: =============== DONE WITH MIGRATION ================ 527.486
LDB: ============= START OF LOAD BALANCING ============== 533.158
LDB: ============== END OF LOAD BALANCING =============== 533.158
Info: useSync: 0 useProxySync: 0
LDB: =============== DONE WITH MIGRATION ================ 533.158
LDB: ============= START OF LOAD BALANCING ============== 533.304
LDB: Largest compute 17 load 0.009009 is 14.7% of average load 0.061352
LDB: Average compute 0.002468 is 4.0% of average load 0.061352
LDB: TIME 533.304 LOAD: AVG 0.061352 MAX 0.139409  PROXIES: TOTAL 28 MAXPE 3 MAXPATCH 5 None MEM: 0.14257 MB
LDB: TIME 533.304 LOAD: AVG 0.061352 MAX 0.139409  PROXIES: TOTAL 33 MAXPE 5 MAXPATCH 7 RefineTorusLB MEM: 0.14257 MB
LDB: TIME 533.304 LOAD: AVG 0.061352 MAX 0.139409  PROXIES: TOTAL 33 MAXPE 5 MAXPATCH 7 RefineTorusLB MEM: 0.14257 MB
LDB: ============== END OF LOAD BALANCING =============== 533.304
Info: useSync: 0 useProxySync: 0
LDB: =============== DONE WITH MIGRATION ================ 533.304
LDB: ============= START OF LOAD BALANCING ============== 538.968
LDB: ============== END OF LOAD BALANCING =============== 538.968
Info: useSync: 0 useProxySync: 0
LDB: =============== DONE WITH MIGRATION ================ 538.968
LDB: ============= START OF LOAD BALANCING ============== 539.113
LDB: Largest compute 222 load 0.008931 is 14.5% of average load 0.061666
LDB: Average compute 0.002487 is 4.0% of average load 0.061666
LDB: TIME 539.114 LOAD: AVG 0.0616657 MAX 0.139058  PROXIES: TOTAL 28 MAXPE 3 MAXPATCH 5 None MEM: 0.14257 MB
LDB: TIME 539.115 LOAD: AVG 0.0616657 MAX 0.139058  PROXIES: TOTAL 33 MAXPE 5 MAXPATCH 7 RefineTorusLB MEM: 0.14257 MB
LDB: TIME 539.115 LOAD: AVG 0.0616657 MAX 0.139058  PROXIES: TOTAL 33 MAXPE 5 MAXPATCH 7 RefineTorusLB MEM: 0.14257 MB
LDB: Reverting to original mapping
LDB: ============== END OF LOAD BALANCING =============== 539.115
Info: useSync: 0 useProxySync: 0
LDB: =============== DONE WITH MIGRATION ================ 539.115
WRITING COORDINATES TO DCD FILE MD.dcd AT STEP 165000
PRESSURE: 165000 -1016.77 -67.7351 -804.337 71.9458 -78.2616 34.2034 -1129.69 152.383 753.448
GPRESSURE: 165000 -719.332 -285.173 -685.064 321.783 -330.23 -23.4384 -804.457 489.663 776.264
PRESSAVG: 165000 -397.819 2.21656 -50.5382 24.3003 -301.337 -23.6559 -165.063 184.892 586.668
GPRESSAVG: 165000 -398.265 2.08009 -51.1635 24.4877 -300.998 -23.6875 -164.196 185.244 586.881
ENERGY:  165000         0.0000         0.0000         0.0000         0.0000          -5610.5762       400.5761         0.0000         0.0000       920.4091          -4289.5910       292.4059     -5210.0001     -4288.8627       300.6220           -113.8615       -91.0993     22774.8499       -37.4958       -37.4608

LDB: ============= START OF LOAD BALANCING ============== 544.774
LDB: ============== END OF LOAD BALANCING =============== 544.798
Info: useSync: 0 useProxySync: 0
LDB: =============== DONE WITH MIGRATION ================ 544.798
LDB: ============= START OF LOAD BALANCING ============== 544.941
LDB: Largest compute 224 load 0.009587 is 15.9% of average load 0.060286
LDB: Average compute 0.002423 is 4.0% of average load 0.060286
LDB: TIME 544.942 LOAD: AVG 0.0602863 MAX 0.137215  PROXIES: TOTAL 28 MAXPE 3 MAXPATCH 5 None MEM: 0.14257 MB
LDB: TIME 544.942 LOAD: AVG 0.0602863 MAX 0.137215  PROXIES: TOTAL 33 MAXPE 5 MAXPATCH 7 RefineTorusLB MEM: 0.14257 MB
LDB: TIME 544.942 LOAD: AVG 0.0602863 MAX 0.137215  PROXIES: TOTAL 33 MAXPE 5 MAXPATCH 7 RefineTorusLB MEM: 0.14257 MB
LDB: ============== END OF LOAD BALANCING =============== 544.942
Info: useSync: 0 useProxySync: 0
LDB: =============== DONE WITH MIGRATION ================ 544.942
LDB: ============= START OF LOAD BALANCING ============== 550.63
LDB: ============== END OF LOAD BALANCING =============== 550.642
Info: useSync: 0 useProxySync: 0
LDB: =============== DONE WITH MIGRATION ================ 550.642
LDB: ============= START OF LOAD BALANCING ============== 550.786
LDB: Largest compute 106 load 0.009162 is 14.9% of average load 0.061367
LDB: Average compute 0.002470 is 4.0% of average load 0.061367
LDB: TIME 550.787 LOAD: AVG 0.0613667 MAX 0.138883  PROXIES: TOTAL 28 MAXPE 3 MAXPATCH 5 None MEM: 0.14257 MB
LDB: TIME 550.787 LOAD: AVG 0.0613667 MAX 0.138883  PROXIES: TOTAL 33 MAXPE 5 MAXPATCH 7 RefineTorusLB MEM: 0.14257 MB
LDB: TIME 550.787 LOAD: AVG 0.0613667 MAX 0.138883  PROXIES: TOTAL 33 MAXPE 5 MAXPATCH 7 RefineTorusLB MEM: 0.14257 MB
LDB: ============== END OF LOAD BALANCING =============== 550.787
Info: useSync: 0 useProxySync: 0
LDB: =============== DONE WITH MIGRATION ================ 550.787
WRITING COORDINATES TO DCD FILE MD.dcd AT STEP 170000
PRESSURE: 170000 160.2 -198.98 251.807 -473.885 125.546 548.368 447.406 625.551 85.2532
GPRESSURE: 170000 124.816 -310.586 499.718 -252.814 187.935 434.903 27.6799 754.602 135.748
PRESSAVG: 170000 -494.185 -10.1973 30.4851 -27.7954 -459.145 28.2286 -201.749 92.6786 626.11
GPRESSAVG: 170000 -493.876 -10.2243 30.9721 -28.0739 -459.291 28.6392 -202.462 92.0395 625.85
ENERGY:  170000         0.0000         0.0000         0.0000         0.0000          -5699.2343       430.2284         0.0000         0.0000       953.3025          -4315.7035       302.8558     -5269.0060     -4312.4452       296.3912            123.6663       149.4997     22774.8499      -109.0732      -109.1054

LDB: ============= START OF LOAD BALANCING ============== 556.44
LDB: ============== END OF LOAD BALANCING =============== 556.44
Info: useSync: 0 useProxySync: 0
LDB: =============== DONE WITH MIGRATION ================ 556.44
LDB: ============= START OF LOAD BALANCING ============== 556.585
LDB: Largest compute 224 load 0.008991 is 14.7% of average load 0.061194
LDB: Average compute 0.002457 is 4.0% of average load 0.061194
LDB: TIME 556.585 LOAD: AVG 0.0611943 MAX 0.139086  PROXIES: TOTAL 28 MAXPE 3 MAXPATCH 5 None MEM: 0.14257 MB
LDB: TIME 556.585 LOAD: AVG 0.0611943 MAX 0.139086  PROXIES: TOTAL 33 MAXPE 5 MAXPATCH 7 RefineTorusLB MEM: 0.14257 MB
LDB: TIME 556.585 LOAD: AVG 0.0611943 MAX 0.139086  PROXIES: TOTAL 33 MAXPE 5 MAXPATCH 7 RefineTorusLB MEM: 0.14257 MB
LDB: Reverting to original mapping
LDB: ============== END OF LOAD BALANCING =============== 556.585
Info: useSync: 0 useProxySync: 0
LDB: =============== DONE WITH MIGRATION ================ 556.585
LDB: ============= START OF LOAD BALANCING ============== 562.291
LDB: ============== END OF LOAD BALANCING =============== 562.292
Info: useSync: 0 useProxySync: 0
LDB: =============== DONE WITH MIGRATION ================ 562.292
LDB: ============= START OF LOAD BALANCING ============== 562.437
LDB: Largest compute 221 load 0.007963 is 13.0% of average load 0.061146
LDB: Average compute 0.002457 is 4.0% of average load 0.061146
LDB: TIME 562.437 LOAD: AVG 0.0611462 MAX 0.138823  PROXIES: TOTAL 28 MAXPE 3 MAXPATCH 5 None MEM: 0.14257 MB
LDB: TIME 562.437 LOAD: AVG 0.0611462 MAX 0.138823  PROXIES: TOTAL 33 MAXPE 5 MAXPATCH 7 RefineTorusLB MEM: 0.14257 MB
LDB: TIME 562.437 LOAD: AVG 0.0611462 MAX 0.138823  PROXIES: TOTAL 33 MAXPE 5 MAXPATCH 7 RefineTorusLB MEM: 0.14257 MB
LDB: Reverting to original mapping
LDB: ============== END OF LOAD BALANCING =============== 562.437
Info: useSync: 0 useProxySync: 0
LDB: =============== DONE WITH MIGRATION ================ 562.437
LDB: ============= START OF LOAD BALANCING ============== 577.168
LDB: ============== END OF LOAD BALANCING =============== 577.176
Info: useSync: 0 useProxySync: 0
LDB: =============== DONE WITH MIGRATION ================ 577.199
LDB: ============= START OF LOAD BALANCING ============== 577.572
LDB: Largest compute 213 load 0.016592 is 26.0% of average load 0.063899
LDB: Average compute 0.002408 is 3.8% of average load 0.063899
LDB: TIME 577.578 LOAD: AVG 0.0638995 MAX 0.147574  PROXIES: TOTAL 28 MAXPE 3 MAXPATCH 5 None MEM: 0.14257 MB
LDB: TIME 577.579 LOAD: AVG 0.0638995 MAX 0.147574  PROXIES: TOTAL 33 MAXPE 5 MAXPATCH 7 RefineTorusLB MEM: 0.14257 MB
LDB: TIME 577.579 LOAD: AVG 0.0638995 MAX 0.147574  PROXIES: TOTAL 33 MAXPE 5 MAXPATCH 7 RefineTorusLB MEM: 0.14257 MB
LDB: Reverting to original mapping
LDB: ============== END OF LOAD BALANCING =============== 577.585
Info: useSync: 0 useProxySync: 0
LDB: =============== DONE WITH MIGRATION ================ 577.638
WRITING COORDINATES TO DCD FILE MD.dcd AT STEP 175000
PRESSURE: 175000 -323.745 -151.037 -245.426 -332.762 -351.654 -384.794 -638.225 185.985 1570.18
GPRESSURE: 175000 -205.232 -6.05748 -263.409 -280.029 -412.475 -241.845 -649.273 -131.843 1600.89
PRESSAVG: 175000 -447.171 9.2712 21.321 1.23496 -414.68 3.63725 -187.225 50.9168 675.706
GPRESSAVG: 175000 -447.081 9.2436 21.0008 1.15402 -414.716 3.54586 -187.098 50.9454 676.168
ENERGY:  175000         0.0000         0.0000         0.0000         0.0000          -5626.0430       400.2690         0.0000         0.0000       947.9169          -4277.8571       301.1449     -5225.7740     -4274.4748       297.4014            298.2589       327.7270     22774.8499       -62.0486       -61.8764

LDB: ============= START OF LOAD BALANCING ============== 592.266
LDB: ============== END OF LOAD BALANCING =============== 592.272
Info: useSync: 0 useProxySync: 0
LDB: =============== DONE WITH MIGRATION ================ 592.294
LDB: ============= START OF LOAD BALANCING ============== 592.68
LDB: Largest compute 218 load 0.011434 is 17.1% of average load 0.066924
LDB: Average compute 0.002485 is 3.7% of average load 0.066924
LDB: TIME 592.692 LOAD: AVG 0.0669242 MAX 0.182238  PROXIES: TOTAL 28 MAXPE 3 MAXPATCH 5 None MEM: 0.14257 MB
LDB: TIME 592.693 LOAD: AVG 0.0669242 MAX 0.182238  PROXIES: TOTAL 33 MAXPE 5 MAXPATCH 7 RefineTorusLB MEM: 0.14257 MB
LDB: TIME 592.693 LOAD: AVG 0.0669242 MAX 0.182238  PROXIES: TOTAL 33 MAXPE 5 MAXPATCH 7 RefineTorusLB MEM: 0.14257 MB
LDB: Reverting to original mapping
LDB: ============== END OF LOAD BALANCING =============== 592.704
Info: useSync: 0 useProxySync: 0
LDB: =============== DONE WITH MIGRATION ================ 592.752
LDB: ============= START OF LOAD BALANCING ============== 607.55
LDB: ============== END OF LOAD BALANCING =============== 607.553
Info: useSync: 0 useProxySync: 0
LDB: =============== DONE WITH MIGRATION ================ 607.572
LDB: ============= START OF LOAD BALANCING ============== 607.946
LDB: Largest compute 17 load 0.008388 is 13.4% of average load 0.062790
LDB: Average compute 0.002418 is 3.9% of average load 0.062790
LDB: TIME 607.953 LOAD: AVG 0.0627896 MAX 0.134826  PROXIES: TOTAL 28 MAXPE 3 MAXPATCH 5 None MEM: 0.14257 MB
LDB: TIME 607.953 LOAD: AVG 0.0627896 MAX 0.134826  PROXIES: TOTAL 33 MAXPE 5 MAXPATCH 7 RefineTorusLB MEM: 0.14257 MB
LDB: TIME 607.953 LOAD: AVG 0.0627896 MAX 0.134826  PROXIES: TOTAL 33 MAXPE 5 MAXPATCH 7 RefineTorusLB MEM: 0.14257 MB
LDB: Reverting to original mapping
LDB: ============== END OF LOAD BALANCING =============== 607.958
Info: useSync: 0 useProxySync: 0
LDB: =============== DONE WITH MIGRATION ================ 608.004
WRITING COORDINATES TO DCD FILE MD.dcd AT STEP 180000
PRESSURE: 180000 -1029.57 -875.329 -849.957 -1156.82 -613.493 613.708 -395.008 498.63 1052.6
GPRESSURE: 180000 -1013.16 -603.344 -804.734 -1303.3 -712.257 815.157 -354.236 456.928 1204.43
PRESSAVG: 180000 -475.332 23.9483 -31.4716 2.55303 -557.791 93.7599 -204.301 89.5189 580.403
GPRESSAVG: 180000 -475.192 24.5066 -31.3555 2.71194 -557.513 93.5807 -203.745 89.9232 579.899
ENERGY:  180000         0.0000         0.0000         0.0000         0.0000          -5585.7860       381.4422         0.0000         0.0000       906.2387          -4298.1051       287.9041     -5204.3439     -4296.3907       296.0259           -196.8205      -173.6630     22774.8499      -150.9066      -150.9352

LDB: ============= START OF LOAD BALANCING ============== 622.462
LDB: ============== END OF LOAD BALANCING =============== 622.462
Info: useSync: 0 useProxySync: 0
LDB: =============== DONE WITH MIGRATION ================ 622.465
LDB: ============= START OF LOAD BALANCING ============== 622.608
LDB: Largest compute 16 load 0.008635 is 14.3% of average load 0.060438
LDB: Average compute 0.002423 is 4.0% of average load 0.060438
LDB: TIME 622.608 LOAD: AVG 0.060438 MAX 0.136335  PROXIES: TOTAL 28 MAXPE 3 MAXPATCH 5 None MEM: 0.14257 MB
LDB: TIME 622.608 LOAD: AVG 0.060438 MAX 0.136335  PROXIES: TOTAL 33 MAXPE 5 MAXPATCH 7 RefineTorusLB MEM: 0.14257 MB
LDB: TIME 622.608 LOAD: AVG 0.060438 MAX 0.136335  PROXIES: TOTAL 33 MAXPE 5 MAXPATCH 7 RefineTorusLB MEM: 0.14257 MB
LDB: Reverting to original mapping
LDB: ============== END OF LOAD BALANCING =============== 622.608
Info: useSync: 0 useProxySync: 0
LDB: =============== DONE WITH MIGRATION ================ 622.609
LDB: ============= START OF LOAD BALANCING ============== 628.152
LDB: ============== END OF LOAD BALANCING =============== 628.152
Info: useSync: 0 useProxySync: 0
LDB: =============== DONE WITH MIGRATION ================ 628.152
LDB: ============= START OF LOAD BALANCING ============== 628.294
LDB: Largest compute 16 load 0.009102 is 15.1% of average load 0.060113
LDB: Average compute 0.002413 is 4.0% of average load 0.060113
LDB: TIME 628.294 LOAD: AVG 0.0601128 MAX 0.135112  PROXIES: TOTAL 28 MAXPE 3 MAXPATCH 5 None MEM: 0.14257 MB
LDB: TIME 628.294 LOAD: AVG 0.0601128 MAX 0.135112  PROXIES: TOTAL 33 MAXPE 5 MAXPATCH 7 RefineTorusLB MEM: 0.14257 MB
LDB: TIME 628.294 LOAD: AVG 0.0601128 MAX 0.135112  PROXIES: TOTAL 33 MAXPE 5 MAXPATCH 7 RefineTorusLB MEM: 0.14257 MB
LDB: ============== END OF LOAD BALANCING =============== 628.294
Info: useSync: 0 useProxySync: 0
LDB: =============== DONE WITH MIGRATION ================ 628.295
LDB: ============= START OF LOAD BALANCING ============== 635.066
LDB: ============== END OF LOAD BALANCING =============== 635.066
Info: useSync: 0 useProxySync: 0
LDB: =============== DONE WITH MIGRATION ================ 635.066
LDB: ============= START OF LOAD BALANCING ============== 635.208
LDB: Largest compute 16 load 0.008060 is 13.3% of average load 0.060678
LDB: Average compute 0.002439 is 4.0% of average load 0.060678
LDB: TIME 635.208 LOAD: AVG 0.0606777 MAX 0.13559  PROXIES: TOTAL 28 MAXPE 3 MAXPATCH 5 None MEM: 0.14257 MB
LDB: TIME 635.208 LOAD: AVG 0.0606777 MAX 0.13559  PROXIES: TOTAL 33 MAXPE 5 MAXPATCH 7 RefineTorusLB MEM: 0.14257 MB
LDB: TIME 635.208 LOAD: AVG 0.0606777 MAX 0.13559  PROXIES: TOTAL 33 MAXPE 5 MAXPATCH 7 RefineTorusLB MEM: 0.14257 MB
LDB: Reverting to original mapping
LDB: ============== END OF LOAD BALANCING =============== 635.208
Info: useSync: 0 useProxySync: 0
LDB: =============== DONE WITH MIGRATION ================ 635.209
WRITING COORDINATES TO DCD FILE MD.dcd AT STEP 185000
PRESSURE: 185000 -134.95 -174.812 542.658 -196.52 -642.996 -405.523 410.29 456.43 564.02
GPRESSURE: 185000 -40.0794 146.857 390.691 -507.537 -480.493 -140.12 426.65 80.5037 345.859
PRESSAVG: 185000 -433.482 44.2403 4.94006 10.5884 -428.229 40.695 -35.892 85.8655 704.373
GPRESSAVG: 185000 -433.587 44.397 4.69979 10.5146 -428.302 41.2733 -35.8606 85.8083 704.652
ENERGY:  185000         0.0000         0.0000         0.0000         0.0000          -5669.9494       415.5205         0.0000         0.0000       920.6928          -4333.7360       292.4960     -5254.4289     -4331.6965       298.8858            -71.3087       -58.2376     22774.8499       -52.4459       -52.4124

LDB: ============= START OF LOAD BALANCING ============== 640.902
LDB: ============== END OF LOAD BALANCING =============== 640.902
Info: useSync: 0 useProxySync: 0
LDB: =============== DONE WITH MIGRATION ================ 640.903
LDB: ============= START OF LOAD BALANCING ============== 641.045
LDB: Largest compute 17 load 0.008657 is 14.2% of average load 0.060890
LDB: Average compute 0.002450 is 4.0% of average load 0.060890
LDB: TIME 641.045 LOAD: AVG 0.0608898 MAX 0.135716  PROXIES: TOTAL 28 MAXPE 3 MAXPATCH 5 None MEM: 0.14257 MB
LDB: TIME 641.045 LOAD: AVG 0.0608898 MAX 0.135716  PROXIES: TOTAL 33 MAXPE 5 MAXPATCH 7 RefineTorusLB MEM: 0.14257 MB
LDB: TIME 641.045 LOAD: AVG 0.0608898 MAX 0.135716  PROXIES: TOTAL 33 MAXPE 5 MAXPATCH 7 RefineTorusLB MEM: 0.14257 MB
LDB: ============== END OF LOAD BALANCING =============== 641.045
Info: useSync: 0 useProxySync: 0
LDB: =============== DONE WITH MIGRATION ================ 641.045
LDB: ============= START OF LOAD BALANCING ============== 646.59
LDB: ============== END OF LOAD BALANCING =============== 646.59
Info: useSync: 0 useProxySync: 0
LDB: =============== DONE WITH MIGRATION ================ 646.59
LDB: ============= START OF LOAD BALANCING ============== 646.732
LDB: Largest compute 222 load 0.008289 is 13.7% of average load 0.060635
LDB: Average compute 0.002441 is 4.0% of average load 0.060635
LDB: TIME 646.732 LOAD: AVG 0.0606355 MAX 0.135572  PROXIES: TOTAL 28 MAXPE 3 MAXPATCH 5 None MEM: 0.14257 MB
LDB: TIME 646.732 LOAD: AVG 0.0606355 MAX 0.135572  PROXIES: TOTAL 33 MAXPE 5 MAXPATCH 7 RefineTorusLB MEM: 0.14257 MB
LDB: TIME 646.732 LOAD: AVG 0.0606355 MAX 0.135572  PROXIES: TOTAL 33 MAXPE 5 MAXPATCH 7 RefineTorusLB MEM: 0.14257 MB
LDB: Reverting to original mapping
LDB: ============== END OF LOAD BALANCING =============== 646.732
Info: useSync: 0 useProxySync: 0
LDB: =============== DONE WITH MIGRATION ================ 646.733
WRITING COORDINATES TO DCD FILE MD.dcd AT STEP 190000
PRESSURE: 190000 1093.97 53.2797 921.399 181.713 -668.506 -328.89 563.384 -128.378 836.723
GPRESSURE: 190000 1054.69 227.722 873.628 37.7328 -504.185 -171.291 765.229 -209.721 773.82
PRESSAVG: 190000 -269.381 31.903 0.157547 18.6812 -371.198 67.1535 -112.851 7.84952 642.893
GPRESSAVG: 190000 -269.507 31.726 0.0442705 18.6606 -371.023 67.168 -112.671 7.8605 642.552
ENERGY:  190000         0.0000         0.0000         0.0000         0.0000          -5570.1144       410.9519         0.0000         0.0000       925.1868          -4233.9757       293.9237     -5159.1625     -4231.4121       297.0719            420.7283       441.4417     22774.8499         0.7712         0.6737

LDB: ============= START OF LOAD BALANCING ============== 652.365
LDB: ============== END OF LOAD BALANCING =============== 652.365
Info: useSync: 0 useProxySync: 0
LDB: =============== DONE WITH MIGRATION ================ 652.365
LDB: ============= START OF LOAD BALANCING ============== 652.51
LDB: Largest compute 17 load 0.009668 is 15.5% of average load 0.062244
LDB: Average compute 0.002505 is 4.0% of average load 0.062244
LDB: TIME 652.511 LOAD: AVG 0.0622442 MAX 0.139118  PROXIES: TOTAL 28 MAXPE 3 MAXPATCH 5 None MEM: 0.14257 MB
LDB: TIME 652.511 LOAD: AVG 0.0622442 MAX 0.139118  PROXIES: TOTAL 33 MAXPE 5 MAXPATCH 7 RefineTorusLB MEM: 0.14257 MB
LDB: TIME 652.511 LOAD: AVG 0.0622442 MAX 0.139118  PROXIES: TOTAL 33 MAXPE 5 MAXPATCH 7 RefineTorusLB MEM: 0.14257 MB
LDB: Reverting to original mapping
LDB: ============== END OF LOAD BALANCING =============== 652.511
Info: useSync: 0 useProxySync: 0
LDB: =============== DONE WITH MIGRATION ================ 652.511
LDB: ============= START OF LOAD BALANCING ============== 658.215
LDB: ============== END OF LOAD BALANCING =============== 658.215
Info: useSync: 0 useProxySync: 0
LDB: =============== DONE WITH MIGRATION ================ 658.215
LDB: ============= START OF LOAD BALANCING ============== 658.36
LDB: Largest compute 16 load 0.008626 is 13.8% of average load 0.062369
LDB: Average compute 0.002514 is 4.0% of average load 0.062369
LDB: TIME 658.36 LOAD: AVG 0.0623687 MAX 0.138874  PROXIES: TOTAL 28 MAXPE 3 MAXPATCH 5 None MEM: 0.14257 MB
LDB: TIME 658.36 LOAD: AVG 0.0623687 MAX 0.138874  PROXIES: TOTAL 33 MAXPE 5 MAXPATCH 7 RefineTorusLB MEM: 0.14257 MB
LDB: TIME 658.36 LOAD: AVG 0.0623687 MAX 0.138874  PROXIES: TOTAL 33 MAXPE 5 MAXPATCH 7 RefineTorusLB MEM: 0.14257 MB
LDB: ============== END OF LOAD BALANCING =============== 658.36
Info: useSync: 0 useProxySync: 0
LDB: =============== DONE WITH MIGRATION ================ 658.371
LDB: ============= START OF LOAD BALANCING ============== 664.03
LDB: ============== END OF LOAD BALANCING =============== 664.03
Info: useSync: 0 useProxySync: 0
LDB: =============== DONE WITH MIGRATION ================ 664.03
LDB: ============= START OF LOAD BALANCING ============== 664.174
LDB: Largest compute 16 load 0.009175 is 15.0% of average load 0.061075
LDB: Average compute 0.002443 is 4.0% of average load 0.061075
LDB: TIME 664.176 LOAD: AVG 0.0610747 MAX 0.137791  PROXIES: TOTAL 28 MAXPE 3 MAXPATCH 5 None MEM: 0.14257 MB
LDB: TIME 664.176 LOAD: AVG 0.0610747 MAX 0.137791  PROXIES: TOTAL 33 MAXPE 5 MAXPATCH 7 RefineTorusLB MEM: 0.14257 MB
LDB: TIME 664.176 LOAD: AVG 0.0610747 MAX 0.137791  PROXIES: TOTAL 33 MAXPE 5 MAXPATCH 7 RefineTorusLB MEM: 0.14257 MB
LDB: ============== END OF LOAD BALANCING =============== 664.176
Info: useSync: 0 useProxySync: 0
LDB: =============== DONE WITH MIGRATION ================ 664.176
WRITING COORDINATES TO DCD FILE MD.dcd AT STEP 195000
PRESSURE: 195000 -1039.15 -164.061 -95.8791 -437.541 -1281.6 163.647 172.659 263.923 402.235
GPRESSURE: 195000 -788.242 103.964 -28.0471 -545.594 -1405.85 -158.129 -21.1419 462.847 305.75
PRESSAVG: 195000 -355.625 -0.158078 -30.6992 32.9779 -327.311 -16.8511 -177.152 -88.279 571.972
GPRESSAVG: 195000 -355.752 -0.211143 -30.6432 33.3445 -327.322 -17.18 -177.088 -88.3825 572.059
ENERGY:  195000         0.0000         0.0000         0.0000         0.0000          -5546.5965       346.6010         0.0000         0.0000       921.2019          -4278.7935       292.6577     -5199.9954     -4275.1841       300.5476           -639.5053      -629.4474     22774.8499       -36.9878       -37.0051

LDB: ============= START OF LOAD BALANCING ============== 669.861
LDB: ============== END OF LOAD BALANCING =============== 669.862
Info: useSync: 0 useProxySync: 0
LDB: =============== DONE WITH MIGRATION ================ 669.862
LDB: ============= START OF LOAD BALANCING ============== 670.006
LDB: Largest compute 17 load 0.008550 is 13.9% of average load 0.061578
LDB: Average compute 0.002476 is 4.0% of average load 0.061578
LDB: TIME 670.006 LOAD: AVG 0.0615785 MAX 0.137772  PROXIES: TOTAL 28 MAXPE 3 MAXPATCH 5 None MEM: 0.14257 MB
LDB: TIME 670.006 LOAD: AVG 0.0615785 MAX 0.137772  PROXIES: TOTAL 33 MAXPE 5 MAXPATCH 7 RefineTorusLB MEM: 0.14257 MB
LDB: TIME 670.006 LOAD: AVG 0.0615785 MAX 0.137772  PROXIES: TOTAL 33 MAXPE 5 MAXPATCH 7 RefineTorusLB MEM: 0.14257 MB
LDB: ============== END OF LOAD BALANCING =============== 670.006
Info: useSync: 0 useProxySync: 0
LDB: =============== DONE WITH MIGRATION ================ 670.006
LDB: ============= START OF LOAD BALANCING ============== 675.687
LDB: ============== END OF LOAD BALANCING =============== 675.687
Info: useSync: 0 useProxySync: 0
LDB: =============== DONE WITH MIGRATION ================ 675.687
LDB: ============= START OF LOAD BALANCING ============== 675.837
LDB: Largest compute 221 load 0.008856 is 14.3% of average load 0.062019
LDB: Average compute 0.002482 is 4.0% of average load 0.062019
LDB: TIME 675.837 LOAD: AVG 0.0620192 MAX 0.139059  PROXIES: TOTAL 28 MAXPE 3 MAXPATCH 5 None MEM: 0.14257 MB
LDB: TIME 675.838 LOAD: AVG 0.0620192 MAX 0.139059  PROXIES: TOTAL 33 MAXPE 5 MAXPATCH 7 RefineTorusLB MEM: 0.14257 MB
LDB: TIME 675.838 LOAD: AVG 0.0620192 MAX 0.139059  PROXIES: TOTAL 33 MAXPE 5 MAXPATCH 7 RefineTorusLB MEM: 0.14257 MB
LDB: Reverting to original mapping
LDB: ============== END OF LOAD BALANCING =============== 675.838
Info: useSync: 0 useProxySync: 0
LDB: =============== DONE WITH MIGRATION ================ 675.838
WRITING COORDINATES TO DCD FILE MD.dcd AT STEP 200000
WRITING COORDINATES TO RESTART FILE AT STEP 200000
FINISHED WRITING RESTART COORDINATES
WRITING VELOCITIES TO RESTART FILE AT STEP 200000
FINISHED WRITING RESTART VELOCITIES
The last velocity output (seq=200000) takes 0.000 seconds, 0.143 MB of memory in use
PRESSURE: 200000 -851.488 -129.608 -474.143 -65.63 -1646.66 -673.089 15.2194 -695.183 544.137
GPRESSURE: 200000 -867.375 -243.361 -333.163 -107.428 -1571.09 -714.37 -152.153 -506.871 547.188
PRESSAVG: 200000 -485.015 -40.4453 1.96342 28.1714 -457.379 112.862 -48.3882 48.8077 549.535
GPRESSAVG: 200000 -484.916 -40.3297 1.80576 28.0538 -457.257 112.923 -47.9956 48.8479 549.441
TIMING: 200000  CPU: 657.043, 0.00357381/step  Wall: 669.436, 0.00367482/step, 0.102078 hours remaining, 0.142570 MB of memory in use.
PERFORMANCE: 200000  averaging 51.6262 ns/day, 0.00334714 sec/step with standard deviation 0.00040858
ETITLE:      TS           BOND          ANGLE          DIHED          IMPRP               ELECT            VDW       BOUNDARY           MISC        KINETIC               TOTAL           TEMP      POTENTIAL         TOTAL3        TEMPAVG            PRESSURE      GPRESSURE         VOLUME       PRESSAVG      GPRESSAVG

ENERGY:  200000         0.0000         0.0000         0.0000         0.0000          -5586.0122       353.2287         0.0000         0.0000       899.8261          -4332.9574       285.8669     -5232.7836     -4330.0946       295.6964           -651.3366      -630.4261     22774.8499      -130.9531      -130.9107

WRITING EXTENDED SYSTEM TO RESTART FILE AT STEP 200000
LDB: ============= START OF LOAD BALANCING ============== 681.508
LDB: ============== END OF LOAD BALANCING =============== 681.508
Info: useSync: 0 useProxySync: 0
LDB: =============== DONE WITH MIGRATION ================ 681.509
LDB: ============= START OF LOAD BALANCING ============== 681.653
LDB: Largest compute 16 load 0.009091 is 14.9% of average load 0.061148
LDB: Average compute 0.002446 is 4.0% of average load 0.061148
LDB: TIME 681.654 LOAD: AVG 0.0611484 MAX 0.138404  PROXIES: TOTAL 28 MAXPE 3 MAXPATCH 5 None MEM: 0.14257 MB
LDB: TIME 681.654 LOAD: AVG 0.0611484 MAX 0.138405  PROXIES: TOTAL 33 MAXPE 5 MAXPATCH 7 RefineTorusLB MEM: 0.14257 MB
LDB: TIME 681.654 LOAD: AVG 0.0611484 MAX 0.138405  PROXIES: TOTAL 33 MAXPE 5 MAXPATCH 7 RefineTorusLB MEM: 0.14257 MB
LDB: Reverting to original mapping
LDB: ============== END OF LOAD BALANCING =============== 681.654
Info: useSync: 0 useProxySync: 0
LDB: =============== DONE WITH MIGRATION ================ 681.654
LDB: ============= START OF LOAD BALANCING ============== 687.322
LDB: ============== END OF LOAD BALANCING =============== 687.322
Info: useSync: 0 useProxySync: 0
LDB: =============== DONE WITH MIGRATION ================ 687.322
LDB: ============= START OF LOAD BALANCING ============== 687.466
LDB: Largest compute 16 load 0.008769 is 14.3% of average load 0.061219
LDB: Average compute 0.002463 is 4.0% of average load 0.061219
LDB: TIME 687.466 LOAD: AVG 0.0612194 MAX 0.138356  PROXIES: TOTAL 28 MAXPE 3 MAXPATCH 5 None MEM: 0.14257 MB
LDB: TIME 687.466 LOAD: AVG 0.0612194 MAX 0.138356  PROXIES: TOTAL 33 MAXPE 5 MAXPATCH 7 RefineTorusLB MEM: 0.14257 MB
LDB: TIME 687.466 LOAD: AVG 0.0612194 MAX 0.138356  PROXIES: TOTAL 33 MAXPE 5 MAXPATCH 7 RefineTorusLB MEM: 0.14257 MB
LDB: Reverting to original mapping
LDB: ============== END OF LOAD BALANCING =============== 687.466
Info: useSync: 0 useProxySync: 0
LDB: =============== DONE WITH MIGRATION ================ 687.468
LDB: ============= START OF LOAD BALANCING ============== 693.096
LDB: ============== END OF LOAD BALANCING =============== 693.096
Info: useSync: 0 useProxySync: 0
LDB: =============== DONE WITH MIGRATION ================ 693.096
LDB: ============= START OF LOAD BALANCING ============== 693.24
LDB: Largest compute 17 load 0.008627 is 14.1% of average load 0.061085
LDB: Average compute 0.002456 is 4.0% of average load 0.061085
LDB: TIME 693.24 LOAD: AVG 0.0610854 MAX 0.138182  PROXIES: TOTAL 28 MAXPE 3 MAXPATCH 5 None MEM: 0.14257 MB
LDB: TIME 693.24 LOAD: AVG 0.0610854 MAX 0.138182  PROXIES: TOTAL 33 MAXPE 5 MAXPATCH 7 RefineTorusLB MEM: 0.14257 MB
LDB: TIME 693.24 LOAD: AVG 0.0610854 MAX 0.138182  PROXIES: TOTAL 33 MAXPE 5 MAXPATCH 7 RefineTorusLB MEM: 0.14257 MB
LDB: ============== END OF LOAD BALANCING =============== 693.24
Info: useSync: 0 useProxySync: 0
LDB: =============== DONE WITH MIGRATION ================ 693.241
WRITING COORDINATES TO DCD FILE MD.dcd AT STEP 205000
PRESSURE: 205000 -261.901 258.853 310.002 476.459 -537.984 -254.762 -324.869 -412.42 364.835
GPRESSURE: 205000 -227.928 82.6264 549.857 634.407 -610.452 -336.77 -194.07 -903.245 445.751
PRESSAVG: 205000 -409.342 62.766 33.8689 -6.71561 -459.896 -2.58773 -95.403 -142.617 501.617
GPRESSAVG: 205000 -409.455 62.4048 34.2366 -6.97498 -459.915 -2.14943 -95.8079 -143.538 501.762
ENERGY:  205000         0.0000         0.0000         0.0000         0.0000          -5608.4156       379.5659         0.0000         0.0000       954.9060          -4273.9437       303.3653     -5228.8497     -4272.7584       295.1643           -145.0167      -130.8764     22774.8499      -122.5405      -122.5361

LDB: ============= START OF LOAD BALANCING ============== 698.956
LDB: ============== END OF LOAD BALANCING =============== 698.956
Info: useSync: 0 useProxySync: 0
LDB: =============== DONE WITH MIGRATION ================ 698.956
LDB: ============= START OF LOAD BALANCING ============== 699.1
LDB: Largest compute 16 load 0.009124 is 14.9% of average load 0.061205
LDB: Average compute 0.002463 is 4.0% of average load 0.061205
LDB: TIME 699.101 LOAD: AVG 0.0612047 MAX 0.138521  PROXIES: TOTAL 28 MAXPE 3 MAXPATCH 5 None MEM: 0.14257 MB
LDB: TIME 699.101 LOAD: AVG 0.0612047 MAX 0.138521  PROXIES: TOTAL 33 MAXPE 5 MAXPATCH 7 RefineTorusLB MEM: 0.14257 MB
LDB: TIME 699.101 LOAD: AVG 0.0612047 MAX 0.138521  PROXIES: TOTAL 33 MAXPE 5 MAXPATCH 7 RefineTorusLB MEM: 0.14257 MB
LDB: Reverting to original mapping
LDB: ============== END OF LOAD BALANCING =============== 699.101
Info: useSync: 0 useProxySync: 0
LDB: =============== DONE WITH MIGRATION ================ 699.101
LDB: ============= START OF LOAD BALANCING ============== 704.738
LDB: ============== END OF LOAD BALANCING =============== 704.738
Info: useSync: 0 useProxySync: 0
LDB: =============== DONE WITH MIGRATION ================ 704.75
LDB: ============= START OF LOAD BALANCING ============== 704.9
LDB: Largest compute 219 load 0.008932 is 14.3% of average load 0.062371
LDB: Average compute 0.002495 is 4.0% of average load 0.062371
LDB: TIME 704.9 LOAD: AVG 0.0623711 MAX 0.140448  PROXIES: TOTAL 28 MAXPE 3 MAXPATCH 5 None MEM: 0.14257 MB
LDB: TIME 704.9 LOAD: AVG 0.0623711 MAX 0.140448  PROXIES: TOTAL 33 MAXPE 5 MAXPATCH 7 RefineTorusLB MEM: 0.14257 MB
LDB: TIME 704.9 LOAD: AVG 0.0623711 MAX 0.140448  PROXIES: TOTAL 33 MAXPE 5 MAXPATCH 7 RefineTorusLB MEM: 0.14257 MB
LDB: ============== END OF LOAD BALANCING =============== 704.9
Info: useSync: 0 useProxySync: 0
LDB: =============== DONE WITH MIGRATION ================ 704.9
PRESSURE: 210000 -515.003 -889.594 255.464 -1264.36 -425.653 1.07917 556.367 149.824 1024.08
GPRESSURE: 210000 -406.543 -785.985 381.793 -1217.6 -557.149 -38.6128 561.416 194.567 1089.64
PRESSAVG: 210000 -398.828 5.39914 88.1264 15.9634 -443.263 27.6729 -13.855 -111.653 486.415
GPRESSAVG: 210000 -398.654 4.69847 88.0929 16.2659 -443.116 27.5463 -13.8266 -110.557 486.118
ENERGY:  210000         0.0000         0.0000         0.0000         0.0000          -5641.5885       401.8480         0.0000         0.0000       911.2849          -4328.4556       289.5072     -5239.7405     -4326.2253       295.1331             27.8095        41.9842     22774.8499      -118.5587      -118.5507

WRITING COORDINATES TO DCD FILE MD.dcd AT STEP 210000
LDB: ============= START OF LOAD BALANCING ============== 710.821
LDB: ============== END OF LOAD BALANCING =============== 710.821
Info: useSync: 0 useProxySync: 0
LDB: =============== DONE WITH MIGRATION ================ 710.822
LDB: ============= START OF LOAD BALANCING ============== 710.966
LDB: Largest compute 221 load 0.008313 is 13.6% of average load 0.061102
LDB: Average compute 0.002454 is 4.0% of average load 0.061102
LDB: TIME 710.966 LOAD: AVG 0.0611021 MAX 0.138163  PROXIES: TOTAL 28 MAXPE 3 MAXPATCH 5 None MEM: 0.14257 MB
LDB: TIME 710.966 LOAD: AVG 0.0611021 MAX 0.138163  PROXIES: TOTAL 33 MAXPE 5 MAXPATCH 7 RefineTorusLB MEM: 0.14257 MB
LDB: TIME 710.966 LOAD: AVG 0.0611021 MAX 0.138163  PROXIES: TOTAL 33 MAXPE 5 MAXPATCH 7 RefineTorusLB MEM: 0.14257 MB
LDB: Reverting to original mapping
LDB: ============== END OF LOAD BALANCING =============== 710.966
Info: useSync: 0 useProxySync: 0
LDB: =============== DONE WITH MIGRATION ================ 710.966
LDB: ============= START OF LOAD BALANCING ============== 717.547
LDB: ============== END OF LOAD BALANCING =============== 717.547
Info: useSync: 0 useProxySync: 0
LDB: =============== DONE WITH MIGRATION ================ 717.547
LDB: ============= START OF LOAD BALANCING ============== 717.69
LDB: Largest compute 220 load 0.008681 is 14.6% of average load 0.059432
LDB: Average compute 0.002376 is 4.0% of average load 0.059432
LDB: TIME 717.69 LOAD: AVG 0.059432 MAX 0.137052  PROXIES: TOTAL 28 MAXPE 3 MAXPATCH 5 None MEM: 0.14257 MB
LDB: TIME 717.69 LOAD: AVG 0.059432 MAX 0.137052  PROXIES: TOTAL 33 MAXPE 5 MAXPATCH 7 RefineTorusLB MEM: 0.14257 MB
LDB: TIME 717.691 LOAD: AVG 0.059432 MAX 0.137052  PROXIES: TOTAL 33 MAXPE 5 MAXPATCH 7 RefineTorusLB MEM: 0.14257 MB
LDB: ============== END OF LOAD BALANCING =============== 717.691
Info: useSync: 0 useProxySync: 0
LDB: =============== DONE WITH MIGRATION ================ 717.691
LDB: ============= START OF LOAD BALANCING ============== 723.469
LDB: ============== END OF LOAD BALANCING =============== 723.469
Info: useSync: 0 useProxySync: 0
LDB: =============== DONE WITH MIGRATION ================ 723.469
LDB: ============= START OF LOAD BALANCING ============== 723.617
LDB: Largest compute 16 load 0.010337 is 16.8% of average load 0.061372
LDB: Average compute 0.002457 is 4.0% of average load 0.061372
LDB: TIME 723.617 LOAD: AVG 0.0613716 MAX 0.140455  PROXIES: TOTAL 28 MAXPE 3 MAXPATCH 5 None MEM: 0.14257 MB
LDB: TIME 723.617 LOAD: AVG 0.0613716 MAX 0.140455  PROXIES: TOTAL 33 MAXPE 5 MAXPATCH 7 RefineTorusLB MEM: 0.14257 MB
LDB: TIME 723.617 LOAD: AVG 0.0613716 MAX 0.140455  PROXIES: TOTAL 33 MAXPE 5 MAXPATCH 7 RefineTorusLB MEM: 0.14257 MB
LDB: Reverting to original mapping
LDB: ============== END OF LOAD BALANCING =============== 723.617
Info: useSync: 0 useProxySync: 0
LDB: =============== DONE WITH MIGRATION ================ 723.617
WRITING COORDINATES TO DCD FILE MD.dcd AT STEP 215000
PRESSURE: 215000 -580.664 55.1912 395.433 -139.752 -1313.81 502.693 359.683 -92.6468 -700.39
GPRESSURE: 215000 -675.615 74.6831 386.429 -275.951 -1209.57 759.289 363.323 -104.771 -692.287
PRESSAVG: 215000 -328.023 26.8171 6.17073 8.4715 -437.981 43.9609 -33.1492 -50.7458 705.218
GPRESSAVG: 215000 -327.776 27.0981 6.35198 8.09032 -437.898 44.2157 -33.0657 -50.9344 705.414
ENERGY:  215000         0.0000         0.0000         0.0000         0.0000          -5534.1065       316.2212         0.0000         0.0000       958.3312          -4259.5541       304.4534     -5217.8853     -4256.8569       298.9623           -864.9550      -859.1575     22774.8499       -20.2620       -20.0866

LDB: ============= START OF LOAD BALANCING ============== 729.449
LDB: ============== END OF LOAD BALANCING =============== 729.449
Info: useSync: 0 useProxySync: 0
LDB: =============== DONE WITH MIGRATION ================ 729.449
LDB: ============= START OF LOAD BALANCING ============== 729.593
LDB: Largest compute 17 load 0.008985 is 14.9% of average load 0.060504
LDB: Average compute 0.002425 is 4.0% of average load 0.060504
LDB: TIME 729.594 LOAD: AVG 0.0605042 MAX 0.137689  PROXIES: TOTAL 28 MAXPE 3 MAXPATCH 5 None MEM: 0.14257 MB
LDB: TIME 729.594 LOAD: AVG 0.0605042 MAX 0.137689  PROXIES: TOTAL 33 MAXPE 5 MAXPATCH 7 RefineTorusLB MEM: 0.14257 MB
LDB: TIME 729.594 LOAD: AVG 0.0605042 MAX 0.137689  PROXIES: TOTAL 33 MAXPE 5 MAXPATCH 7 RefineTorusLB MEM: 0.14257 MB
LDB: Reverting to original mapping
LDB: ============== END OF LOAD BALANCING =============== 729.594
Info: useSync: 0 useProxySync: 0
LDB: =============== DONE WITH MIGRATION ================ 729.594
LDB: ============= START OF LOAD BALANCING ============== 735.684
LDB: ============== END OF LOAD BALANCING =============== 735.684
Info: useSync: 0 useProxySync: 0
LDB: =============== DONE WITH MIGRATION ================ 735.684
LDB: ============= START OF LOAD BALANCING ============== 735.851
LDB: Largest compute 17 load 0.011732 is 18.2% of average load 0.064458
LDB: Average compute 0.002576 is 4.0% of average load 0.064458
LDB: TIME 735.851 LOAD: AVG 0.0644579 MAX 0.139248  PROXIES: TOTAL 28 MAXPE 3 MAXPATCH 5 None MEM: 0.14257 MB
LDB: TIME 735.851 LOAD: AVG 0.0644579 MAX 0.139248  PROXIES: TOTAL 33 MAXPE 5 MAXPATCH 7 RefineTorusLB MEM: 0.14257 MB
LDB: TIME 735.851 LOAD: AVG 0.0644579 MAX 0.139248  PROXIES: TOTAL 33 MAXPE 5 MAXPATCH 7 RefineTorusLB MEM: 0.14257 MB
LDB: Reverting to original mapping
LDB: ============== END OF LOAD BALANCING =============== 735.851
Info: useSync: 0 useProxySync: 0
LDB: =============== DONE WITH MIGRATION ================ 735.852
PRESSURE: 220000 -516.803 -292.935 686.059 -419.268 -110.451 -439.959 881.85 -193.357 -173.818
GPRESSURE: 220000 -562.506 258.382 869.631 -820.604 -86.4086 -670.904 711.542 -127.811 -94.0467
PRESSAVG: 220000 -313.882 68.3232 -26.8 30.1965 -289.424 46.012 29.2304 -63.0284 782.098
GPRESSAVG: 220000 -313.987 68.3479 -26.8035 30.5962 -289.171 45.9894 28.9392 -62.6623 782.116
ENERGY:  220000         0.0000         0.0000         0.0000         0.0000          -5558.4714       374.7069         0.0000         0.0000       956.5113          -4227.2532       303.8752     -5183.7645     -4223.3705       301.5622           -267.0242      -247.6539     22774.8499        59.5975        59.6527

WRITING COORDINATES TO DCD FILE MD.dcd AT STEP 220000
LDB: ============= START OF LOAD BALANCING ============== 741.954
LDB: ============== END OF LOAD BALANCING =============== 741.954
Info: useSync: 0 useProxySync: 0
LDB: =============== DONE WITH MIGRATION ================ 741.957
LDB: ============= START OF LOAD BALANCING ============== 742.107
LDB: Largest compute 221 load 0.008814 is 14.0% of average load 0.063004
LDB: Average compute 0.002516 is 4.0% of average load 0.063004
LDB: TIME 742.109 LOAD: AVG 0.0630036 MAX 0.140139  PROXIES: TOTAL 28 MAXPE 3 MAXPATCH 5 None MEM: 0.14257 MB
LDB: TIME 742.109 LOAD: AVG 0.0630036 MAX 0.140139  PROXIES: TOTAL 33 MAXPE 5 MAXPATCH 7 RefineTorusLB MEM: 0.14257 MB
LDB: TIME 742.109 LOAD: AVG 0.0630036 MAX 0.140139  PROXIES: TOTAL 33 MAXPE 5 MAXPATCH 7 RefineTorusLB MEM: 0.14257 MB
LDB: Reverting to original mapping
LDB: ============== END OF LOAD BALANCING =============== 742.109
Info: useSync: 0 useProxySync: 0
LDB: =============== DONE WITH MIGRATION ================ 742.109
LDB: ============= START OF LOAD BALANCING ============== 748.142
LDB: ============== END OF LOAD BALANCING =============== 748.142
Info: useSync: 0 useProxySync: 0
LDB: =============== DONE WITH MIGRATION ================ 748.142
LDB: ============= START OF LOAD BALANCING ============== 748.288
LDB: Largest compute 17 load 0.008898 is 14.4% of average load 0.061898
LDB: Average compute 0.002481 is 4.0% of average load 0.061898
LDB: TIME 748.289 LOAD: AVG 0.061898 MAX 0.135759  PROXIES: TOTAL 28 MAXPE 3 MAXPATCH 5 None MEM: 0.14257 MB
LDB: TIME 748.289 LOAD: AVG 0.061898 MAX 0.135759  PROXIES: TOTAL 33 MAXPE 5 MAXPATCH 7 RefineTorusLB MEM: 0.14257 MB
LDB: TIME 748.289 LOAD: AVG 0.061898 MAX 0.135759  PROXIES: TOTAL 33 MAXPE 5 MAXPATCH 7 RefineTorusLB MEM: 0.14257 MB
LDB: Reverting to original mapping
LDB: ============== END OF LOAD BALANCING =============== 748.289
Info: useSync: 0 useProxySync: 0
LDB: =============== DONE WITH MIGRATION ================ 748.304
LDB: ============= START OF LOAD BALANCING ============== 753.89
LDB: ============== END OF LOAD BALANCING =============== 753.891
Info: useSync: 0 useProxySync: 0
LDB: =============== DONE WITH MIGRATION ================ 753.891
LDB: ============= START OF LOAD BALANCING ============== 754.032
LDB: Largest compute 222 load 0.008449 is 13.8% of average load 0.061175
LDB: Average compute 0.002464 is 4.0% of average load 0.061175
LDB: TIME 754.036 LOAD: AVG 0.0611752 MAX 0.13539  PROXIES: TOTAL 28 MAXPE 3 MAXPATCH 5 None MEM: 0.14257 MB
LDB: TIME 754.037 LOAD: AVG 0.0611752 MAX 0.13539  PROXIES: TOTAL 33 MAXPE 5 MAXPATCH 7 RefineTorusLB MEM: 0.14257 MB
LDB: TIME 754.037 LOAD: AVG 0.0611752 MAX 0.13539  PROXIES: TOTAL 33 MAXPE 5 MAXPATCH 7 RefineTorusLB MEM: 0.14257 MB
LDB: Reverting to original mapping
LDB: ============== END OF LOAD BALANCING =============== 754.042
Info: useSync: 0 useProxySync: 0
LDB: =============== DONE WITH MIGRATION ================ 754.053
WRITING COORDINATES TO DCD FILE MD.dcd AT STEP 225000
PRESSURE: 225000 733.183 -294.485 89.0234 -281.868 -97.9467 141.743 240.914 55.0021 609.198
GPRESSURE: 225000 732.028 -314.83 160.818 -107.383 -118.935 -85.0774 149.426 -49.373 737.754
PRESSAVG: 225000 -319.792 -41.3392 -1.92688 -49.9778 -312.392 -93.7964 11.683 -58.0257 989.184
GPRESSAVG: 225000 -319.893 -41.7054 -1.93881 -50.4893 -312.792 -94.0971 11.9206 -58.1696 989.159
ENERGY:  225000         0.0000         0.0000         0.0000         0.0000          -5652.2113       428.3752         0.0000         0.0000       976.1445          -4247.6915       310.1125     -5223.8361     -4244.6782       302.4250            414.8113       450.2824     22774.8499       119.0003       118.8250

LDB: ============= START OF LOAD BALANCING ============== 759.986
LDB: ============== END OF LOAD BALANCING =============== 759.986
Info: useSync: 0 useProxySync: 0
LDB: =============== DONE WITH MIGRATION ================ 759.986
LDB: ============= START OF LOAD BALANCING ============== 760.135
LDB: Largest compute 220 load 0.009025 is 14.6% of average load 0.061731
LDB: Average compute 0.002452 is 4.0% of average load 0.061731
LDB: TIME 760.136 LOAD: AVG 0.0617307 MAX 0.142347  PROXIES: TOTAL 28 MAXPE 3 MAXPATCH 5 None MEM: 0.14257 MB
LDB: TIME 760.136 LOAD: AVG 0.0617307 MAX 0.142347  PROXIES: TOTAL 33 MAXPE 5 MAXPATCH 7 RefineTorusLB MEM: 0.14257 MB
LDB: TIME 760.136 LOAD: AVG 0.0617307 MAX 0.142347  PROXIES: TOTAL 33 MAXPE 5 MAXPATCH 7 RefineTorusLB MEM: 0.14257 MB
LDB: ============== END OF LOAD BALANCING =============== 760.136
Info: useSync: 0 useProxySync: 0
LDB: =============== DONE WITH MIGRATION ================ 760.147
LDB: ============= START OF LOAD BALANCING ============== 765.975
LDB: ============== END OF LOAD BALANCING =============== 765.975
Info: useSync: 0 useProxySync: 0
LDB: =============== DONE WITH MIGRATION ================ 765.976
LDB: ============= START OF LOAD BALANCING ============== 766.12
LDB: Largest compute 17 load 0.008025 is 13.2% of average load 0.060968
LDB: Average compute 0.002448 is 4.0% of average load 0.060968
LDB: TIME 766.121 LOAD: AVG 0.0609684 MAX 0.138025  PROXIES: TOTAL 28 MAXPE 3 MAXPATCH 5 None MEM: 0.14257 MB
LDB: TIME 766.121 LOAD: AVG 0.0609684 MAX 0.138025  PROXIES: TOTAL 33 MAXPE 5 MAXPATCH 7 RefineTorusLB MEM: 0.14257 MB
LDB: TIME 766.121 LOAD: AVG 0.0609684 MAX 0.138025  PROXIES: TOTAL 33 MAXPE 5 MAXPATCH 7 RefineTorusLB MEM: 0.14257 MB
LDB: Reverting to original mapping
LDB: ============== END OF LOAD BALANCING =============== 766.121
Info: useSync: 0 useProxySync: 0
LDB: =============== DONE WITH MIGRATION ================ 766.121
WRITING COORDINATES TO DCD FILE MD.dcd AT STEP 230000
PRESSURE: 230000 221.859 -439.152 -319.46 -404.719 -136.597 85.2993 -761.649 -354.303 397.286
GPRESSURE: 230000 200.89 -192.229 -233.528 -470.295 -182.151 -142.404 -828.152 -266.752 528.684
PRESSAVG: 230000 -501.324 -59.0016 39.0958 -6.52872 -513.738 42.3398 -37.5957 -15.8398 667.047
GPRESSAVG: 230000 -501.543 -59.0971 39.3297 -6.73873 -513.267 42.4752 -37.5965 -16.017 667.019
ENERGY:  230000         0.0000         0.0000         0.0000         0.0000          -5667.1496       420.8230         0.0000         0.0000       930.3371          -4315.9895       295.5599     -5246.3266     -4313.7862       294.8665            160.8493       182.4744     22774.8499      -116.0049      -115.9304

LDB: ============= START OF LOAD BALANCING ============== 772.056
LDB: ============== END OF LOAD BALANCING =============== 772.056
Info: useSync: 0 useProxySync: 0
LDB: =============== DONE WITH MIGRATION ================ 772.056
LDB: ============= START OF LOAD BALANCING ============== 772.201
LDB: Largest compute 16 load 0.009060 is 14.8% of average load 0.061047
LDB: Average compute 0.002443 is 4.0% of average load 0.061047
LDB: TIME 772.201 LOAD: AVG 0.0610471 MAX 0.138325  PROXIES: TOTAL 28 MAXPE 3 MAXPATCH 5 None MEM: 0.14257 MB
LDB: TIME 772.202 LOAD: AVG 0.0610471 MAX 0.138325  PROXIES: TOTAL 33 MAXPE 5 MAXPATCH 7 RefineTorusLB MEM: 0.14257 MB
LDB: TIME 772.202 LOAD: AVG 0.0610471 MAX 0.138325  PROXIES: TOTAL 33 MAXPE 5 MAXPATCH 7 RefineTorusLB MEM: 0.14257 MB
LDB: ============== END OF LOAD BALANCING =============== 772.202
Info: useSync: 0 useProxySync: 0
LDB: =============== DONE WITH MIGRATION ================ 772.202
LDB: ============= START OF LOAD BALANCING ============== 777.948
LDB: ============== END OF LOAD BALANCING =============== 777.948
Info: useSync: 0 useProxySync: 0
LDB: =============== DONE WITH MIGRATION ================ 777.948
LDB: ============= START OF LOAD BALANCING ============== 778.095
LDB: Largest compute 222 load 0.008785 is 14.3% of average load 0.061575
LDB: Average compute 0.002459 is 4.0% of average load 0.061575
LDB: TIME 778.095 LOAD: AVG 0.0615754 MAX 0.1402  PROXIES: TOTAL 28 MAXPE 3 MAXPATCH 5 None MEM: 0.14257 MB
LDB: TIME 778.096 LOAD: AVG 0.0615754 MAX 0.140199  PROXIES: TOTAL 33 MAXPE 5 MAXPATCH 7 RefineTorusLB MEM: 0.14257 MB
LDB: TIME 778.096 LOAD: AVG 0.0615754 MAX 0.140199  PROXIES: TOTAL 33 MAXPE 5 MAXPATCH 7 RefineTorusLB MEM: 0.14257 MB
LDB: ============== END OF LOAD BALANCING =============== 778.096
Info: useSync: 0 useProxySync: 0
LDB: =============== DONE WITH MIGRATION ================ 778.096
LDB: ============= START OF LOAD BALANCING ============== 783.832
LDB: ============== END OF LOAD BALANCING =============== 783.832
Info: useSync: 0 useProxySync: 0
LDB: =============== DONE WITH MIGRATION ================ 783.832
LDB: ============= START OF LOAD BALANCING ============== 783.978
LDB: Largest compute 16 load 0.008341 is 13.7% of average load 0.060786
LDB: Average compute 0.002423 is 4.0% of average load 0.060786
LDB: TIME 783.978 LOAD: AVG 0.0607858 MAX 0.138871  PROXIES: TOTAL 28 MAXPE 3 MAXPATCH 5 None MEM: 0.14257 MB
LDB: TIME 783.978 LOAD: AVG 0.0607858 MAX 0.138871  PROXIES: TOTAL 33 MAXPE 5 MAXPATCH 7 RefineTorusLB MEM: 0.14257 MB
LDB: TIME 783.978 LOAD: AVG 0.0607858 MAX 0.138871  PROXIES: TOTAL 33 MAXPE 5 MAXPATCH 7 RefineTorusLB MEM: 0.14257 MB
LDB: Reverting to original mapping
LDB: ============== END OF LOAD BALANCING =============== 783.978
Info: useSync: 0 useProxySync: 0
LDB: =============== DONE WITH MIGRATION ================ 783.978
WRITING COORDINATES TO DCD FILE MD.dcd AT STEP 235000
PRESSURE: 235000 -766.908 1.24177 -233.758 508.366 41.3037 -263.186 -165.855 -673.513 511.911
GPRESSURE: 235000 -913.607 144.912 -137.477 617.334 84.2375 -253.528 -689.498 -950.83 635.552
PRESSAVG: 235000 -282.749 -19.2449 50.2647 14.6829 -358.542 -44.8706 93.7176 -67.7692 781.069
GPRESSAVG: 235000 -282.91 -19.3759 50.3086 15.1711 -358.489 -44.9381 93.5019 -67.7673 780.818
ENERGY:  235000         0.0000         0.0000         0.0000         0.0000          -5594.1006       408.1803         0.0000         0.0000       960.8021          -4225.1182       305.2384     -5185.9203     -4222.7159       296.5472            -71.2312       -64.6059     22774.8499        46.5928        46.4729

LDB: ============= START OF LOAD BALANCING ============== 789.86
LDB: ============== END OF LOAD BALANCING =============== 789.86
Info: useSync: 0 useProxySync: 0
LDB: =============== DONE WITH MIGRATION ================ 789.86
LDB: ============= START OF LOAD BALANCING ============== 790.02
LDB: Largest compute 16 load 0.008630 is 13.8% of average load 0.062632
LDB: Average compute 0.002439 is 3.9% of average load 0.062632
LDB: TIME 790.021 LOAD: AVG 0.0626317 MAX 0.153918  PROXIES: TOTAL 28 MAXPE 3 MAXPATCH 5 None MEM: 0.14257 MB
LDB: TIME 790.021 LOAD: AVG 0.0626317 MAX 0.153918  PROXIES: TOTAL 33 MAXPE 5 MAXPATCH 7 RefineTorusLB MEM: 0.14257 MB
LDB: TIME 790.021 LOAD: AVG 0.0626317 MAX 0.153918  PROXIES: TOTAL 33 MAXPE 5 MAXPATCH 7 RefineTorusLB MEM: 0.14257 MB
LDB: Reverting to original mapping
LDB: ============== END OF LOAD BALANCING =============== 790.021
Info: useSync: 0 useProxySync: 0
LDB: =============== DONE WITH MIGRATION ================ 790.021
LDB: ============= START OF LOAD BALANCING ============== 796.613
LDB: ============== END OF LOAD BALANCING =============== 796.613
Info: useSync: 0 useProxySync: 0
LDB: =============== DONE WITH MIGRATION ================ 796.613
LDB: ============= START OF LOAD BALANCING ============== 796.76
LDB: Largest compute 17 load 0.009458 is 15.0% of average load 0.063162
LDB: Average compute 0.002535 is 4.0% of average load 0.063162
LDB: TIME 796.76 LOAD: AVG 0.0631617 MAX 0.139684  PROXIES: TOTAL 28 MAXPE 3 MAXPATCH 5 None MEM: 0.14257 MB
LDB: TIME 796.76 LOAD: AVG 0.0631617 MAX 0.139684  PROXIES: TOTAL 33 MAXPE 5 MAXPATCH 7 RefineTorusLB MEM: 0.14257 MB
LDB: TIME 796.76 LOAD: AVG 0.0631617 MAX 0.139684  PROXIES: TOTAL 33 MAXPE 5 MAXPATCH 7 RefineTorusLB MEM: 0.14257 MB
LDB: ============== END OF LOAD BALANCING =============== 796.761
Info: useSync: 0 useProxySync: 0
LDB: =============== DONE WITH MIGRATION ================ 796.761
WRITING COORDINATES TO DCD FILE MD.dcd AT STEP 240000
PRESSURE: 240000 -444.084 987.316 -210.534 837.001 -573.386 -290.191 -526.352 224.352 573.516
GPRESSURE: 240000 -381.784 750.177 59.3354 473.165 -396.277 -448.993 -475.089 360.385 393.967
PRESSAVG: 240000 -306.093 -0.18921 21.3564 22.6803 -371.139 -19.5651 11.0616 -18.5476 860.406
GPRESSAVG: 240000 -306.191 -0.215927 21.1501 22.1902 -370.995 -19.7929 11.1431 -18.203 860.229
ENERGY:  240000         0.0000         0.0000         0.0000         0.0000          -5597.5736       379.1948         0.0000         0.0000       944.0759          -4274.3030       299.9246     -5218.3789     -4273.4679       302.6688           -147.9848      -128.0313     22774.8499        61.0578        61.0141

LDB: ============= START OF LOAD BALANCING ============== 802.432
LDB: ============== END OF LOAD BALANCING =============== 802.432
Info: useSync: 0 useProxySync: 0
LDB: =============== DONE WITH MIGRATION ================ 802.432
LDB: ============= START OF LOAD BALANCING ============== 802.577
LDB: Largest compute 221 load 0.008650 is 14.0% of average load 0.061817
LDB: Average compute 0.002481 is 4.0% of average load 0.061817
LDB: TIME 802.577 LOAD: AVG 0.0618174 MAX 0.138932  PROXIES: TOTAL 28 MAXPE 3 MAXPATCH 5 None MEM: 0.14257 MB
LDB: TIME 802.577 LOAD: AVG 0.0618174 MAX 0.138932  PROXIES: TOTAL 33 MAXPE 5 MAXPATCH 7 RefineTorusLB MEM: 0.14257 MB
LDB: TIME 802.577 LOAD: AVG 0.0618174 MAX 0.138932  PROXIES: TOTAL 33 MAXPE 5 MAXPATCH 7 RefineTorusLB MEM: 0.14257 MB
LDB: Reverting to original mapping
LDB: ============== END OF LOAD BALANCING =============== 802.577
Info: useSync: 0 useProxySync: 0
LDB: =============== DONE WITH MIGRATION ================ 802.577
LDB: ============= START OF LOAD BALANCING ============== 808.346
LDB: ============== END OF LOAD BALANCING =============== 808.346
Info: useSync: 0 useProxySync: 0
LDB: =============== DONE WITH MIGRATION ================ 808.346
LDB: ============= START OF LOAD BALANCING ============== 808.491
LDB: Largest compute 17 load 0.009049 is 14.8% of average load 0.061062
LDB: Average compute 0.002450 is 4.0% of average load 0.061062
LDB: TIME 808.491 LOAD: AVG 0.0610622 MAX 0.138515  PROXIES: TOTAL 28 MAXPE 3 MAXPATCH 5 None MEM: 0.14257 MB
LDB: TIME 808.491 LOAD: AVG 0.0610622 MAX 0.138515  PROXIES: TOTAL 33 MAXPE 5 MAXPATCH 7 RefineTorusLB MEM: 0.14257 MB
LDB: TIME 808.491 LOAD: AVG 0.0610622 MAX 0.138515  PROXIES: TOTAL 33 MAXPE 5 MAXPATCH 7 RefineTorusLB MEM: 0.14257 MB
LDB: ============== END OF LOAD BALANCING =============== 808.491
Info: useSync: 0 useProxySync: 0
LDB: =============== DONE WITH MIGRATION ================ 808.492
LDB: ============= START OF LOAD BALANCING ============== 814.168
LDB: ============== END OF LOAD BALANCING =============== 814.175
Info: useSync: 0 useProxySync: 0
LDB: =============== DONE WITH MIGRATION ================ 814.176
LDB: ============= START OF LOAD BALANCING ============== 814.32
LDB: Largest compute 222 load 0.008972 is 14.6% of average load 0.061344
LDB: Average compute 0.002460 is 4.0% of average load 0.061344
LDB: TIME 814.32 LOAD: AVG 0.0613439 MAX 0.137991  PROXIES: TOTAL 28 MAXPE 3 MAXPATCH 5 None MEM: 0.14257 MB
LDB: TIME 814.32 LOAD: AVG 0.0613439 MAX 0.137991  PROXIES: TOTAL 33 MAXPE 5 MAXPATCH 7 RefineTorusLB MEM: 0.14257 MB
LDB: TIME 814.32 LOAD: AVG 0.0613439 MAX 0.137991  PROXIES: TOTAL 33 MAXPE 5 MAXPATCH 7 RefineTorusLB MEM: 0.14257 MB
LDB: Reverting to original mapping
LDB: ============== END OF LOAD BALANCING =============== 814.32
Info: useSync: 0 useProxySync: 0
LDB: =============== DONE WITH MIGRATION ================ 814.321
WRITING COORDINATES TO DCD FILE MD.dcd AT STEP 245000
PRESSURE: 245000 -1605.43 120.155 -236.699 299.24 -993.755 166.998 -597.96 476.981 -793.059
GPRESSURE: 245000 -1514.04 -87.9798 -339.209 316.98 -960.81 67.9438 -664.065 737.213 -880.558
PRESSAVG: 245000 -396.218 6.37038 46.6779 9.04472 -393.406 -48.6998 -104.212 66.4041 754.454
GPRESSAVG: 245000 -396.157 6.50691 46.4529 9.33279 -393.359 -48.824 -104.114 66.864 754.213
ENERGY:  245000         0.0000         0.0000         0.0000         0.0000          -5513.9699       281.1537         0.0000         0.0000       934.5081          -4298.3081       296.8850     -5232.8162     -4295.7966       293.7131          -1130.7486     -1118.4680     22774.8499       -11.7234       -11.7673

LDB: ============= START OF LOAD BALANCING ============== 820.3
LDB: ============== END OF LOAD BALANCING =============== 820.3
Info: useSync: 0 useProxySync: 0
LDB: =============== DONE WITH MIGRATION ================ 820.301
LDB: ============= START OF LOAD BALANCING ============== 820.445
LDB: Largest compute 222 load 0.009533 is 15.6% of average load 0.061148
LDB: Average compute 0.002457 is 4.0% of average load 0.061148
LDB: TIME 820.446 LOAD: AVG 0.0611477 MAX 0.138517  PROXIES: TOTAL 28 MAXPE 3 MAXPATCH 5 None MEM: 0.14257 MB
LDB: TIME 820.446 LOAD: AVG 0.0611477 MAX 0.138517  PROXIES: TOTAL 33 MAXPE 5 MAXPATCH 7 RefineTorusLB MEM: 0.14257 MB
LDB: TIME 820.446 LOAD: AVG 0.0611477 MAX 0.138517  PROXIES: TOTAL 33 MAXPE 5 MAXPATCH 7 RefineTorusLB MEM: 0.14257 MB
LDB: Reverting to original mapping
LDB: ============== END OF LOAD BALANCING =============== 820.446
Info: useSync: 0 useProxySync: 0
LDB: =============== DONE WITH MIGRATION ================ 820.446
LDB: ============= START OF LOAD BALANCING ============== 826.205
LDB: ============== END OF LOAD BALANCING =============== 826.205
Info: useSync: 0 useProxySync: 0
LDB: =============== DONE WITH MIGRATION ================ 826.205
LDB: ============= START OF LOAD BALANCING ============== 826.35
LDB: Largest compute 220 load 0.008593 is 14.1% of average load 0.061021
LDB: Average compute 0.002452 is 4.0% of average load 0.061021
LDB: TIME 826.35 LOAD: AVG 0.0610209 MAX 0.138555  PROXIES: TOTAL 28 MAXPE 3 MAXPATCH 5 None MEM: 0.14257 MB
LDB: TIME 826.35 LOAD: AVG 0.0610209 MAX 0.138555  PROXIES: TOTAL 33 MAXPE 5 MAXPATCH 7 RefineTorusLB MEM: 0.14257 MB
LDB: TIME 826.35 LOAD: AVG 0.0610209 MAX 0.138555  PROXIES: TOTAL 33 MAXPE 5 MAXPATCH 7 RefineTorusLB MEM: 0.14257 MB
LDB: Reverting to original mapping
LDB: ============== END OF LOAD BALANCING =============== 826.35
Info: useSync: 0 useProxySync: 0
LDB: =============== DONE WITH MIGRATION ================ 826.35
WRITING COORDINATES TO DCD FILE MD.dcd AT STEP 250000
WRITING COORDINATES TO RESTART FILE AT STEP 250000
FINISHED WRITING RESTART COORDINATES
WRITING VELOCITIES TO RESTART FILE AT STEP 250000
FINISHED WRITING RESTART VELOCITIES
The last velocity output (seq=250000) takes 0.009 seconds, 0.143 MB of memory in use
PRESSURE: 250000 -722.069 -6.36128 -148.47 77.0721 -400.366 -419.06 -156.311 -309.126 199.715
GPRESSURE: 250000 -657.794 -91.9475 -5.14294 294.491 -289.307 -385.279 -455.837 -228.481 61.2379
PRESSAVG: 250000 -349.798 10.783 43.4435 -24.8072 -451.083 -44.1087 -15.76 132.548 817.666
GPRESSAVG: 250000 -349.506 10.7279 43.8262 -25.0251 -451.207 -44.0515 -15.982 132.457 817.945
TIMING: 250000  CPU: 806.17, 0.00298253/step  Wall: 820.097, 0.00301321/step, 0.0418502 hours remaining, 0.142570 MB of memory in use.
PERFORMANCE: 250000  averaging 52.6773 ns/day, 0.00328035 sec/step with standard deviation 0.000384062
ETITLE:      TS           BOND          ANGLE          DIHED          IMPRP               ELECT            VDW       BOUNDARY           MISC        KINETIC               TOTAL           TEMP      POTENTIAL         TOTAL3        TEMPAVG            PRESSURE      GPRESSURE         VOLUME       PRESSAVG      GPRESSAVG

ENERGY:  250000         0.0000         0.0000         0.0000         0.0000          -5474.1325       336.4967         0.0000         0.0000       925.5575          -4212.0784       294.0415     -5137.6359     -4209.9457       301.6090           -307.5734      -295.2878     22774.8499         5.5949         5.7439

WRITING EXTENDED SYSTEM TO RESTART FILE AT STEP 250000
LDB: ============= START OF LOAD BALANCING ============== 832.175
LDB: ============== END OF LOAD BALANCING =============== 832.175
Info: useSync: 0 useProxySync: 0
LDB: =============== DONE WITH MIGRATION ================ 832.175
LDB: ============= START OF LOAD BALANCING ============== 832.321
LDB: Largest compute 222 load 0.009240 is 15.3% of average load 0.060546
LDB: Average compute 0.002419 is 4.0% of average load 0.060546
LDB: TIME 832.321 LOAD: AVG 0.0605463 MAX 0.138765  PROXIES: TOTAL 28 MAXPE 3 MAXPATCH 5 None MEM: 0.14257 MB
LDB: TIME 832.322 LOAD: AVG 0.0605463 MAX 0.138765  PROXIES: TOTAL 33 MAXPE 5 MAXPATCH 7 RefineTorusLB MEM: 0.14257 MB
LDB: TIME 832.322 LOAD: AVG 0.0605463 MAX 0.138765  PROXIES: TOTAL 33 MAXPE 5 MAXPATCH 7 RefineTorusLB MEM: 0.14257 MB
LDB: Reverting to original mapping
LDB: ============== END OF LOAD BALANCING =============== 832.322
Info: useSync: 0 useProxySync: 0
LDB: =============== DONE WITH MIGRATION ================ 832.322
LDB: ============= START OF LOAD BALANCING ============== 838.21
LDB: ============== END OF LOAD BALANCING =============== 838.211
Info: useSync: 0 useProxySync: 0
LDB: =============== DONE WITH MIGRATION ================ 838.211
LDB: ============= START OF LOAD BALANCING ============== 838.359
LDB: Largest compute 17 load 0.008556 is 14.0% of average load 0.061309
LDB: Average compute 0.002452 is 4.0% of average load 0.061309
LDB: TIME 838.359 LOAD: AVG 0.0613094 MAX 0.140829  PROXIES: TOTAL 28 MAXPE 3 MAXPATCH 5 None MEM: 0.14257 MB
LDB: TIME 838.359 LOAD: AVG 0.0613094 MAX 0.140829  PROXIES: TOTAL 33 MAXPE 5 MAXPATCH 7 RefineTorusLB MEM: 0.14257 MB
LDB: TIME 838.359 LOAD: AVG 0.0613094 MAX 0.140829  PROXIES: TOTAL 33 MAXPE 5 MAXPATCH 7 RefineTorusLB MEM: 0.14257 MB
LDB: ============== END OF LOAD BALANCING =============== 838.359
Info: useSync: 0 useProxySync: 0
LDB: =============== DONE WITH MIGRATION ================ 838.36
LDB: ============= START OF LOAD BALANCING ============== 844.285
LDB: ============== END OF LOAD BALANCING =============== 844.285
Info: useSync: 0 useProxySync: 0
LDB: =============== DONE WITH MIGRATION ================ 844.285
LDB: ============= START OF LOAD BALANCING ============== 844.434
LDB: Largest compute 16 load 0.007938 is 13.1% of average load 0.060609
LDB: Average compute 0.002408 is 4.0% of average load 0.060609
LDB: TIME 844.434 LOAD: AVG 0.0606093 MAX 0.142198  PROXIES: TOTAL 28 MAXPE 3 MAXPATCH 5 None MEM: 0.14257 MB
LDB: TIME 844.434 LOAD: AVG 0.0606093 MAX 0.142198  PROXIES: TOTAL 33 MAXPE 5 MAXPATCH 7 RefineTorusLB MEM: 0.14257 MB
LDB: TIME 844.434 LOAD: AVG 0.0606093 MAX 0.142198  PROXIES: TOTAL 33 MAXPE 5 MAXPATCH 7 RefineTorusLB MEM: 0.14257 MB
LDB: ============== END OF LOAD BALANCING =============== 844.434
Info: useSync: 0 useProxySync: 0
LDB: =============== DONE WITH MIGRATION ================ 844.434
PRESSURE: 255000 -289.83 -546.122 114.759 -781.033 -4.54911 485.489 -766.274 405.959 1697
GPRESSURE: 255000 -347.847 -540.248 -19.3288 -726.958 141.593 614.791 -850.568 704.701 1643.28
PRESSAVG: 255000 -511.918 -28.317 23.2144 -26.8865 -488.787 9.90593 -204.234 40.7498 772.069
GPRESSAVG: 255000 -512.168 -28.3955 22.697 -26.6875 -488.814 9.72015 -204.273 40.9112 771.961
ENERGY:  255000         0.0000         0.0000         0.0000         0.0000          -5623.1472       410.3766         0.0000         0.0000       943.6247          -4269.1460       299.7813     -5212.7706     -4266.3303       299.4586            467.5415       479.0093     22774.8499       -76.2120       -76.3404

WRITING COORDINATES TO DCD FILE MD.dcd AT STEP 255000
LDB: ============= START OF LOAD BALANCING ============== 850.293
LDB: ============== END OF LOAD BALANCING =============== 850.293
Info: useSync: 0 useProxySync: 0
LDB: =============== DONE WITH MIGRATION ================ 850.293
LDB: ============= START OF LOAD BALANCING ============== 850.439
LDB: Largest compute 16 load 0.008046 is 13.2% of average load 0.061021
LDB: Average compute 0.002440 is 4.0% of average load 0.061021
LDB: TIME 850.439 LOAD: AVG 0.061021 MAX 0.139487  PROXIES: TOTAL 28 MAXPE 3 MAXPATCH 5 None MEM: 0.14257 MB
LDB: TIME 850.439 LOAD: AVG 0.061021 MAX 0.139487  PROXIES: TOTAL 33 MAXPE 5 MAXPATCH 7 RefineTorusLB MEM: 0.14257 MB
LDB: TIME 850.44 LOAD: AVG 0.061021 MAX 0.139487  PROXIES: TOTAL 33 MAXPE 5 MAXPATCH 7 RefineTorusLB MEM: 0.14257 MB
LDB: Reverting to original mapping
LDB: ============== END OF LOAD BALANCING =============== 850.44
Info: useSync: 0 useProxySync: 0
LDB: =============== DONE WITH MIGRATION ================ 850.44
LDB: ============= START OF LOAD BALANCING ============== 856.192
LDB: ============== END OF LOAD BALANCING =============== 856.192
Info: useSync: 0 useProxySync: 0
LDB: =============== DONE WITH MIGRATION ================ 856.192
LDB: ============= START OF LOAD BALANCING ============== 856.338
LDB: Largest compute 222 load 0.008110 is 13.4% of average load 0.060560
LDB: Average compute 0.002419 is 4.0% of average load 0.060560
LDB: TIME 856.338 LOAD: AVG 0.0605605 MAX 0.139339  PROXIES: TOTAL 28 MAXPE 3 MAXPATCH 5 None MEM: 0.14257 MB
LDB: TIME 856.338 LOAD: AVG 0.0605605 MAX 0.139339  PROXIES: TOTAL 33 MAXPE 5 MAXPATCH 7 RefineTorusLB MEM: 0.14257 MB
LDB: TIME 856.338 LOAD: AVG 0.0605605 MAX 0.139339  PROXIES: TOTAL 33 MAXPE 5 MAXPATCH 7 RefineTorusLB MEM: 0.14257 MB
LDB: ============== END OF LOAD BALANCING =============== 856.338
Info: useSync: 0 useProxySync: 0
LDB: =============== DONE WITH MIGRATION ================ 856.338
PRESSURE: 260000 -1331.12 232.767 -450.575 256.061 -255.687 -65.8265 -324.98 105.254 1328.34
GPRESSURE: 260000 -1215.38 223.75 -466.729 326.464 -128.875 -421.479 -606.489 512.49 1138.84
PRESSAVG: 260000 -474.515 7.33049 -19.1859 33.127 -444.421 -3.91381 -128.976 113.612 753.763
GPRESSAVG: 260000 -474.573 7.08607 -18.8945 33.1799 -444.396 -4.05891 -129.114 113.301 753.85
ENERGY:  260000         0.0000         0.0000         0.0000         0.0000          -5633.8489       410.1014         0.0000         0.0000       924.5758          -4299.1717       293.7296     -5223.7475     -4297.0923       300.2446            -86.1556       -68.4723     22774.8499       -55.0577       -55.0395

WRITING COORDINATES TO DCD FILE MD.dcd AT STEP 260000
LDB: ============= START OF LOAD BALANCING ============== 862.065
LDB: ============== END OF LOAD BALANCING =============== 862.065
Info: useSync: 0 useProxySync: 0
LDB: =============== DONE WITH MIGRATION ================ 862.065
LDB: ============= START OF LOAD BALANCING ============== 862.211
LDB: Largest compute 16 load 0.008204 is 13.6% of average load 0.060125
LDB: Average compute 0.002393 is 4.0% of average load 0.060125
LDB: TIME 862.211 LOAD: AVG 0.0601245 MAX 0.13935  PROXIES: TOTAL 28 MAXPE 3 MAXPATCH 5 None MEM: 0.14257 MB
LDB: TIME 862.211 LOAD: AVG 0.0601245 MAX 0.13935  PROXIES: TOTAL 33 MAXPE 5 MAXPATCH 7 RefineTorusLB MEM: 0.14257 MB
LDB: TIME 862.211 LOAD: AVG 0.0601245 MAX 0.13935  PROXIES: TOTAL 33 MAXPE 5 MAXPATCH 7 RefineTorusLB MEM: 0.14257 MB
LDB: ============== END OF LOAD BALANCING =============== 862.211
Info: useSync: 0 useProxySync: 0
LDB: =============== DONE WITH MIGRATION ================ 862.211
LDB: ============= START OF LOAD BALANCING ============== 867.981
LDB: ============== END OF LOAD BALANCING =============== 867.981
Info: useSync: 0 useProxySync: 0
LDB: =============== DONE WITH MIGRATION ================ 867.981
LDB: ============= START OF LOAD BALANCING ============== 868.127
LDB: Largest compute 16 load 0.008149 is 13.5% of average load 0.060475
LDB: Average compute 0.002410 is 4.0% of average load 0.060475
LDB: TIME 868.127 LOAD: AVG 0.0604747 MAX 0.139505  PROXIES: TOTAL 28 MAXPE 3 MAXPATCH 5 None MEM: 0.14257 MB
LDB: TIME 868.127 LOAD: AVG 0.0604747 MAX 0.139505  PROXIES: TOTAL 33 MAXPE 5 MAXPATCH 7 RefineTorusLB MEM: 0.14257 MB
LDB: TIME 868.128 LOAD: AVG 0.0604747 MAX 0.139505  PROXIES: TOTAL 33 MAXPE 5 MAXPATCH 7 RefineTorusLB MEM: 0.14257 MB
LDB: Reverting to original mapping
LDB: ============== END OF LOAD BALANCING =============== 868.128
Info: useSync: 0 useProxySync: 0
LDB: =============== DONE WITH MIGRATION ================ 868.128
LDB: ============= START OF LOAD BALANCING ============== 873.952
LDB: ============== END OF LOAD BALANCING =============== 873.952
Info: useSync: 0 useProxySync: 0
LDB: =============== DONE WITH MIGRATION ================ 873.952
LDB: ============= START OF LOAD BALANCING ============== 874.099
LDB: Largest compute 222 load 0.009000 is 14.8% of average load 0.060996
LDB: Average compute 0.002427 is 4.0% of average load 0.060996
LDB: TIME 874.099 LOAD: AVG 0.0609958 MAX 0.140441  PROXIES: TOTAL 28 MAXPE 3 MAXPATCH 5 None MEM: 0.14257 MB
LDB: TIME 874.1 LOAD: AVG 0.0609958 MAX 0.140441  PROXIES: TOTAL 33 MAXPE 5 MAXPATCH 7 RefineTorusLB MEM: 0.14257 MB
LDB: TIME 874.1 LOAD: AVG 0.0609958 MAX 0.140441  PROXIES: TOTAL 33 MAXPE 5 MAXPATCH 7 RefineTorusLB MEM: 0.14257 MB
LDB: Reverting to original mapping
LDB: ============== END OF LOAD BALANCING =============== 874.1
Info: useSync: 0 useProxySync: 0
LDB: =============== DONE WITH MIGRATION ================ 874.1
PRESSURE: 265000 893.704 694.485 -92.4452 866.651 120.551 -328.451 -260.428 -230.761 1386.95
GPRESSURE: 265000 890.342 1004.96 39.5113 541.598 263.94 -675.587 -324.135 -184.197 1305.78
PRESSAVG: 265000 -350.314 23.8704 -21.8819 0.20327 -308.221 -10.3636 -88.915 168.621 1021.54
GPRESSAVG: 265000 -350.059 23.8596 -21.9396 0.508138 -308.426 -10.0749 -89.1288 168.371 1021.01
ENERGY:  265000         0.0000         0.0000         0.0000         0.0000          -5634.1339       435.3679         0.0000         0.0000       938.6571          -4260.1089       298.2031     -5198.7660     -4259.1063       299.7400            800.4005       820.0204     22774.8499       121.0014       120.8402

WRITING COORDINATES TO DCD FILE MD.dcd AT STEP 265000
LDB: ============= START OF LOAD BALANCING ============== 879.917
LDB: ============== END OF LOAD BALANCING =============== 879.928
Info: useSync: 0 useProxySync: 0
LDB: =============== DONE WITH MIGRATION ================ 879.928
LDB: ============= START OF LOAD BALANCING ============== 880.074
LDB: Largest compute 16 load 0.008466 is 14.0% of average load 0.060321
LDB: Average compute 0.002399 is 4.0% of average load 0.060321
LDB: TIME 880.074 LOAD: AVG 0.0603215 MAX 0.139008  PROXIES: TOTAL 28 MAXPE 3 MAXPATCH 5 None MEM: 0.14257 MB
LDB: TIME 880.074 LOAD: AVG 0.0603215 MAX 0.139008  PROXIES: TOTAL 33 MAXPE 5 MAXPATCH 7 RefineTorusLB MEM: 0.14257 MB
LDB: TIME 880.074 LOAD: AVG 0.0603215 MAX 0.139008  PROXIES: TOTAL 33 MAXPE 5 MAXPATCH 7 RefineTorusLB MEM: 0.14257 MB
LDB: ============== END OF LOAD BALANCING =============== 880.074
Info: useSync: 0 useProxySync: 0
LDB: =============== DONE WITH MIGRATION ================ 880.075
LDB: ============= START OF LOAD BALANCING ============== 885.84
LDB: ============== END OF LOAD BALANCING =============== 885.852
Info: useSync: 0 useProxySync: 0
LDB: =============== DONE WITH MIGRATION ================ 885.852
LDB: ============= START OF LOAD BALANCING ============== 885.998
LDB: Largest compute 16 load 0.008563 is 14.2% of average load 0.060434
LDB: Average compute 0.002404 is 4.0% of average load 0.060434
LDB: TIME 885.998 LOAD: AVG 0.060434 MAX 0.139734  PROXIES: TOTAL 28 MAXPE 3 MAXPATCH 5 None MEM: 0.14257 MB
LDB: TIME 885.998 LOAD: AVG 0.060434 MAX 0.139734  PROXIES: TOTAL 33 MAXPE 5 MAXPATCH 7 RefineTorusLB MEM: 0.14257 MB
LDB: TIME 885.998 LOAD: AVG 0.060434 MAX 0.139734  PROXIES: TOTAL 33 MAXPE 5 MAXPATCH 7 RefineTorusLB MEM: 0.14257 MB
LDB: Reverting to original mapping
LDB: ============== END OF LOAD BALANCING =============== 885.999
Info: useSync: 0 useProxySync: 0
LDB: =============== DONE WITH MIGRATION ================ 885.999
PRESSURE: 270000 -35.0498 -170.533 38.763 149.555 -273.948 734.053 -293.482 1048.13 1135.63
GPRESSURE: 270000 29.6088 -365.941 -36.8634 354.077 -340.26 734.341 -71.9305 554.744 1188.98
PRESSAVG: 270000 -324.339 82.5529 -37.3778 73.8791 -386.957 -18.3574 -189.274 109.445 981.627
GPRESSAVG: 270000 -324.718 82.8097 -37.4318 73.8138 -386.746 -18.6889 -189.132 109.557 981.54
ENERGY:  270000         0.0000         0.0000         0.0000         0.0000          -5631.6485       406.6333         0.0000         0.0000       954.8204          -4270.1948       303.3381     -5225.0153     -4268.1197       299.8811            275.5431       292.7747     22774.8499        90.1103        90.0252

WRITING COORDINATES TO DCD FILE MD.dcd AT STEP 270000
LDB: ============= START OF LOAD BALANCING ============== 891.796
LDB: ============== END OF LOAD BALANCING =============== 891.796
Info: useSync: 0 useProxySync: 0
LDB: =============== DONE WITH MIGRATION ================ 891.796
LDB: ============= START OF LOAD BALANCING ============== 891.943
LDB: Largest compute 223 load 0.008144 is 13.4% of average load 0.060966
LDB: Average compute 0.002430 is 4.0% of average load 0.060966
LDB: TIME 891.943 LOAD: AVG 0.060966 MAX 0.140464  PROXIES: TOTAL 28 MAXPE 3 MAXPATCH 5 None MEM: 0.14257 MB
LDB: TIME 891.943 LOAD: AVG 0.060966 MAX 0.140464  PROXIES: TOTAL 33 MAXPE 5 MAXPATCH 7 RefineTorusLB MEM: 0.14257 MB
LDB: TIME 891.943 LOAD: AVG 0.060966 MAX 0.140464  PROXIES: TOTAL 33 MAXPE 5 MAXPATCH 7 RefineTorusLB MEM: 0.14257 MB
LDB: ============== END OF LOAD BALANCING =============== 891.943
Info: useSync: 0 useProxySync: 0
LDB: =============== DONE WITH MIGRATION ================ 891.943
LDB: ============= START OF LOAD BALANCING ============== 897.721
LDB: ============== END OF LOAD BALANCING =============== 897.721
Info: useSync: 0 useProxySync: 0
LDB: =============== DONE WITH MIGRATION ================ 897.722
LDB: ============= START OF LOAD BALANCING ============== 897.869
LDB: Largest compute 220 load 0.008270 is 13.7% of average load 0.060523
LDB: Average compute 0.002403 is 4.0% of average load 0.060523
LDB: TIME 897.87 LOAD: AVG 0.0605233 MAX 0.141384  PROXIES: TOTAL 28 MAXPE 3 MAXPATCH 5 None MEM: 0.14257 MB
LDB: TIME 897.87 LOAD: AVG 0.0605233 MAX 0.141384  PROXIES: TOTAL 33 MAXPE 5 MAXPATCH 7 RefineTorusLB MEM: 0.14257 MB
LDB: TIME 897.87 LOAD: AVG 0.0605233 MAX 0.141384  PROXIES: TOTAL 33 MAXPE 5 MAXPATCH 7 RefineTorusLB MEM: 0.14257 MB
LDB: ============== END OF LOAD BALANCING =============== 897.87
Info: useSync: 0 useProxySync: 0
LDB: =============== DONE WITH MIGRATION ================ 897.87
LDB: ============= START OF LOAD BALANCING ============== 903.625
LDB: ============== END OF LOAD BALANCING =============== 903.625
Info: useSync: 0 useProxySync: 0
LDB: =============== DONE WITH MIGRATION ================ 903.625
LDB: ============= START OF LOAD BALANCING ============== 903.772
LDB: Largest compute 222 load 0.008272 is 13.7% of average load 0.060317
LDB: Average compute 0.002393 is 4.0% of average load 0.060317
LDB: TIME 903.776 LOAD: AVG 0.060317 MAX 0.141057  PROXIES: TOTAL 28 MAXPE 3 MAXPATCH 5 None MEM: 0.14257 MB
LDB: TIME 903.777 LOAD: AVG 0.060317 MAX 0.141057  PROXIES: TOTAL 33 MAXPE 5 MAXPATCH 7 RefineTorusLB MEM: 0.14257 MB
LDB: TIME 903.777 LOAD: AVG 0.060317 MAX 0.141057  PROXIES: TOTAL 33 MAXPE 5 MAXPATCH 7 RefineTorusLB MEM: 0.14257 MB
LDB: Reverting to original mapping
LDB: ============== END OF LOAD BALANCING =============== 903.782
Info: useSync: 0 useProxySync: 0
LDB: =============== DONE WITH MIGRATION ================ 903.793
PRESSURE: 275000 -609.96 88.449 69.1271 84.7017 -413.598 -296.266 -479.398 -240.394 458.058
GPRESSURE: 275000 -571.956 167.846 245.307 266.353 -373.92 -164.944 -508.549 -239.856 434.633
PRESSAVG: 275000 -409.09 37.0565 28.6103 44.1525 -321.944 65.0751 5.09688 210.072 955.762
GPRESSAVG: 275000 -408.955 36.9808 28.792 44.416 -321.902 65.3182 5.27586 209.788 956.137
ENERGY:  275000         0.0000         0.0000         0.0000         0.0000          -5524.2694       360.3262         0.0000         0.0000       952.6878          -4211.2554       302.6606     -5163.9432     -4209.1899       304.1168           -188.4999      -170.4145     22774.8499        74.9093        75.0932

WRITING COORDINATES TO DCD FILE MD.dcd AT STEP 275000
LDB: ============= START OF LOAD BALANCING ============== 909.55
LDB: ============== END OF LOAD BALANCING =============== 909.55
Info: useSync: 0 useProxySync: 0
LDB: =============== DONE WITH MIGRATION ================ 909.55
LDB: ============= START OF LOAD BALANCING ============== 909.697
LDB: Largest compute 221 load 0.007847 is 13.0% of average load 0.060584
LDB: Average compute 0.002409 is 4.0% of average load 0.060584
LDB: TIME 909.698 LOAD: AVG 0.0605841 MAX 0.141033  PROXIES: TOTAL 28 MAXPE 3 MAXPATCH 5 None MEM: 0.14257 MB
LDB: TIME 909.699 LOAD: AVG 0.0605841 MAX 0.141033  PROXIES: TOTAL 33 MAXPE 5 MAXPATCH 7 RefineTorusLB MEM: 0.14257 MB
LDB: TIME 909.699 LOAD: AVG 0.0605841 MAX 0.141033  PROXIES: TOTAL 33 MAXPE 5 MAXPATCH 7 RefineTorusLB MEM: 0.14257 MB
LDB: ============== END OF LOAD BALANCING =============== 909.699
Info: useSync: 0 useProxySync: 0
LDB: =============== DONE WITH MIGRATION ================ 909.699
LDB: ============= START OF LOAD BALANCING ============== 915.504
LDB: ============== END OF LOAD BALANCING =============== 915.505
Info: useSync: 0 useProxySync: 0
LDB: =============== DONE WITH MIGRATION ================ 915.505
LDB: ============= START OF LOAD BALANCING ============== 915.657
LDB: Largest compute 17 load 0.008830 is 14.5% of average load 0.060939
LDB: Average compute 0.002399 is 3.9% of average load 0.060939
LDB: TIME 915.657 LOAD: AVG 0.0609392 MAX 0.145828  PROXIES: TOTAL 28 MAXPE 3 MAXPATCH 5 None MEM: 0.14257 MB
LDB: TIME 915.658 LOAD: AVG 0.0609392 MAX 0.145828  PROXIES: TOTAL 33 MAXPE 5 MAXPATCH 7 RefineTorusLB MEM: 0.14257 MB
LDB: TIME 915.658 LOAD: AVG 0.0609392 MAX 0.145828  PROXIES: TOTAL 33 MAXPE 5 MAXPATCH 7 RefineTorusLB MEM: 0.14257 MB
LDB: ============== END OF LOAD BALANCING =============== 915.658
Info: useSync: 0 useProxySync: 0
LDB: =============== DONE WITH MIGRATION ================ 915.658
WRITING COORDINATES TO DCD FILE MD.dcd AT STEP 280000
PRESSURE: 280000 -648.134 -203.658 111.598 -237.675 145.364 -200.983 249.6 17.8227 1073.44
GPRESSURE: 280000 -657.443 -173.663 -132.67 -232.053 313.618 -373.864 295.439 191.271 998.775
PRESSAVG: 280000 -281.565 -99.8764 -30.5054 -90.7733 -260.129 -2.67921 -304.523 39.4954 943.682
GPRESSAVG: 280000 -281.544 -99.8603 -30.5631 -91.4233 -260.383 -2.98 -304.753 39.7252 943.82
ENERGY:  280000         0.0000         0.0000         0.0000         0.0000          -5658.8509       413.6800         0.0000         0.0000       956.0231          -4289.1478       303.7202     -5245.1709     -4286.4459       300.0438            190.2251       218.3168     22774.8499       133.9959       133.9647

LDB: ============= START OF LOAD BALANCING ============== 921.468
LDB: ============== END OF LOAD BALANCING =============== 921.468
Info: useSync: 0 useProxySync: 0
LDB: =============== DONE WITH MIGRATION ================ 921.469
LDB: ============= START OF LOAD BALANCING ============== 921.614
LDB: Largest compute 221 load 0.008812 is 14.5% of average load 0.060592
LDB: Average compute 0.002419 is 4.0% of average load 0.060592
LDB: TIME 921.614 LOAD: AVG 0.0605918 MAX 0.139084  PROXIES: TOTAL 28 MAXPE 3 MAXPATCH 5 None MEM: 0.14257 MB
LDB: TIME 921.614 LOAD: AVG 0.0605918 MAX 0.139084  PROXIES: TOTAL 33 MAXPE 5 MAXPATCH 7 RefineTorusLB MEM: 0.14257 MB
LDB: TIME 921.614 LOAD: AVG 0.0605918 MAX 0.139084  PROXIES: TOTAL 33 MAXPE 5 MAXPATCH 7 RefineTorusLB MEM: 0.14257 MB
LDB: Reverting to original mapping
LDB: ============== END OF LOAD BALANCING =============== 921.614
Info: useSync: 0 useProxySync: 0
LDB: =============== DONE WITH MIGRATION ================ 921.615
LDB: ============= START OF LOAD BALANCING ============== 927.354
LDB: ============== END OF LOAD BALANCING =============== 927.354
Info: useSync: 0 useProxySync: 0
LDB: =============== DONE WITH MIGRATION ================ 927.354
LDB: ============= START OF LOAD BALANCING ============== 927.5
LDB: Largest compute 17 load 0.008139 is 13.5% of average load 0.060334
LDB: Average compute 0.002405 is 4.0% of average load 0.060334
LDB: TIME 927.5 LOAD: AVG 0.060334 MAX 0.13847  PROXIES: TOTAL 28 MAXPE 3 MAXPATCH 5 None MEM: 0.14257 MB
LDB: TIME 927.5 LOAD: AVG 0.060334 MAX 0.13847  PROXIES: TOTAL 33 MAXPE 5 MAXPATCH 7 RefineTorusLB MEM: 0.14257 MB
LDB: TIME 927.5 LOAD: AVG 0.060334 MAX 0.13847  PROXIES: TOTAL 33 MAXPE 5 MAXPATCH 7 RefineTorusLB MEM: 0.14257 MB
LDB: Reverting to original mapping
LDB: ============== END OF LOAD BALANCING =============== 927.5
Info: useSync: 0 useProxySync: 0
LDB: =============== DONE WITH MIGRATION ================ 927.5
LDB: ============= START OF LOAD BALANCING ============== 935.288
LDB: ============== END OF LOAD BALANCING =============== 935.291
Info: useSync: 0 useProxySync: 0
LDB: =============== DONE WITH MIGRATION ================ 935.303
LDB: ============= START OF LOAD BALANCING ============== 935.6
LDB: Largest compute 110 load 0.012735 is 19.8% of average load 0.064437
LDB: Average compute 0.002505 is 3.9% of average load 0.064437
LDB: TIME 935.607 LOAD: AVG 0.0644369 MAX 0.137312  PROXIES: TOTAL 28 MAXPE 3 MAXPATCH 5 None MEM: 0.14257 MB
LDB: TIME 935.607 LOAD: AVG 0.0644369 MAX 0.137312  PROXIES: TOTAL 33 MAXPE 5 MAXPATCH 7 RefineTorusLB MEM: 0.14257 MB
LDB: TIME 935.607 LOAD: AVG 0.0644369 MAX 0.137312  PROXIES: TOTAL 33 MAXPE 5 MAXPATCH 7 RefineTorusLB MEM: 0.14257 MB
LDB: ============== END OF LOAD BALANCING =============== 935.612
Info: useSync: 0 useProxySync: 0
LDB: =============== DONE WITH MIGRATION ================ 935.658
PRESSURE: 285000 -1734.51 257.907 -334.62 236.533 -885.497 174.669 -1154.43 93.3353 612.041
GPRESSURE: 285000 -1647.89 412.679 -211.645 23.7209 -729.765 65.4237 -1560.67 125.504 410.059
PRESSAVG: 285000 -484.603 35.3733 1.53149 11.5203 -477.764 16.9624 -139.957 88.2842 848.142
GPRESSAVG: 285000 -484.417 35.1487 1.11601 11.578 -477.545 16.9758 -140.011 88.5873 848.042
ENERGY:  285000         0.0000         0.0000         0.0000         0.0000          -5567.9209       350.3976         0.0000         0.0000       917.8799          -4299.6434       291.6024     -5217.5233     -4296.5447       296.9734           -669.3233      -655.8645     22774.8499       -38.0747       -37.9732

WRITING COORDINATES TO DCD FILE MD.dcd AT STEP 285000
LDB: ============= START OF LOAD BALANCING ============== 950.414
LDB: ============== END OF LOAD BALANCING =============== 950.417
Info: useSync: 0 useProxySync: 0
LDB: =============== DONE WITH MIGRATION ================ 950.429
LDB: ============= START OF LOAD BALANCING ============== 950.758
LDB: Largest compute 18 load 0.026483 is 41.4% of average load 0.063941
LDB: Average compute 0.002456 is 3.8% of average load 0.063941
LDB: TIME 950.763 LOAD: AVG 0.0639411 MAX 0.136194  PROXIES: TOTAL 28 MAXPE 3 MAXPATCH 5 None MEM: 0.14257 MB
LDB: TIME 950.764 LOAD: AVG 0.0639411 MAX 0.136194  PROXIES: TOTAL 33 MAXPE 5 MAXPATCH 7 RefineTorusLB MEM: 0.14257 MB
LDB: TIME 950.764 LOAD: AVG 0.0639411 MAX 0.136194  PROXIES: TOTAL 33 MAXPE 5 MAXPATCH 7 RefineTorusLB MEM: 0.14257 MB
LDB: Reverting to original mapping
LDB: ============== END OF LOAD BALANCING =============== 950.769
Info: useSync: 0 useProxySync: 0
LDB: =============== DONE WITH MIGRATION ================ 950.819
LDB: ============= START OF LOAD BALANCING ============== 965.612
LDB: ============== END OF LOAD BALANCING =============== 965.613
Info: useSync: 0 useProxySync: 0
LDB: =============== DONE WITH MIGRATION ================ 965.625
LDB: ============= START OF LOAD BALANCING ============== 966.04
LDB: Largest compute 241 load 0.019944 is 32.5% of average load 0.061278
LDB: Average compute 0.002409 is 3.9% of average load 0.061278
LDB: TIME 966.042 LOAD: AVG 0.0612775 MAX 0.134634  PROXIES: TOTAL 28 MAXPE 3 MAXPATCH 5 None MEM: 0.14257 MB
LDB: TIME 966.042 LOAD: AVG 0.0612775 MAX 0.134634  PROXIES: TOTAL 33 MAXPE 5 MAXPATCH 7 RefineTorusLB MEM: 0.14257 MB
LDB: TIME 966.042 LOAD: AVG 0.0612775 MAX 0.134634  PROXIES: TOTAL 33 MAXPE 5 MAXPATCH 7 RefineTorusLB MEM: 0.14257 MB
LDB: ============== END OF LOAD BALANCING =============== 966.044
Info: useSync: 0 useProxySync: 0
LDB: =============== DONE WITH MIGRATION ================ 966.06
WRITING COORDINATES TO DCD FILE MD.dcd AT STEP 290000
PRESSURE: 290000 -321.256 -334.926 -534.234 -29.5127 -925.797 72.4483 -363.445 472.904 589.269
GPRESSURE: 290000 -319.406 -401.562 -273.524 181.623 -948.328 84.7592 -621.235 675.623 681.747
PRESSAVG: 290000 -275.533 -17.0689 -40.6538 -47.3149 -357.034 42.8303 -154.927 163.83 834.448
GPRESSAVG: 290000 -275.384 -17.0435 -40.6878 -47.7152 -356.989 42.8813 -154.648 163.809 834.431
ENERGY:  290000         0.0000         0.0000         0.0000         0.0000          -5571.5220       378.9014         0.0000         0.0000       958.7971          -4233.8235       304.6014     -5192.6206     -4232.0821       304.5337           -219.2612      -195.3292     22774.8499        67.2937        67.3529

LDB: ============= START OF LOAD BALANCING ============== 982.493
LDB: ============== END OF LOAD BALANCING =============== 982.499
Info: useSync: 0 useProxySync: 0
LDB: =============== DONE WITH MIGRATION ================ 982.506
LDB: ============= START OF LOAD BALANCING ============== 983.048
LDB: Largest compute 125 load 0.045832 is 66.7% of average load 0.068725
LDB: Average compute 0.002583 is 3.8% of average load 0.068725
LDB: TIME 983.06 LOAD: AVG 0.0687246 MAX 0.178903  PROXIES: TOTAL 28 MAXPE 3 MAXPATCH 5 None MEM: 0.14257 MB
LDB: TIME 983.061 LOAD: AVG 0.0687246 MAX 0.178903  PROXIES: TOTAL 33 MAXPE 5 MAXPATCH 7 RefineTorusLB MEM: 0.14257 MB
LDB: TIME 983.061 LOAD: AVG 0.0687246 MAX 0.178903  PROXIES: TOTAL 33 MAXPE 5 MAXPATCH 7 RefineTorusLB MEM: 0.14257 MB
LDB: ============== END OF LOAD BALANCING =============== 983.072
Info: useSync: 0 useProxySync: 0
LDB: =============== DONE WITH MIGRATION ================ 983.122
LDB: ============= START OF LOAD BALANCING ============== 993.963
LDB: ============== END OF LOAD BALANCING =============== 993.963
Info: useSync: 0 useProxySync: 0
LDB: =============== DONE WITH MIGRATION ================ 993.963
LDB: ============= START OF LOAD BALANCING ============== 994.111
LDB: Largest compute 220 load 0.018577 is 30.7% of average load 0.060540
LDB: Average compute 0.002451 is 4.0% of average load 0.060540
LDB: TIME 994.112 LOAD: AVG 0.0605404 MAX 0.134209  PROXIES: TOTAL 28 MAXPE 3 MAXPATCH 5 None MEM: 0.14257 MB
LDB: TIME 994.112 LOAD: AVG 0.0605404 MAX 0.134209  PROXIES: TOTAL 33 MAXPE 5 MAXPATCH 7 RefineTorusLB MEM: 0.14257 MB
LDB: TIME 994.112 LOAD: AVG 0.0605404 MAX 0.134209  PROXIES: TOTAL 33 MAXPE 5 MAXPATCH 7 RefineTorusLB MEM: 0.14257 MB
LDB: Reverting to original mapping
LDB: ============== END OF LOAD BALANCING =============== 994.112
Info: useSync: 0 useProxySync: 0
LDB: =============== DONE WITH MIGRATION ================ 994.112
LDB: ============= START OF LOAD BALANCING ============== 999.686
LDB: ============== END OF LOAD BALANCING =============== 999.686
Info: useSync: 0 useProxySync: 0
LDB: =============== DONE WITH MIGRATION ================ 999.686
LDB: ============= START OF LOAD BALANCING ============== 999.849
LDB: Largest compute 238 load 0.031026 is 50.4% of average load 0.061590
LDB: Average compute 0.002511 is 4.1% of average load 0.061590
LDB: TIME 999.849 LOAD: AVG 0.0615902 MAX 0.133985  PROXIES: TOTAL 28 MAXPE 3 MAXPATCH 5 None MEM: 0.14257 MB
LDB: TIME 999.849 LOAD: AVG 0.0615902 MAX 0.133985  PROXIES: TOTAL 33 MAXPE 5 MAXPATCH 7 RefineTorusLB MEM: 0.14257 MB
LDB: TIME 999.85 LOAD: AVG 0.0615902 MAX 0.133985  PROXIES: TOTAL 33 MAXPE 5 MAXPATCH 7 RefineTorusLB MEM: 0.14257 MB
LDB: Reverting to original mapping
LDB: ============== END OF LOAD BALANCING =============== 999.85
Info: useSync: 0 useProxySync: 0
LDB: =============== DONE WITH MIGRATION ================ 999.85
WRITING COORDINATES TO DCD FILE MD.dcd AT STEP 295000
PRESSURE: 295000 -316.484 154.85 35.9954 186.238 -365.965 375.406 19.5155 321.642 2256.91
GPRESSURE: 295000 -298.743 58.1096 -67.5547 336.713 -385.356 240.507 145.83 443.683 2338.58
PRESSAVG: 295000 -293.41 8.68431 -17.6562 -0.77314 -350.168 -53.9951 -62.1072 89.1367 971.267
GPRESSAVG: 295000 -293.595 8.53801 -17.7443 -0.56717 -350.315 -54.1796 -61.7741 89.3499 971.711
ENERGY:  295000         0.0000         0.0000         0.0000         0.0000          -5581.4107       400.7529         0.0000         0.0000       928.5167          -4252.1411       294.9816     -5180.6578     -4250.2247       300.9360            524.8214       551.4932     22774.8499       109.2296       109.2671

LDB: ============= START OF LOAD BALANCING ============== 1005.36
LDB: ============== END OF LOAD BALANCING =============== 1005.36
Info: useSync: 0 useProxySync: 0
LDB: =============== DONE WITH MIGRATION ================ 1005.36
LDB: ============= START OF LOAD BALANCING ============== 1005.5
LDB: Largest compute 17 load 0.008796 is 14.8% of average load 0.059296
LDB: Average compute 0.002389 is 4.0% of average load 0.059296
LDB: TIME 1005.5 LOAD: AVG 0.0592958 MAX 0.133642  PROXIES: TOTAL 28 MAXPE 3 MAXPATCH 5 None MEM: 0.14257 MB
LDB: TIME 1005.5 LOAD: AVG 0.0592958 MAX 0.133642  PROXIES: TOTAL 33 MAXPE 5 MAXPATCH 7 RefineTorusLB MEM: 0.14257 MB
LDB: TIME 1005.5 LOAD: AVG 0.0592958 MAX 0.133642  PROXIES: TOTAL 33 MAXPE 5 MAXPATCH 7 RefineTorusLB MEM: 0.14257 MB
LDB: Reverting to original mapping
LDB: ============== END OF LOAD BALANCING =============== 1005.5
Info: useSync: 0 useProxySync: 0
LDB: =============== DONE WITH MIGRATION ================ 1005.5
LDB: ============= START OF LOAD BALANCING ============== 1011.16
LDB: ============== END OF LOAD BALANCING =============== 1011.16
Info: useSync: 0 useProxySync: 0
LDB: =============== DONE WITH MIGRATION ================ 1011.16
LDB: ============= START OF LOAD BALANCING ============== 1011.3
LDB: Largest compute 17 load 0.009816 is 16.0% of average load 0.061217
LDB: Average compute 0.002450 is 4.0% of average load 0.061217
LDB: TIME 1011.3 LOAD: AVG 0.0612173 MAX 0.138066  PROXIES: TOTAL 28 MAXPE 3 MAXPATCH 5 None MEM: 0.14257 MB
LDB: TIME 1011.3 LOAD: AVG 0.0612173 MAX 0.138066  PROXIES: TOTAL 33 MAXPE 5 MAXPATCH 7 RefineTorusLB MEM: 0.14257 MB
LDB: TIME 1011.3 LOAD: AVG 0.0612173 MAX 0.138066  PROXIES: TOTAL 33 MAXPE 5 MAXPATCH 7 RefineTorusLB MEM: 0.14257 MB
LDB: ============== END OF LOAD BALANCING =============== 1011.3
Info: useSync: 0 useProxySync: 0
LDB: =============== DONE WITH MIGRATION ================ 1011.3
WRITING COORDINATES TO DCD FILE MD.dcd AT STEP 300000
WRITING COORDINATES TO RESTART FILE AT STEP 300000
FINISHED WRITING RESTART COORDINATES
PRESSURE: 300000 -556.131 -346.666 761.549 -631.585 -780.356 22.7304 1120.96 575.039 1288.64
GPRESSURE: 300000 -596.785 -359.065 620.368 -473.746 -663.103 169.246 944.037 627.033 1294.52
PRESSAVG: 300000 -339.345 -28.6644 7.36889 -45.9674 -345.612 -5.47317 48.2199 188.842 1075.28
GPRESSAVG: 300000 -339.512 -28.7217 7.8295 -46.1274 -345.529 -5.30864 47.8457 188.897 1074.89
TIMING: 300000  CPU: 984.572, 0.00356804/step  Wall: 1004.94, 0.00369682/step, 0 hours remaining, 0.142570 MB of memory in use.
PERFORMANCE: 300000  averaging 51.5857 ns/day, 0.00334976 sec/step with standard deviation 0.00038329
ETITLE:      TS           BOND          ANGLE          DIHED          IMPRP               ELECT            VDW       BOUNDARY           MISC        KINETIC               TOTAL           TEMP      POTENTIAL         TOTAL3        TEMPAVG            PRESSURE      GPRESSURE         VOLUME       PRESSAVG      GPRESSAVG

ENERGY:  300000         0.0000         0.0000         0.0000         0.0000          -5614.6561       399.2686         0.0000         0.0000       929.5999          -4285.7876       295.3257     -5215.3875     -4283.7820       303.7930            -15.9494        11.5432     22774.8499       130.1063       129.9487

WRITING EXTENDED SYSTEM TO RESTART FILE AT STEP 300000
WRITING VELOCITIES TO RESTART FILE AT STEP 300000
FINISHED WRITING RESTART VELOCITIES
WRITING EXTENDED SYSTEM TO OUTPUT FILE AT STEP 300000
CLOSING EXTENDED SYSTEM TRAJECTORY FILE
WRITING COORDINATES TO OUTPUT FILE AT STEP 300000
CLOSING COORDINATE DCD FILE MD.dcd
WRITING VELOCITIES TO OUTPUT FILE AT STEP 300000
====================================================

WallClock: 1016.568481  CPUTime: 995.945190  Memory: 0.142570 MB
[Partition 0][Node 0] End of program
