Charm++: standalone mode (not using charmrun)
Charm++> Running in Multicore mode: 12 threads (PEs)
Charm++> Using recursive bisection (scheme 3) for topology aware partitions
Converse/Charm++ Commit ID: 
CharmLB> Load balancer assumes all CPUs are same.
Charm++> Running on 1 hosts (1 sockets x 6 cores x 2 PUs = 12-way SMP)
Charm++> cpu topology info is gathered in 0.000 seconds.
CharmLB> Load balancing instrumentation for communication is off.
Info: NAMD Git-2025-12-04 for Linux-x86_64-multicore
Info: 
Info: Please visit http://www.ks.uiuc.edu/Research/namd/
Info: for updates, documentation, and support information.
Info: 
Info: Please cite Phillips et al., J. Chem. Phys. 153:044130 (2020) doi:10.1063/5.0014475
Info: in all publications reporting results obtained with NAMD.
Info: 
Info: Based on Charm++/Converse 80000 for multicore-linux-x86_64-gcc
Info: Built Thu Dec 4 09:25:02 CST 2025 by dhardy on athine.ks.uiuc.edu
Info: Source code at Git commit ID b856a9378ca44bcf5aa708d4b681af4ceb86d8ca
Info: 1 NAMD  Git-2025-12-04  Linux-x86_64-multicore  12    CCBC-pc4-15-L  1630649@uab.cat
Info: Running on 12 processors, 1 nodes, 1 physical nodes.
Info: CPU topology information available.
Info: Charm++/Converse parallel runtime startup completed at 0.00595895 s
CkLoopLib is used in SMP with simple dynamic scheduling (converse-level notification)
Info: 819.949 MB of memory in use based on /proc/self/stat
Info: Configuration file is equilibrationNpzT.namd
Info: Working in the current directory /home/UAB/1630649/Documents/2026-04-30 SSN/Simulation/equilibration
TCL: Suspending until startup complete.
Warning: Option "1-4scaling" has been deprecated. Instead use "oneFourScaling".
Info: EXTENDED SYSTEM FILE   ../energy_minimization/minimized.restart.xsc
Warning: The Langevin gamma parameters differ over the particles,
Warning: requiring extra work per step to constrain rigid bonds.
Info: SIMULATION PARAMETERS:
Info: TIMESTEP               2
Info: NUMBER OF STEPS        0
Info: STEPS PER CYCLE        10
Info: PERIODIC CELL BASIS 1  23 0 0
Info: PERIODIC CELL BASIS 2  0 19.919 0
Info: PERIODIC CELL BASIS 3  0 0 52
Info: PERIODIC CELL CENTER   0 0 0
Info: WRAPPING WATERS AROUND PERIODIC BOUNDARIES ON OUTPUT.
Info: WRAPPING ALL CLUSTERS AROUND PERIODIC BOUNDARIES ON OUTPUT.
Info: LOAD BALANCER  Centralized
Info: LOAD BALANCING STRATEGY  New Load Balancers -- DEFAULT
Info: LDB PERIOD             2000 steps
Info: FIRST LDB TIMESTEP     50
Info: LAST LDB TIMESTEP     -1
Info: LDB BACKGROUND SCALING 1
Info: HOM BACKGROUND SCALING 1
Info: PME BACKGROUND SCALING 1
Info: MIN ATOMS PER PATCH    40
Info: EMPTY PATCH LOAD       40 ATOMS
Info: VELOCITY FILE          ../energy_minimization/minimized.restart.vel
Info: CENTER OF MASS MOVING INITIALLY? NO
Info: DIELECTRIC             1
Info: EXCLUDE                SCALED ONE-FOUR
Info: 1-4 ELECTROSTATICS SCALED BY 1
Info: MODIFIED 1-4 VDW PARAMETERS WILL BE USED
Info: DCD FILENAME           MDequil.dcd
Info: DCD FREQUENCY          5000
Info: DCD FIRST STEP         5000
Info: DCD FILE WILL CONTAIN UNIT CELL DATA
Info: XST FILENAME           MDequil.xst
Info: XST FREQUENCY          5000
Info: NO VELOCITY DCD OUTPUT
Info: NO FORCE DCD OUTPUT
Info: OUTPUT FILENAME        MDequil
Info: BINARY OUTPUT FILES WILL BE USED
Info: RESTART FILENAME       MDequil.restart
Info: RESTART FREQUENCY      50000
Info: BINARY RESTART FILES WILL BE USED
Info: NAMD will save positions and velocities to MDequil.crash.csv when  atoms are moving too fast.
Info: SWITCHING ACTIVE
Info: SWITCHING ON           10
Info: SWITCHING OFF          12
Info: PAIRLIST DISTANCE      14
Info: PAIRLIST SHRINK RATE   0.01
Info: PAIRLIST GROW RATE     0.01
Info: PAIRLIST TRIGGER       0.3
Info: PAIRLISTS PER CYCLE    2
Info: PAIRLISTS ENABLED
Info: MARGIN                 0.99
Info: HYDROGEN GROUP CUTOFF  2.5
Info: PATCH DIMENSION        17.49
Info: ENERGY OUTPUT STEPS    5000
Info: ENERGY EVALUATION STEPS    5000
Info: OUTPUT ENERGY PRECISION 4
Info: CROSSTERM ENERGY INCLUDED IN DIHEDRAL
Info: TIMING OUTPUT STEPS    50000
Info: PRESSURE OUTPUT STEPS  5000
Info: FIXED ATOMS ACTIVE
Info: LANGEVIN DYNAMICS ACTIVE
Info: LANGEVIN TEMPERATURE   300
Info: LANGEVIN USING BBK INTEGRATOR
Info: LANGEVIN DAMPING COEFFICIENT IS 1 INVERSE PS
Info: LANGEVIN DYNAMICS NOT APPLIED TO HYDROGENS
Info: LANGEVIN PISTON PRESSURE CONTROL ACTIVE
Info:        TARGET PRESSURE IS 1.01325 BAR
Info:     OSCILLATION PERIOD IS 200 FS
Info:             DECAY TIME IS 100 FS
Info:     PISTON TEMPERATURE IS 300 K
Info:       PRESSURE CONTROL IS GROUP-BASED
Info:    INITIAL STRAIN RATE IS 0 0 0
Info:       CELL FLUCTUATION IS ANISOTROPIC
Info:     CONSTANT AREA PRESSURE CONTROL ACTIVE
Info: PARTICLE MESH EWALD (PME) ACTIVE
Info: PME TOLERANCE               1e-06
Info: PME EWALD COEFFICIENT       0.257952
Info: PME INTERPOLATION ORDER     4
Info: PME GRID DIMENSIONS         24 20 54
Info: PME MAXIMUM GRID SPACING    1
Info: Attempting to read FFTW data from FFTW_NAMD_Git-2025-12-04_Linux-x86_64-multicore.txt
Info: Optimizing 6 FFT steps.  1... 2... 3... 4... 5... 6...   Done.
Info: Writing FFTW data to FFTW_NAMD_Git-2025-12-04_Linux-x86_64-multicore.txt
Info: FULL ELECTROSTATIC EVALUATION FREQUENCY      2
Info: USING VERLET I (r-RESPA) MTS SCHEME.
Info: C1 SPLITTING OF LONG RANGE ELECTROSTATICS
Info: PLACING ATOMS IN PATCHES BY HYDROGEN GROUPS
Info: RIGID BONDS TO HYDROGEN : ALL
Info:         ERROR TOLERANCE : 1e-08
Info:          MAX ITERATIONS : 100
Info: RIGID WATER USING SETTLE ALGORITHM
Info: RANDOM NUMBER SEED     1777544513
Info: USE HYDROGEN BONDS?    NO
Info: COORDINATE PDB         ../input/system.pdb
Info: STRUCTURE FILE         ../input/system.psf
Info: PARAMETER file: CHARMM format! 
Info: PARAMETERS             ../input/par_nanotubes.inp
Info: PARAMETERS             ../input/par_water_ions.inp
Info: USING ARITHMETIC MEAN TO COMBINE L-J SIGMA PARAMETERS
Info: BINARY COORDINATES     ../energy_minimization/minimized.restart.coor
Info: SUMMARY OF PARAMETERS:
Info: 4 BONDS
Info: 2 ANGLES
Info: 1 DIHEDRAL
Info: 0 IMPROPER
Info: 0 CROSSTERM
Info: 16 VDW
Info: 2 VDW_PAIRS
Info: 0 NBTHOLE_PAIRS
Info: TIME FOR READING PSF FILE: 0.00850351
Info: Reading pdb file ../input/system.pdb
Info: TIME FOR READING PDB FILE: 0.0020858
Info: 
Info: ****************************
Info: STRUCTURE SUMMARY:
Info: 2160 ATOMS
Info: 1872 BONDS
Info: 2064 ANGLES
Info: 2928 DIHEDRALS
Info: 0 IMPROPERS
Info: 0 CROSSTERMS
Info: 0 EXCLUSIONS
Info: 576 FIXED ATOMS
Info: 1584 RIGID BONDS
Info: 0 RIGID BONDS BETWEEN FIXED ATOMS
Info: 3168 DEGREES OF FREEDOM
Info: 1104 HYDROGEN GROUPS
Info: 3 ATOMS IN LARGEST HYDROGEN GROUP
Info: 1104 MIGRATION GROUPS
Info: 3 ATOMS IN LARGEST MIGRATION GROUP
Info: 576 HYDROGEN GROUPS WITH ALL ATOMS FIXED
Info: TOTAL MASS = 16430.5 amu
Info: TOTAL CHARGE = 0 e
Info: MASS DENSITY = 1.14528 g/cm^3
Info: ATOM DENSITY = 0.0906682 atoms/A^3
Info: *****************************
Info: Reading from binary file ../energy_minimization/minimized.restart.coor
Info: 
Info: Entering startup at 12.6675 s, 0.478235 MB of memory in use
Info: Startup phase 0 took 0.0179041 s, 0.478235 MB of memory in use
Info: ADDED 6144 IMPLICIT EXCLUSIONS
Info: Startup phase 1 took 0.0196484 s, 0.478235 MB of memory in use
Info: NONBONDED TABLE R-SQUARED SPACING: 0.0625
Info: NONBONDED TABLE SIZE: 769 POINTS
Info: INCONSISTENCY IN FAST TABLE ENERGY VS FORCE: 0.000325096 AT 11.9556
Info: INCONSISTENCY IN SCOR TABLE ENERGY VS FORCE: 0.000324844 AT 11.9556
Info: INCONSISTENCY IN VDWA TABLE ENERGY VS FORCE: 0.0040507 AT 0.251946
Info: INCONSISTENCY IN VDWB TABLE ENERGY VS FORCE: 0.00150189 AT 0.251946
Info: Startup phase 2 took 0.010346 s, 0.478235 MB of memory in use
Info: Startup phase 3 took 0.0190029 s, 0.478235 MB of memory in use
Info: Startup phase 4 took 0.0180006 s, 0.478235 MB of memory in use
Info: Startup phase 5 took 0.0179971 s, 0.478235 MB of memory in use
Info: PATCH GRID IS 2 (PERIODIC) BY 1 (PERIODIC) BY 2 (PERIODIC)
Info: PATCH GRID IS 2-AWAY BY 1-AWAY BY 1-AWAY
Info: Reading from binary file ../energy_minimization/minimized.restart.vel
Info: REMOVING COM VELOCITY 0 0 0
Info: LARGEST PATCH (0) HAS 564 ATOMS
Info: TORUS A SIZE 1 USING 0
Info: TORUS B SIZE 1 USING 0
Info: TORUS C SIZE 1 USING 0
Info: TORUS MINIMAL MESH SIZE IS 1 BY 1 BY 1
Info: Placed 100% of base nodes on same physical node as patch
Info: Startup phase 6 took 0.0190079 s, 0.478235 MB of memory in use
Info: PME using 12 and 10 processors for FFT and reciprocal sum.
Info: PME GRID LOCATIONS: 0 1 2 3 4 5 6 7 8 9 ...
Info: PME TRANS LOCATIONS: 1 2 3 4 5 6 8 9 10 11
Info: PME USING 1 GRID NODES AND 1 TRANS NODES
Info: Optimizing 4 FFT steps.  1... 2... 3... 4...   Done.
Info: Startup phase 7 took 0.00699546 s, 0.478235 MB of memory in use
Info: Startup phase 8 took 0.00683594 s, 0.478235 MB of memory in use
Info: Startup phase 9 took 0.00816709 s, 0.478235 MB of memory in use
Info: Startup phase 10 took 0.00899668 s, 0.478235 MB of memory in use
Info: Startup phase 11 took 0.0120214 s, 0.478235 MB of memory in use
LDB: Central LB being created...
Info: Startup phase 12 took 0.00777517 s, 0.478235 MB of memory in use
Info: Startup phase 13 took 0.00316715 s, 0.478235 MB of memory in use
Info: Startup phase 14 took 0.00303503 s, 0.478235 MB of memory in use
Info: Startup phase 15 took 0.00331005 s, 0.478235 MB of memory in use
Info: CREATING 136 COMPUTE OBJECTS
Info: useSync: 0 useProxySync: 0
Info: Startup phase 16 took 0.00423912 s, 0.478235 MB of memory in use
Info: Startup phase 17 took 0.00318173 s, 0.478235 MB of memory in use
Info: Startup phase 18 took 3.8096e-05 s, 0.478235 MB of memory in use
Info: Finished startup at 12.8572 s, 0.478235 MB of memory in use

TCL: Running for 500000 steps
PRESSURE: 0 2921.08 147.195 539.045 -344.051 4237.05 -1130.15 -2331.38 -1092.04 12390.6
GPRESSURE: 0 2928.3 218.738 601.067 -128.146 4291.18 -1204.91 -2367.29 -977.988 12365.5
ETITLE:      TS           BOND          ANGLE          DIHED          IMPRP               ELECT            VDW       BOUNDARY           MISC        KINETIC               TOTAL           TEMP      POTENTIAL         TOTAL3        TEMPAVG            PRESSURE      GPRESSURE         VOLUME       PRESSAVG      GPRESSAVG

ENERGY:       0         0.0000         0.0000         0.0000         0.0000          -5460.6262       775.2765         0.0000         0.0000         0.0000          -4685.3498         0.0000     -4685.3498     -4684.5917         0.0000           6516.2573      6528.3349     23823.1240      6516.2573      6528.3349

OPENING EXTENDED SYSTEM TRAJECTORY FILE
LDB: ============= START OF LOAD BALANCING ============== 12.9474
LDB: ============== END OF LOAD BALANCING =============== 12.9475
Info: useSync: 0 useProxySync: 0
LDB: =============== DONE WITH MIGRATION ================ 12.9714
LDB: ============= START OF LOAD BALANCING ============== 13.1985
LDB: Largest compute 4 load 0.045283 is 120.7% of average load 0.037502
LDB: Average compute 0.003383 is 9.0% of average load 0.037502
LDB: Partitioning computes with target load 0.006767
LDB: Increased migratable compute count from 112 to 148
LDB: Largest unpartitionable compute is 0.000399
LDB: ============== END OF LOAD BALANCING =============== 13.2174
Info: useSync: 0 useProxySync: 0
LDB: =============== DONE WITH MIGRATION ================ 13.2974
Info: Initial time: 12 CPUs 0.0061724 s/step 0.0357199 days/ns 0.478235 MB memory
LDB: ============= START OF LOAD BALANCING ============== 13.3569
LDB: ============== END OF LOAD BALANCING =============== 13.3604
Info: useSync: 0 useProxySync: 0
LDB: =============== DONE WITH MIGRATION ================ 13.3734
LDB: ============= START OF LOAD BALANCING ============== 13.6918
LDB: Largest compute 146 load 0.027057 is 66.4% of average load 0.040755
LDB: Average compute 0.002724 is 6.7% of average load 0.040755
LDB: TIME 13.6936 LOAD: AVG 0.0407548 MAX 0.100201  PROXIES: TOTAL 24 MAXPE 4 MAXPATCH 6 None MEM: 0.478235 MB
LDB: TIME 13.6937 LOAD: AVG 0.0407548 MAX 0.0488899  PROXIES: TOTAL 24 MAXPE 4 MAXPATCH 6 TorusLB MEM: 0.478235 MB
LDB: ============== END OF LOAD BALANCING =============== 13.6954
Info: useSync: 0 useProxySync: 0
LDB: =============== DONE WITH MIGRATION ================ 13.7103
Info: Initial time: 12 CPUs 0.00815501 s/step 0.0471933 days/ns 0.478235 MB memory
LDB: ============= START OF LOAD BALANCING ============== 14.1176
LDB: Largest compute 141 load 0.025806 is 51.4% of average load 0.050240
LDB: Average compute 0.003428 is 6.8% of average load 0.050240
LDB: TIME 14.1191 LOAD: AVG 0.05024 MAX 0.073351  PROXIES: TOTAL 24 MAXPE 4 MAXPATCH 6 None MEM: 0.478235 MB
LDB: TIME 14.1192 LOAD: AVG 0.05024 MAX 0.073351  PROXIES: TOTAL 24 MAXPE 4 MAXPATCH 6 RefineTorusLB MEM: 0.478235 MB
LDB: TIME 14.1194 LOAD: AVG 0.05024 MAX 0.0547707  PROXIES: TOTAL 25 MAXPE 4 MAXPATCH 7 RefineTorusLB MEM: 0.478235 MB
LDB: ============== END OF LOAD BALANCING =============== 14.1234
Info: useSync: 0 useProxySync: 0
LDB: =============== DONE WITH MIGRATION ================ 14.1694
Info: Initial time: 12 CPUs 0.00756678 s/step 0.0437892 days/ns 0.478235 MB memory
LDB: ============= START OF LOAD BALANCING ============== 14.5025
LDB: Largest compute 150 load 0.018325 is 34.8% of average load 0.052679
LDB: Average compute 0.003618 is 6.9% of average load 0.052679
LDB: TIME 14.5085 LOAD: AVG 0.0526785 MAX 0.0845161  PROXIES: TOTAL 24 MAXPE 4 MAXPATCH 6 None MEM: 0.478235 MB
LDB: TIME 14.5085 LOAD: AVG 0.0526785 MAX 0.0845161  PROXIES: TOTAL 25 MAXPE 4 MAXPATCH 7 RefineTorusLB MEM: 0.478235 MB
LDB: TIME 14.5086 LOAD: AVG 0.0526785 MAX 0.0563297  PROXIES: TOTAL 27 MAXPE 4 MAXPATCH 7 RefineTorusLB MEM: 0.478235 MB
LDB: ============== END OF LOAD BALANCING =============== 14.5144
Info: useSync: 0 useProxySync: 0
LDB: =============== DONE WITH MIGRATION ================ 14.5604
Info: Benchmark time: 12 CPUs 0.00669633 s/step 0.0387519 days/ns 0.478235 MB memory
Info: Benchmark time: 12 CPUs 0.00667765 s/step 0.0386438 days/ns 0.478235 MB memory
Info: Benchmark time: 12 CPUs 0.00690413 s/step 0.0399544 days/ns 0.478235 MB memory
Info: Benchmark time: 12 CPUs 0.00525803 s/step 0.0304284 days/ns 0.478235 MB memory
Info: Benchmark time: 12 CPUs 0.00689398 s/step 0.0398957 days/ns 0.478235 MB memory
Info: Benchmark time: 12 CPUs 0.00758218 s/step 0.0438783 days/ns 0.478235 MB memory
LDB: ============= START OF LOAD BALANCING ============== 27.4795
LDB: ============== END OF LOAD BALANCING =============== 27.4824
Info: useSync: 0 useProxySync: 0
LDB: =============== DONE WITH MIGRATION ================ 27.4914
LDB: ============= START OF LOAD BALANCING ============== 27.9355
LDB: Largest compute 34 load 0.012612 is 24.9% of average load 0.050669
LDB: Average compute 0.003253 is 6.4% of average load 0.050669
LDB: TIME 27.9385 LOAD: AVG 0.0506691 MAX 0.0671642  PROXIES: TOTAL 24 MAXPE 4 MAXPATCH 6 None MEM: 0.478235 MB
LDB: TIME 27.9385 LOAD: AVG 0.0506691 MAX 0.0671642  PROXIES: TOTAL 27 MAXPE 4 MAXPATCH 7 RefineTorusLB MEM: 0.478235 MB
LDB: TIME 27.9387 LOAD: AVG 0.0506691 MAX 0.0550804  PROXIES: TOTAL 27 MAXPE 4 MAXPATCH 7 RefineTorusLB MEM: 0.478235 MB
LDB: ============== END OF LOAD BALANCING =============== 27.9444
Info: useSync: 0 useProxySync: 0
LDB: =============== DONE WITH MIGRATION ================ 27.9924
LDB: ============= START OF LOAD BALANCING ============== 41.6155
LDB: ============== END OF LOAD BALANCING =============== 41.6214
Info: useSync: 0 useProxySync: 0
LDB: =============== DONE WITH MIGRATION ================ 41.6454
LDB: ============= START OF LOAD BALANCING ============== 41.9885
LDB: Largest compute 145 load 0.019574 is 40.0% of average load 0.048929
LDB: Average compute 0.003376 is 6.9% of average load 0.048929
LDB: TIME 41.9928 LOAD: AVG 0.0489293 MAX 0.0619131  PROXIES: TOTAL 24 MAXPE 4 MAXPATCH 6 None MEM: 0.478235 MB
LDB: TIME 41.9929 LOAD: AVG 0.0489293 MAX 0.0619131  PROXIES: TOTAL 27 MAXPE 4 MAXPATCH 7 RefineTorusLB MEM: 0.478235 MB
LDB: TIME 41.993 LOAD: AVG 0.0489293 MAX 0.0532837  PROXIES: TOTAL 27 MAXPE 4 MAXPATCH 7 RefineTorusLB MEM: 0.478235 MB
LDB: ============== END OF LOAD BALANCING =============== 41.997
Info: useSync: 0 useProxySync: 0
LDB: =============== DONE WITH MIGRATION ================ 42.0374
PRESSURE: 5000 -612.731 -169.635 168.835 201.259 172.578 177.987 47.9168 -47.2304 994.848
GPRESSURE: 5000 -627.188 -197.183 -80.7775 266.35 260.956 280.52 110.484 16.7431 914.326
PRESSAVG: 5000 -337.028 -34.2651 -54.9727 -5.30909 -290.327 -50.9108 -58.1419 7.09303 0.2056
GPRESSAVG: 5000 -336.827 -34.5034 -55.1292 -5.47298 -290.217 -50.5341 -58.3019 6.97146 0.241403
ENERGY:    5000         0.0000         0.0000         0.0000         0.0000          -5696.7997       527.9089         0.0000         0.0000       936.7779          -4232.1130       297.6061     -5168.8909     -4231.3958       280.4154            184.8982       182.6980     23569.6721      -209.0498      -208.9343

OPENING COORDINATE DCD FILE
WRITING COORDINATES TO DCD FILE MDequil.dcd AT STEP 5000
The last position output (seq=5000) takes 0.852 seconds, 0.478 MB of memory in use
LDB: ============= START OF LOAD BALANCING ============== 56.1591
LDB: ============== END OF LOAD BALANCING =============== 56.1624
Info: useSync: 0 useProxySync: 0
LDB: =============== DONE WITH MIGRATION ================ 56.1754
LDB: ============= START OF LOAD BALANCING ============== 56.4481
LDB: Largest compute 163 load 0.011586 is 24.2% of average load 0.047789
LDB: Average compute 0.003240 is 6.8% of average load 0.047789
LDB: TIME 56.4535 LOAD: AVG 0.047789 MAX 0.0576142  PROXIES: TOTAL 24 MAXPE 4 MAXPATCH 6 None MEM: 0.478235 MB
LDB: TIME 56.4535 LOAD: AVG 0.047789 MAX 0.0576142  PROXIES: TOTAL 27 MAXPE 4 MAXPATCH 7 RefineTorusLB MEM: 0.478235 MB
LDB: TIME 56.4536 LOAD: AVG 0.047789 MAX 0.0521307  PROXIES: TOTAL 27 MAXPE 4 MAXPATCH 7 RefineTorusLB MEM: 0.478235 MB
LDB: ============== END OF LOAD BALANCING =============== 56.4594
Info: useSync: 0 useProxySync: 0
LDB: =============== DONE WITH MIGRATION ================ 56.5084
LDB: ============= START OF LOAD BALANCING ============== 64.1724
LDB: ============== END OF LOAD BALANCING =============== 64.1725
Info: useSync: 0 useProxySync: 0
LDB: =============== DONE WITH MIGRATION ================ 64.1726
LDB: ============= START OF LOAD BALANCING ============== 64.2342
LDB: Largest compute 163 load 0.010912 is 23.1% of average load 0.047196
LDB: Average compute 0.003320 is 7.0% of average load 0.047196
LDB: TIME 64.2343 LOAD: AVG 0.0471961 MAX 0.0568461  PROXIES: TOTAL 24 MAXPE 4 MAXPATCH 6 None MEM: 0.478235 MB
LDB: TIME 64.2344 LOAD: AVG 0.0471961 MAX 0.0568461  PROXIES: TOTAL 27 MAXPE 4 MAXPATCH 7 RefineTorusLB MEM: 0.478235 MB
LDB: TIME 64.2345 LOAD: AVG 0.0471961 MAX 0.0511841  PROXIES: TOTAL 27 MAXPE 4 MAXPATCH 7 RefineTorusLB MEM: 0.478235 MB
LDB: ============== END OF LOAD BALANCING =============== 64.2346
Info: useSync: 0 useProxySync: 0
LDB: =============== DONE WITH MIGRATION ================ 64.2348
PRESSURE: 10000 -831.957 274.149 338.641 349.282 -564.136 -637.87 216.12 -293.839 188.772
GPRESSURE: 10000 -801.856 523.976 403.358 32.1535 -549.217 -962.499 331.262 -369.669 157.901
PRESSAVG: 10000 -305.784 17.0108 33.1991 3.34326 -360.331 -19.4819 8.70716 -62.4373 -4.2534
GPRESSAVG: 10000 -305.74 16.6985 33.3807 3.34455 -360.26 -19.3645 8.25284 -62.5988 -4.39953
ENERGY:   10000         0.0000         0.0000         0.0000         0.0000          -5519.5975       420.7331         0.0000         0.0000       947.4248          -4151.4396       300.9886     -5098.8644     -4148.4868       298.6988           -402.4403      -397.7241     23403.2721      -223.4562      -223.4665

WRITING COORDINATES TO DCD FILE MDequil.dcd AT STEP 10000
The last position output (seq=10000) takes 0.000 seconds, 0.478 MB of memory in use
LDB: ============= START OF LOAD BALANCING ============== 66.5529
LDB: ============== END OF LOAD BALANCING =============== 66.553
Info: useSync: 0 useProxySync: 0
LDB: =============== DONE WITH MIGRATION ================ 66.5531
LDB: ============= START OF LOAD BALANCING ============== 66.6132
LDB: Largest compute 162 load 0.010936 is 22.9% of average load 0.047735
LDB: Average compute 0.003355 is 7.0% of average load 0.047735
LDB: TIME 66.6134 LOAD: AVG 0.0477351 MAX 0.0523479  PROXIES: TOTAL 24 MAXPE 4 MAXPATCH 6 None MEM: 0.478235 MB
LDB: TIME 66.6134 LOAD: AVG 0.0477351 MAX 0.0523479  PROXIES: TOTAL 27 MAXPE 4 MAXPATCH 7 RefineTorusLB MEM: 0.478235 MB
LDB: TIME 66.6135 LOAD: AVG 0.0477351 MAX 0.0514263  PROXIES: TOTAL 28 MAXPE 4 MAXPATCH 7 RefineTorusLB MEM: 0.478235 MB
LDB: ============== END OF LOAD BALANCING =============== 66.6135
Info: useSync: 0 useProxySync: 0
LDB: =============== DONE WITH MIGRATION ================ 66.6137
LDB: ============= START OF LOAD BALANCING ============== 68.874
LDB: ============== END OF LOAD BALANCING =============== 68.8741
Info: useSync: 0 useProxySync: 0
LDB: =============== DONE WITH MIGRATION ================ 68.8742
LDB: ============= START OF LOAD BALANCING ============== 68.9311
LDB: Largest compute 163 load 0.010935 is 22.8% of average load 0.047973
LDB: Average compute 0.003372 is 7.0% of average load 0.047973
LDB: TIME 68.9312 LOAD: AVG 0.0479732 MAX 0.0524475  PROXIES: TOTAL 24 MAXPE 4 MAXPATCH 6 None MEM: 0.478235 MB
LDB: TIME 68.9313 LOAD: AVG 0.0479732 MAX 0.0524475  PROXIES: TOTAL 28 MAXPE 4 MAXPATCH 7 RefineTorusLB MEM: 0.478235 MB
LDB: TIME 68.9313 LOAD: AVG 0.0479732 MAX 0.052215  PROXIES: TOTAL 28 MAXPE 4 MAXPATCH 7 RefineTorusLB MEM: 0.478235 MB
LDB: ============== END OF LOAD BALANCING =============== 68.9313
Info: useSync: 0 useProxySync: 0
LDB: =============== DONE WITH MIGRATION ================ 68.9316
LDB: ============= START OF LOAD BALANCING ============== 71.1812
LDB: ============== END OF LOAD BALANCING =============== 71.1813
Info: useSync: 0 useProxySync: 0
LDB: =============== DONE WITH MIGRATION ================ 71.1815
LDB: ============= START OF LOAD BALANCING ============== 71.2388
LDB: Largest compute 163 load 0.010799 is 22.5% of average load 0.048042
LDB: Average compute 0.003388 is 7.1% of average load 0.048042
LDB: TIME 71.2389 LOAD: AVG 0.0480419 MAX 0.0508618  PROXIES: TOTAL 24 MAXPE 4 MAXPATCH 6 None MEM: 0.478235 MB
LDB: TIME 71.239 LOAD: AVG 0.0480419 MAX 0.0508618  PROXIES: TOTAL 28 MAXPE 4 MAXPATCH 7 RefineTorusLB MEM: 0.478235 MB
LDB: TIME 71.239 LOAD: AVG 0.0480419 MAX 0.0508618  PROXIES: TOTAL 28 MAXPE 4 MAXPATCH 7 RefineTorusLB MEM: 0.478235 MB
LDB: ============== END OF LOAD BALANCING =============== 71.239
Info: useSync: 0 useProxySync: 0
LDB: =============== DONE WITH MIGRATION ================ 71.2393
PRESSURE: 15000 -363.13 -183.522 82.3869 256.574 -158.295 113.379 410.816 250.36 801.711
GPRESSURE: 15000 -363.521 -447.16 182.277 36.2053 -161.982 9.06515 256.346 318.271 910.462
PRESSAVG: 15000 -300.974 -8.77512 38.177 -9.18856 -278.108 -24.3301 103.498 -30.571 0.544549
GPRESSAVG: 15000 -301.257 -8.87906 38.2238 -9.06086 -278.141 -24.3642 103.769 -30.6549 0.535517
ENERGY:   15000         0.0000         0.0000         0.0000         0.0000          -5654.7847       448.8003         0.0000         0.0000       926.5215          -4279.4630       294.3477     -5205.9845     -4277.1077       303.8433             93.4286       128.3195     22952.3445      -192.8459      -192.9541

WRITING COORDINATES TO DCD FILE MDequil.dcd AT STEP 15000
The last position output (seq=15000) takes 0.000 seconds, 0.478 MB of memory in use
LDB: ============= START OF LOAD BALANCING ============== 73.4959
LDB: ============== END OF LOAD BALANCING =============== 73.496
Info: useSync: 0 useProxySync: 0
LDB: =============== DONE WITH MIGRATION ================ 73.4961
LDB: ============= START OF LOAD BALANCING ============== 73.5541
LDB: Largest compute 166 load 0.010669 is 22.4% of average load 0.047650
LDB: Average compute 0.003351 is 7.0% of average load 0.047650
LDB: TIME 73.5543 LOAD: AVG 0.0476503 MAX 0.0514591  PROXIES: TOTAL 24 MAXPE 4 MAXPATCH 6 None MEM: 0.478235 MB
LDB: TIME 73.5543 LOAD: AVG 0.0476503 MAX 0.0514591  PROXIES: TOTAL 28 MAXPE 4 MAXPATCH 7 RefineTorusLB MEM: 0.478235 MB
LDB: TIME 73.5543 LOAD: AVG 0.0476503 MAX 0.0514591  PROXIES: TOTAL 28 MAXPE 4 MAXPATCH 7 RefineTorusLB MEM: 0.478235 MB
LDB: ============== END OF LOAD BALANCING =============== 73.5544
Info: useSync: 0 useProxySync: 0
LDB: =============== DONE WITH MIGRATION ================ 73.5546
LDB: ============= START OF LOAD BALANCING ============== 75.9124
LDB: ============== END OF LOAD BALANCING =============== 75.9126
Info: useSync: 0 useProxySync: 0
LDB: =============== DONE WITH MIGRATION ================ 75.9126
LDB: ============= START OF LOAD BALANCING ============== 75.9802
LDB: Largest compute 163 load 0.014136 is 25.7% of average load 0.055088
LDB: Average compute 0.003882 is 7.0% of average load 0.055088
LDB: TIME 75.9804 LOAD: AVG 0.0550881 MAX 0.0595182  PROXIES: TOTAL 24 MAXPE 4 MAXPATCH 6 None MEM: 0.478235 MB
LDB: TIME 75.9805 LOAD: AVG 0.0550881 MAX 0.0595182  PROXIES: TOTAL 28 MAXPE 4 MAXPATCH 7 RefineTorusLB MEM: 0.478235 MB
LDB: TIME 75.9805 LOAD: AVG 0.0550881 MAX 0.0595182  PROXIES: TOTAL 28 MAXPE 4 MAXPATCH 7 RefineTorusLB MEM: 0.478235 MB
LDB: ============== END OF LOAD BALANCING =============== 75.9806
Info: useSync: 0 useProxySync: 0
LDB: =============== DONE WITH MIGRATION ================ 75.9808
PRESSURE: 20000 -154.369 534.773 -982.817 248.113 -626.039 -281.334 -423.48 -300.563 1495.12
GPRESSURE: 20000 -90.5569 649.383 -870.167 150.2 -630.269 -473.227 -540.569 16.6727 1500.35
PRESSAVG: 20000 -367.796 31.8695 -8.30826 -1.54999 -377.234 -38.9228 59.5748 -22.455 -12.0599
GPRESSAVG: 20000 -367.928 32.1738 -8.22771 -1.909 -377.23 -38.9331 59.541 -22.2436 -12.277
ENERGY:   20000         0.0000         0.0000         0.0000         0.0000          -5634.7656       447.4670         0.0000         0.0000       939.1843          -4248.1143       298.3706     -5187.2986     -4245.6607       298.3650            238.2366       259.8401     22969.9016      -252.3633      -252.4785

WRITING COORDINATES TO DCD FILE MDequil.dcd AT STEP 20000
The last position output (seq=20000) takes 0.000 seconds, 0.478 MB of memory in use
LDB: ============= START OF LOAD BALANCING ============== 78.6121
LDB: ============== END OF LOAD BALANCING =============== 78.6122
Info: useSync: 0 useProxySync: 0
LDB: =============== DONE WITH MIGRATION ================ 78.6123
LDB: ============= START OF LOAD BALANCING ============== 78.6777
LDB: Largest compute 163 load 0.012771 is 23.4% of average load 0.054523
LDB: Average compute 0.003843 is 7.0% of average load 0.054523
LDB: TIME 78.6779 LOAD: AVG 0.0545228 MAX 0.0585946  PROXIES: TOTAL 24 MAXPE 4 MAXPATCH 6 None MEM: 0.478235 MB
LDB: TIME 78.6779 LOAD: AVG 0.0545228 MAX 0.0585946  PROXIES: TOTAL 28 MAXPE 4 MAXPATCH 7 RefineTorusLB MEM: 0.478235 MB
LDB: TIME 78.678 LOAD: AVG 0.0545228 MAX 0.0585946  PROXIES: TOTAL 28 MAXPE 4 MAXPATCH 7 RefineTorusLB MEM: 0.478235 MB
LDB: ============== END OF LOAD BALANCING =============== 78.678
Info: useSync: 0 useProxySync: 0
LDB: =============== DONE WITH MIGRATION ================ 78.6783
LDB: ============= START OF LOAD BALANCING ============== 81.2855
LDB: ============== END OF LOAD BALANCING =============== 81.2856
Info: useSync: 0 useProxySync: 0
LDB: =============== DONE WITH MIGRATION ================ 81.2857
LDB: ============= START OF LOAD BALANCING ============== 81.3517
LDB: Largest compute 163 load 0.013890 is 25.4% of average load 0.054671
LDB: Average compute 0.003854 is 7.0% of average load 0.054671
LDB: TIME 81.3518 LOAD: AVG 0.0546708 MAX 0.0585253  PROXIES: TOTAL 24 MAXPE 4 MAXPATCH 6 None MEM: 0.478235 MB
LDB: TIME 81.3519 LOAD: AVG 0.0546708 MAX 0.0585253  PROXIES: TOTAL 28 MAXPE 4 MAXPATCH 7 RefineTorusLB MEM: 0.478235 MB
LDB: TIME 81.3519 LOAD: AVG 0.0546708 MAX 0.0585253  PROXIES: TOTAL 28 MAXPE 4 MAXPATCH 7 RefineTorusLB MEM: 0.478235 MB
LDB: ============== END OF LOAD BALANCING =============== 81.352
Info: useSync: 0 useProxySync: 0
LDB: =============== DONE WITH MIGRATION ================ 81.3522
LDB: ============= START OF LOAD BALANCING ============== 83.9686
LDB: ============== END OF LOAD BALANCING =============== 83.9687
Info: useSync: 0 useProxySync: 0
LDB: =============== DONE WITH MIGRATION ================ 83.9715
LDB: ============= START OF LOAD BALANCING ============== 84.0397
LDB: Largest compute 163 load 0.012932 is 23.7% of average load 0.054675
LDB: Average compute 0.003854 is 7.0% of average load 0.054675
LDB: TIME 84.0399 LOAD: AVG 0.0546749 MAX 0.0610533  PROXIES: TOTAL 24 MAXPE 4 MAXPATCH 6 None MEM: 0.478235 MB
LDB: TIME 84.04 LOAD: AVG 0.0546749 MAX 0.0610533  PROXIES: TOTAL 28 MAXPE 4 MAXPATCH 7 RefineTorusLB MEM: 0.478235 MB
LDB: TIME 84.04 LOAD: AVG 0.0546749 MAX 0.0590941  PROXIES: TOTAL 27 MAXPE 4 MAXPATCH 7 RefineTorusLB MEM: 0.478235 MB
LDB: ============== END OF LOAD BALANCING =============== 84.0401
Info: useSync: 0 useProxySync: 0
LDB: =============== DONE WITH MIGRATION ================ 84.0404
PRESSURE: 25000 -1080.18 -345.649 -254.243 -204.941 -343.107 -638.378 -195.172 -21.6307 62.6687
GPRESSURE: 25000 -990.439 62.8678 -9.48938 -188.485 -323.252 -846.948 -676.288 407.991 -3.67115
PRESSAVG: 25000 -483.165 12.1964 25.0439 14.3845 -345.02 -58.5584 33.9237 -24.1034 -1.26397
GPRESSAVG: 25000 -483.038 12.177 24.9725 14.0911 -345.003 -58.6418 33.7504 -24.3696 -1.0461
ENERGY:   25000         0.0000         0.0000         0.0000         0.0000          -5575.3284       384.8008         0.0000         0.0000       921.8969          -4268.6307       292.8786     -5190.5277     -4267.2956       298.4376           -453.5406      -439.1206     22839.7878      -276.4829      -276.3625

WRITING COORDINATES TO DCD FILE MDequil.dcd AT STEP 25000
The last position output (seq=25000) takes 0.000 seconds, 0.478 MB of memory in use
LDB: ============= START OF LOAD BALANCING ============== 86.6943
LDB: ============== END OF LOAD BALANCING =============== 86.6944
Info: useSync: 0 useProxySync: 0
LDB: =============== DONE WITH MIGRATION ================ 86.6945
LDB: ============= START OF LOAD BALANCING ============== 86.7633
LDB: Largest compute 163 load 0.012288 is 22.8% of average load 0.053973
LDB: Average compute 0.003794 is 7.0% of average load 0.053973
LDB: TIME 86.7635 LOAD: AVG 0.0539729 MAX 0.0601659  PROXIES: TOTAL 24 MAXPE 4 MAXPATCH 6 None MEM: 0.478235 MB
LDB: TIME 86.7635 LOAD: AVG 0.0539729 MAX 0.0601659  PROXIES: TOTAL 27 MAXPE 4 MAXPATCH 7 RefineTorusLB MEM: 0.478235 MB
LDB: TIME 86.7635 LOAD: AVG 0.0539729 MAX 0.0585977  PROXIES: TOTAL 28 MAXPE 4 MAXPATCH 7 RefineTorusLB MEM: 0.478235 MB
LDB: ============== END OF LOAD BALANCING =============== 86.7636
Info: useSync: 0 useProxySync: 0
LDB: =============== DONE WITH MIGRATION ================ 86.7639
LDB: ============= START OF LOAD BALANCING ============== 89.3224
LDB: ============== END OF LOAD BALANCING =============== 89.3226
Info: useSync: 0 useProxySync: 0
LDB: =============== DONE WITH MIGRATION ================ 89.3339
LDB: ============= START OF LOAD BALANCING ============== 89.3982
LDB: Largest compute 163 load 0.012178 is 22.9% of average load 0.053210
LDB: Average compute 0.003752 is 7.1% of average load 0.053210
LDB: TIME 89.3984 LOAD: AVG 0.0532099 MAX 0.0599964  PROXIES: TOTAL 24 MAXPE 4 MAXPATCH 6 None MEM: 0.478235 MB
LDB: TIME 89.3985 LOAD: AVG 0.0532099 MAX 0.0599964  PROXIES: TOTAL 28 MAXPE 4 MAXPATCH 7 RefineTorusLB MEM: 0.478235 MB
LDB: TIME 89.3985 LOAD: AVG 0.0532099 MAX 0.0567802  PROXIES: TOTAL 28 MAXPE 4 MAXPATCH 7 RefineTorusLB MEM: 0.478235 MB
LDB: ============== END OF LOAD BALANCING =============== 89.3986
Info: useSync: 0 useProxySync: 0
LDB: =============== DONE WITH MIGRATION ================ 89.3989
PRESSURE: 30000 -865.396 399.917 -191.841 472.394 -317.422 242.832 38.5857 476.773 -626.121
GPRESSURE: 30000 -959.819 228.14 -456.306 659.647 -353.395 315.018 396.602 420.162 -447.231
PRESSAVG: 30000 -404.669 -22.0813 -17.1271 11.6436 -385.722 -8.24233 -70.7624 30.3676 0.684161
GPRESSAVG: 30000 -404.739 -22.5158 -17.3974 12.3238 -386.202 -8.46599 -70.3451 30.0959 0.731307
ENERGY:   30000         0.0000         0.0000         0.0000         0.0000          -5609.6137       398.6457         0.0000         0.0000       927.7015          -4283.2665       294.7226     -5210.9680     -4280.5719       297.9137           -602.9794      -586.8151     22873.6292      -263.2354      -263.4032

WRITING COORDINATES TO DCD FILE MDequil.dcd AT STEP 30000
The last position output (seq=30000) takes 0.000 seconds, 0.478 MB of memory in use
LDB: ============= START OF LOAD BALANCING ============== 92.0285
LDB: ============== END OF LOAD BALANCING =============== 92.0287
Info: useSync: 0 useProxySync: 0
LDB: =============== DONE WITH MIGRATION ================ 92.0288
LDB: ============= START OF LOAD BALANCING ============== 92.0947
LDB: Largest compute 163 load 0.011945 is 21.7% of average load 0.054961
LDB: Average compute 0.003875 is 7.1% of average load 0.054961
LDB: TIME 92.095 LOAD: AVG 0.0549611 MAX 0.0601918  PROXIES: TOTAL 24 MAXPE 4 MAXPATCH 6 None MEM: 0.478235 MB
LDB: TIME 92.095 LOAD: AVG 0.0549611 MAX 0.0601918  PROXIES: TOTAL 28 MAXPE 4 MAXPATCH 7 RefineTorusLB MEM: 0.478235 MB
LDB: TIME 92.0951 LOAD: AVG 0.0549611 MAX 0.0599384  PROXIES: TOTAL 28 MAXPE 4 MAXPATCH 7 RefineTorusLB MEM: 0.478235 MB
LDB: ============== END OF LOAD BALANCING =============== 92.0952
Info: useSync: 0 useProxySync: 0
LDB: =============== DONE WITH MIGRATION ================ 92.0954
LDB: ============= START OF LOAD BALANCING ============== 94.7558
LDB: ============== END OF LOAD BALANCING =============== 94.756
Info: useSync: 0 useProxySync: 0
LDB: =============== DONE WITH MIGRATION ================ 94.7562
LDB: ============= START OF LOAD BALANCING ============== 94.8258
LDB: Largest compute 163 load 0.012555 is 22.7% of average load 0.055353
LDB: Average compute 0.003903 is 7.1% of average load 0.055353
LDB: TIME 94.8259 LOAD: AVG 0.0553531 MAX 0.0653156  PROXIES: TOTAL 24 MAXPE 4 MAXPATCH 6 None MEM: 0.478235 MB
LDB: TIME 94.826 LOAD: AVG 0.0553531 MAX 0.0653156  PROXIES: TOTAL 28 MAXPE 4 MAXPATCH 7 RefineTorusLB MEM: 0.478235 MB
LDB: TIME 94.8261 LOAD: AVG 0.0553531 MAX 0.0602331  PROXIES: TOTAL 29 MAXPE 4 MAXPATCH 8 RefineTorusLB MEM: 0.478235 MB
LDB: ============== END OF LOAD BALANCING =============== 94.8262
Info: useSync: 0 useProxySync: 0
LDB: =============== DONE WITH MIGRATION ================ 94.8265
LDB: ============= START OF LOAD BALANCING ============== 97.4651
LDB: ============== END OF LOAD BALANCING =============== 97.4652
Info: useSync: 0 useProxySync: 0
LDB: =============== DONE WITH MIGRATION ================ 97.4653
LDB: ============= START OF LOAD BALANCING ============== 97.5324
LDB: Largest compute 163 load 0.012379 is 22.4% of average load 0.055301
LDB: Average compute 0.003905 is 7.1% of average load 0.055301
LDB: TIME 97.5325 LOAD: AVG 0.0553014 MAX 0.0628676  PROXIES: TOTAL 24 MAXPE 4 MAXPATCH 6 None MEM: 0.478235 MB
LDB: TIME 97.5326 LOAD: AVG 0.0553014 MAX 0.0628676  PROXIES: TOTAL 29 MAXPE 4 MAXPATCH 8 RefineTorusLB MEM: 0.478235 MB
LDB: TIME 97.5327 LOAD: AVG 0.0553014 MAX 0.0601406  PROXIES: TOTAL 29 MAXPE 4 MAXPATCH 8 RefineTorusLB MEM: 0.478235 MB
LDB: ============== END OF LOAD BALANCING =============== 97.5327
Info: useSync: 0 useProxySync: 0
LDB: =============== DONE WITH MIGRATION ================ 97.533
PRESSURE: 35000 312.511 504.884 -49.6106 714.052 -78.1946 61.8416 59.9437 -67.2921 1120.96
GPRESSURE: 35000 334.666 255.193 -115.48 813.187 32.4251 214.745 60.1154 172.084 1049.11
PRESSAVG: 35000 -409.992 41.556 7.8857 64.3796 -279.253 10.8962 -10.7701 28.4406 -4.05609
GPRESSAVG: 35000 -410.054 41.5879 7.30321 64.4868 -279.301 10.8754 -10.2203 28.4132 -4.21405
ENERGY:   35000         0.0000         0.0000         0.0000         0.0000          -5650.0850       413.3259         0.0000         0.0000       950.3143          -4286.4448       301.9065     -5236.7591     -4283.9397       301.4711            451.7588       472.0662     22443.1429      -231.1002      -231.1896

WRITING COORDINATES TO DCD FILE MDequil.dcd AT STEP 35000
The last position output (seq=35000) takes 0.000 seconds, 0.478 MB of memory in use
LDB: ============= START OF LOAD BALANCING ============== 100.07
LDB: ============== END OF LOAD BALANCING =============== 100.071
Info: useSync: 0 useProxySync: 0
LDB: =============== DONE WITH MIGRATION ================ 100.071
LDB: ============= START OF LOAD BALANCING ============== 100.135
LDB: Largest compute 163 load 0.012332 is 22.3% of average load 0.055303
LDB: Average compute 0.003893 is 7.0% of average load 0.055303
LDB: TIME 100.135 LOAD: AVG 0.0553031 MAX 0.0594708  PROXIES: TOTAL 24 MAXPE 4 MAXPATCH 6 None MEM: 0.478235 MB
LDB: TIME 100.136 LOAD: AVG 0.0553031 MAX 0.0594708  PROXIES: TOTAL 29 MAXPE 4 MAXPATCH 8 RefineTorusLB MEM: 0.478235 MB
LDB: TIME 100.136 LOAD: AVG 0.0553031 MAX 0.0594708  PROXIES: TOTAL 29 MAXPE 4 MAXPATCH 8 RefineTorusLB MEM: 0.478235 MB
LDB: ============== END OF LOAD BALANCING =============== 100.136
Info: useSync: 0 useProxySync: 0
LDB: =============== DONE WITH MIGRATION ================ 100.136
LDB: ============= START OF LOAD BALANCING ============== 102.785
LDB: ============== END OF LOAD BALANCING =============== 102.785
Info: useSync: 0 useProxySync: 0
LDB: =============== DONE WITH MIGRATION ================ 102.785
LDB: ============= START OF LOAD BALANCING ============== 102.852
LDB: Largest compute 166 load 0.012391 is 22.7% of average load 0.054640
LDB: Average compute 0.003839 is 7.0% of average load 0.054640
LDB: TIME 102.852 LOAD: AVG 0.05464 MAX 0.0598425  PROXIES: TOTAL 24 MAXPE 4 MAXPATCH 6 None MEM: 0.478235 MB
LDB: TIME 102.852 LOAD: AVG 0.05464 MAX 0.0598425  PROXIES: TOTAL 29 MAXPE 4 MAXPATCH 8 RefineTorusLB MEM: 0.478235 MB
LDB: TIME 102.852 LOAD: AVG 0.05464 MAX 0.0595639  PROXIES: TOTAL 29 MAXPE 4 MAXPATCH 8 RefineTorusLB MEM: 0.478235 MB
LDB: ============== END OF LOAD BALANCING =============== 102.852
Info: useSync: 0 useProxySync: 0
LDB: =============== DONE WITH MIGRATION ================ 102.852
PRESSURE: 40000 -199.621 53.7192 -121.798 -123.808 -860.98 -640.674 -149.794 -471.347 433.488
GPRESSURE: 40000 -130.791 -7.8552 -254.271 -196.897 -799.841 -441.552 -188.394 -742.843 383.024
PRESSAVG: 40000 -340.647 -14.9038 1.62945 8.41914 -233.677 26.2605 -3.64155 -29.0976 14.4351
GPRESSAVG: 40000 -340.711 -15.2254 2.18201 8.16966 -234.142 26.3214 -4.17791 -28.7733 14.5867
ENERGY:   40000         0.0000         0.0000         0.0000         0.0000          -5596.0971       390.6284         0.0000         0.0000       950.7157          -4254.7531       302.0340     -5205.4687     -4251.8707       301.2948           -209.0376      -182.5358     22678.9765      -186.6296      -186.7554

WRITING COORDINATES TO DCD FILE MDequil.dcd AT STEP 40000
The last position output (seq=40000) takes 0.000 seconds, 0.478 MB of memory in use
LDB: ============= START OF LOAD BALANCING ============== 105.428
LDB: ============== END OF LOAD BALANCING =============== 105.428
Info: useSync: 0 useProxySync: 0
LDB: =============== DONE WITH MIGRATION ================ 105.428
LDB: ============= START OF LOAD BALANCING ============== 105.493
LDB: Largest compute 163 load 0.012581 is 22.9% of average load 0.054880
LDB: Average compute 0.003866 is 7.0% of average load 0.054880
LDB: TIME 105.493 LOAD: AVG 0.0548797 MAX 0.0587142  PROXIES: TOTAL 24 MAXPE 4 MAXPATCH 6 None MEM: 0.478235 MB
LDB: TIME 105.493 LOAD: AVG 0.0548797 MAX 0.0587142  PROXIES: TOTAL 29 MAXPE 4 MAXPATCH 8 RefineTorusLB MEM: 0.478235 MB
LDB: TIME 105.493 LOAD: AVG 0.0548797 MAX 0.0587142  PROXIES: TOTAL 29 MAXPE 4 MAXPATCH 8 RefineTorusLB MEM: 0.478235 MB
LDB: ============== END OF LOAD BALANCING =============== 105.493
Info: useSync: 0 useProxySync: 0
LDB: =============== DONE WITH MIGRATION ================ 105.493
LDB: ============= START OF LOAD BALANCING ============== 108.002
LDB: ============== END OF LOAD BALANCING =============== 108.002
Info: useSync: 0 useProxySync: 0
LDB: =============== DONE WITH MIGRATION ================ 108.003
LDB: ============= START OF LOAD BALANCING ============== 108.067
LDB: Largest compute 163 load 0.013572 is 24.8% of average load 0.054747
LDB: Average compute 0.003845 is 7.0% of average load 0.054747
LDB: TIME 108.067 LOAD: AVG 0.0547466 MAX 0.0599773  PROXIES: TOTAL 24 MAXPE 4 MAXPATCH 6 None MEM: 0.478235 MB
LDB: TIME 108.067 LOAD: AVG 0.0547466 MAX 0.0599773  PROXIES: TOTAL 29 MAXPE 4 MAXPATCH 8 RefineTorusLB MEM: 0.478235 MB
LDB: TIME 108.067 LOAD: AVG 0.0547466 MAX 0.0597186  PROXIES: TOTAL 29 MAXPE 4 MAXPATCH 8 RefineTorusLB MEM: 0.478235 MB
LDB: ============== END OF LOAD BALANCING =============== 108.067
Info: useSync: 0 useProxySync: 0
LDB: =============== DONE WITH MIGRATION ================ 108.067
LDB: ============= START OF LOAD BALANCING ============== 110.618
LDB: ============== END OF LOAD BALANCING =============== 110.618
Info: useSync: 0 useProxySync: 0
LDB: =============== DONE WITH MIGRATION ================ 110.618
LDB: ============= START OF LOAD BALANCING ============== 110.683
LDB: Largest compute 163 load 0.012749 is 23.1% of average load 0.055296
LDB: Average compute 0.003892 is 7.0% of average load 0.055296
LDB: TIME 110.683 LOAD: AVG 0.0552962 MAX 0.0599294  PROXIES: TOTAL 24 MAXPE 4 MAXPATCH 6 None MEM: 0.478235 MB
LDB: TIME 110.683 LOAD: AVG 0.0552962 MAX 0.0599294  PROXIES: TOTAL 29 MAXPE 4 MAXPATCH 8 RefineTorusLB MEM: 0.478235 MB
LDB: TIME 110.683 LOAD: AVG 0.0552962 MAX 0.0599294  PROXIES: TOTAL 29 MAXPE 4 MAXPATCH 8 RefineTorusLB MEM: 0.478235 MB
LDB: ============== END OF LOAD BALANCING =============== 110.683
Info: useSync: 0 useProxySync: 0
LDB: =============== DONE WITH MIGRATION ================ 110.684
WRITING COORDINATES TO DCD FILE MDequil.dcd AT STEP 45000
The last position output (seq=45000) takes 0.000 seconds, 0.478 MB of memory in use
PRESSURE: 45000 -268.601 -397.197 42.2538 -453.383 -531.361 -198.004 263.135 -377.611 548.845
GPRESSURE: 45000 -412.927 -550.505 297.188 -331.017 -436.692 -175.629 370.157 -276.375 624.742
PRESSAVG: 45000 -453.558 8.85497 72.1356 -49.3311 -388.125 16.4914 37.7339 20.4106 -10.4665
GPRESSAVG: 45000 -453.833 9.17429 72.2558 -49.0871 -388.087 16.3997 37.699 20.4598 -10.0655
ENERGY:   45000         0.0000         0.0000         0.0000         0.0000          -5584.6531       387.8588         0.0000         0.0000       980.8245          -4215.9698       311.5993     -5196.7943     -4214.4902       302.6828            -83.7053       -74.9589     22613.2826      -284.0498      -283.9950

LDB: ============= START OF LOAD BALANCING ============== 113.237
LDB: ============== END OF LOAD BALANCING =============== 113.237
Info: useSync: 0 useProxySync: 0
LDB: =============== DONE WITH MIGRATION ================ 113.237
LDB: ============= START OF LOAD BALANCING ============== 113.301
LDB: Largest compute 163 load 0.013357 is 24.3% of average load 0.054947
LDB: Average compute 0.003866 is 7.0% of average load 0.054947
LDB: TIME 113.301 LOAD: AVG 0.0549473 MAX 0.058818  PROXIES: TOTAL 24 MAXPE 4 MAXPATCH 6 None MEM: 0.478235 MB
LDB: TIME 113.302 LOAD: AVG 0.0549473 MAX 0.058818  PROXIES: TOTAL 29 MAXPE 4 MAXPATCH 8 RefineTorusLB MEM: 0.478235 MB
LDB: TIME 113.302 LOAD: AVG 0.0549473 MAX 0.058818  PROXIES: TOTAL 29 MAXPE 4 MAXPATCH 8 RefineTorusLB MEM: 0.478235 MB
LDB: ============== END OF LOAD BALANCING =============== 113.302
Info: useSync: 0 useProxySync: 0
LDB: =============== DONE WITH MIGRATION ================ 113.302
LDB: ============= START OF LOAD BALANCING ============== 115.858
LDB: ============== END OF LOAD BALANCING =============== 115.861
Info: useSync: 0 useProxySync: 0
LDB: =============== DONE WITH MIGRATION ================ 115.861
LDB: ============= START OF LOAD BALANCING ============== 115.926
LDB: Largest compute 162 load 0.012813 is 23.4% of average load 0.054688
LDB: Average compute 0.003841 is 7.0% of average load 0.054688
LDB: TIME 115.927 LOAD: AVG 0.0546877 MAX 0.0609931  PROXIES: TOTAL 24 MAXPE 4 MAXPATCH 6 None MEM: 0.478235 MB
LDB: TIME 115.927 LOAD: AVG 0.0546877 MAX 0.0609931  PROXIES: TOTAL 29 MAXPE 4 MAXPATCH 8 RefineTorusLB MEM: 0.478235 MB
LDB: TIME 115.927 LOAD: AVG 0.0546877 MAX 0.059664  PROXIES: TOTAL 29 MAXPE 4 MAXPATCH 8 RefineTorusLB MEM: 0.478235 MB
LDB: ============== END OF LOAD BALANCING =============== 115.927
Info: useSync: 0 useProxySync: 0
LDB: =============== DONE WITH MIGRATION ================ 115.927
PRESSURE: 50000 69.8613 167.343 203.548 373.776 -930.553 157.206 134.194 617.878 -581.17
GPRESSURE: 50000 -149.827 463.553 312 330.814 -927.539 -244.55 18.8429 570.564 -316.009
PRESSAVG: 50000 -255.829 12.5011 -8.38245 -8.8602 -315.301 -23.6154 -11.3826 -33.2234 3.85673
GPRESSAVG: 50000 -255.925 12.346 -8.79133 -8.58658 -315.362 -23.63 -11.7368 -32.8595 3.5702
TIMING: 50000  CPU: 100.405, 0.0020076/step  Wall: 105.422, 0.00210793/step, 0.263491 hours remaining, 0.478235 MB of memory in use.
PERFORMANCE: 50000  averaging 81.9761 ns/day, 0.00210793 sec/step with standard deviation 0
ETITLE:      TS           BOND          ANGLE          DIHED          IMPRP               ELECT            VDW       BOUNDARY           MISC        KINETIC               TOTAL           TEMP      POTENTIAL         TOTAL3        TEMPAVG            PRESSURE      GPRESSURE         VOLUME       PRESSAVG      GPRESSAVG

ENERGY:   50000         0.0000         0.0000         0.0000         0.0000          -5496.5662       342.4813         0.0000         0.0000       964.6229          -4189.4620       306.4522     -5154.0849     -4188.3809       303.4371           -480.6205      -464.4585     23026.0063      -189.0911      -189.2391

WRITING EXTENDED SYSTEM TO RESTART FILE AT STEP 50000
WRITING COORDINATES TO DCD FILE MDequil.dcd AT STEP 50000
WRITING COORDINATES TO RESTART FILE AT STEP 50000
FINISHED WRITING RESTART COORDINATES
The last position output (seq=50000) takes 0.000 seconds, 0.478 MB of memory in use
WRITING VELOCITIES TO RESTART FILE AT STEP 50000
FINISHED WRITING RESTART VELOCITIES
The last velocity output (seq=50000) takes 0.000 seconds, 0.478 MB of memory in use
LDB: ============= START OF LOAD BALANCING ============== 118.474
LDB: ============== END OF LOAD BALANCING =============== 118.474
Info: useSync: 0 useProxySync: 0
LDB: =============== DONE WITH MIGRATION ================ 118.474
LDB: ============= START OF LOAD BALANCING ============== 118.539
LDB: Largest compute 162 load 0.012740 is 23.3% of average load 0.054606
LDB: Average compute 0.003837 is 7.0% of average load 0.054606
LDB: TIME 118.539 LOAD: AVG 0.0546065 MAX 0.0581825  PROXIES: TOTAL 24 MAXPE 4 MAXPATCH 6 None MEM: 0.478235 MB
LDB: TIME 118.539 LOAD: AVG 0.0546065 MAX 0.0581825  PROXIES: TOTAL 29 MAXPE 4 MAXPATCH 8 RefineTorusLB MEM: 0.478235 MB
LDB: TIME 118.539 LOAD: AVG 0.0546065 MAX 0.0581825  PROXIES: TOTAL 29 MAXPE 4 MAXPATCH 8 RefineTorusLB MEM: 0.478235 MB
LDB: ============== END OF LOAD BALANCING =============== 118.539
Info: useSync: 0 useProxySync: 0
LDB: =============== DONE WITH MIGRATION ================ 118.539
LDB: ============= START OF LOAD BALANCING ============== 121.097
LDB: ============== END OF LOAD BALANCING =============== 121.097
Info: useSync: 0 useProxySync: 0
LDB: =============== DONE WITH MIGRATION ================ 121.097
LDB: ============= START OF LOAD BALANCING ============== 121.164
LDB: Largest compute 163 load 0.013089 is 23.9% of average load 0.054714
LDB: Average compute 0.003847 is 7.0% of average load 0.054714
LDB: TIME 121.164 LOAD: AVG 0.0547138 MAX 0.0616576  PROXIES: TOTAL 24 MAXPE 4 MAXPATCH 6 None MEM: 0.478235 MB
LDB: TIME 121.164 LOAD: AVG 0.0547138 MAX 0.0616576  PROXIES: TOTAL 29 MAXPE 4 MAXPATCH 8 RefineTorusLB MEM: 0.478235 MB
LDB: TIME 121.164 LOAD: AVG 0.0547138 MAX 0.0592706  PROXIES: TOTAL 29 MAXPE 4 MAXPATCH 8 RefineTorusLB MEM: 0.478235 MB
LDB: ============== END OF LOAD BALANCING =============== 121.164
Info: useSync: 0 useProxySync: 0
LDB: =============== DONE WITH MIGRATION ================ 121.164
LDB: ============= START OF LOAD BALANCING ============== 123.694
LDB: ============== END OF LOAD BALANCING =============== 123.695
Info: useSync: 0 useProxySync: 0
LDB: =============== DONE WITH MIGRATION ================ 123.695
LDB: ============= START OF LOAD BALANCING ============== 123.759
LDB: Largest compute 162 load 0.012654 is 23.0% of average load 0.054955
LDB: Average compute 0.003876 is 7.1% of average load 0.054955
LDB: TIME 123.759 LOAD: AVG 0.0549546 MAX 0.0593251  PROXIES: TOTAL 24 MAXPE 4 MAXPATCH 6 None MEM: 0.478235 MB
LDB: TIME 123.759 LOAD: AVG 0.0549546 MAX 0.0593251  PROXIES: TOTAL 29 MAXPE 4 MAXPATCH 8 RefineTorusLB MEM: 0.478235 MB
LDB: TIME 123.759 LOAD: AVG 0.0549546 MAX 0.0593251  PROXIES: TOTAL 29 MAXPE 4 MAXPATCH 8 RefineTorusLB MEM: 0.478235 MB
LDB: ============== END OF LOAD BALANCING =============== 123.759
Info: useSync: 0 useProxySync: 0
LDB: =============== DONE WITH MIGRATION ================ 123.76
WRITING COORDINATES TO DCD FILE MDequil.dcd AT STEP 55000
PRESSURE: 55000 -217.654 -697.077 241.371 -321.168 -420.034 42.5193 -231.04 -538.63 736.757
GPRESSURE: 55000 -166.149 -512.009 279.844 -352.607 -574.179 104.084 -86.0359 -410.718 924.53
PRESSAVG: 55000 -323.49 -25.2312 3.36273 -12.9036 -306.069 -6.21072 78.4217 2.48082 -3.06398
GPRESSAVG: 55000 -323.031 -25.09 3.13498 -12.8649 -305.955 -5.77624 79.0017 2.09386 -3.25588
ENERGY:   55000         0.0000         0.0000         0.0000         0.0000          -5613.3681       429.0820         0.0000         0.0000       965.2404          -4219.0457       306.6484     -5184.2861     -4217.3997       304.8003             33.0229        61.4004     23048.7897      -210.8745      -210.7475

LDB: ============= START OF LOAD BALANCING ============== 126.305
LDB: ============== END OF LOAD BALANCING =============== 126.306
Info: useSync: 0 useProxySync: 0
LDB: =============== DONE WITH MIGRATION ================ 126.306
LDB: ============= START OF LOAD BALANCING ============== 126.372
LDB: Largest compute 162 load 0.012650 is 22.9% of average load 0.055248
LDB: Average compute 0.003895 is 7.0% of average load 0.055248
LDB: TIME 126.372 LOAD: AVG 0.0552484 MAX 0.0609446  PROXIES: TOTAL 24 MAXPE 4 MAXPATCH 6 None MEM: 0.478235 MB
LDB: TIME 126.372 LOAD: AVG 0.0552484 MAX 0.0609446  PROXIES: TOTAL 29 MAXPE 4 MAXPATCH 8 RefineTorusLB MEM: 0.478235 MB
LDB: TIME 126.372 LOAD: AVG 0.0552484 MAX 0.0602417  PROXIES: TOTAL 29 MAXPE 4 MAXPATCH 8 RefineTorusLB MEM: 0.478235 MB
LDB: ============== END OF LOAD BALANCING =============== 126.372
Info: useSync: 0 useProxySync: 0
LDB: =============== DONE WITH MIGRATION ================ 126.372
LDB: ============= START OF LOAD BALANCING ============== 128.913
LDB: ============== END OF LOAD BALANCING =============== 128.913
Info: useSync: 0 useProxySync: 0
LDB: =============== DONE WITH MIGRATION ================ 128.913
LDB: ============= START OF LOAD BALANCING ============== 128.978
LDB: Largest compute 52 load 0.012123 is 21.9% of average load 0.055319
LDB: Average compute 0.003902 is 7.1% of average load 0.055319
LDB: TIME 128.979 LOAD: AVG 0.0553194 MAX 0.058685  PROXIES: TOTAL 24 MAXPE 4 MAXPATCH 6 None MEM: 0.478235 MB
LDB: TIME 128.979 LOAD: AVG 0.0553194 MAX 0.058685  PROXIES: TOTAL 29 MAXPE 4 MAXPATCH 8 RefineTorusLB MEM: 0.478235 MB
LDB: TIME 128.979 LOAD: AVG 0.0553194 MAX 0.058685  PROXIES: TOTAL 29 MAXPE 4 MAXPATCH 8 RefineTorusLB MEM: 0.478235 MB
LDB: ============== END OF LOAD BALANCING =============== 128.979
Info: useSync: 0 useProxySync: 0
LDB: =============== DONE WITH MIGRATION ================ 128.979
WRITING COORDINATES TO DCD FILE MDequil.dcd AT STEP 60000
PRESSURE: 60000 -891.683 51.7524 429.876 -383.317 -571.624 255.412 293.672 579.463 -1400.24
GPRESSURE: 60000 -1090.7 371.712 468.996 -771.547 -514.1 107.092 298.016 235.187 -1249.57
PRESSAVG: 60000 -340.985 42.7974 34.2667 49.1925 -370.744 -85.9908 -2.21293 -44.8718 11.7122
GPRESSAVG: 60000 -341.11 43.0467 34.3653 48.8763 -370.835 -86.2158 -2.21606 -44.6957 12.1265
ENERGY:   60000         0.0000         0.0000         0.0000         0.0000          -5555.3313       350.2438         0.0000         0.0000       935.1979          -4269.8896       297.1041     -5205.0875     -4268.3289       303.0935           -954.5171      -951.4540     22892.5302      -233.3389      -233.2728

LDB: ============= START OF LOAD BALANCING ============== 131.525
LDB: ============== END OF LOAD BALANCING =============== 131.525
Info: useSync: 0 useProxySync: 0
LDB: =============== DONE WITH MIGRATION ================ 131.525
LDB: ============= START OF LOAD BALANCING ============== 131.59
LDB: Largest compute 162 load 0.014360 is 25.9% of average load 0.055536
LDB: Average compute 0.003912 is 7.0% of average load 0.055536
LDB: TIME 131.59 LOAD: AVG 0.0555364 MAX 0.0590342  PROXIES: TOTAL 24 MAXPE 4 MAXPATCH 6 None MEM: 0.478235 MB
LDB: TIME 131.59 LOAD: AVG 0.0555364 MAX 0.0590342  PROXIES: TOTAL 29 MAXPE 4 MAXPATCH 8 RefineTorusLB MEM: 0.478235 MB
LDB: TIME 131.59 LOAD: AVG 0.0555364 MAX 0.0590342  PROXIES: TOTAL 29 MAXPE 4 MAXPATCH 8 RefineTorusLB MEM: 0.478235 MB
LDB: ============== END OF LOAD BALANCING =============== 131.59
Info: useSync: 0 useProxySync: 0
LDB: =============== DONE WITH MIGRATION ================ 131.591
LDB: ============= START OF LOAD BALANCING ============== 134.116
LDB: ============== END OF LOAD BALANCING =============== 134.116
Info: useSync: 0 useProxySync: 0
LDB: =============== DONE WITH MIGRATION ================ 134.116
LDB: ============= START OF LOAD BALANCING ============== 134.18
LDB: Largest compute 163 load 0.013313 is 24.1% of average load 0.055317
LDB: Average compute 0.003899 is 7.0% of average load 0.055317
LDB: TIME 134.181 LOAD: AVG 0.055317 MAX 0.0594361  PROXIES: TOTAL 24 MAXPE 4 MAXPATCH 6 None MEM: 0.478235 MB
LDB: TIME 134.181 LOAD: AVG 0.055317 MAX 0.0594361  PROXIES: TOTAL 29 MAXPE 4 MAXPATCH 8 RefineTorusLB MEM: 0.478235 MB
LDB: TIME 134.181 LOAD: AVG 0.055317 MAX 0.0594361  PROXIES: TOTAL 29 MAXPE 4 MAXPATCH 8 RefineTorusLB MEM: 0.478235 MB
LDB: ============== END OF LOAD BALANCING =============== 134.181
Info: useSync: 0 useProxySync: 0
LDB: =============== DONE WITH MIGRATION ================ 134.181
LDB: ============= START OF LOAD BALANCING ============== 136.734
LDB: ============== END OF LOAD BALANCING =============== 136.734
Info: useSync: 0 useProxySync: 0
LDB: =============== DONE WITH MIGRATION ================ 136.734
LDB: ============= START OF LOAD BALANCING ============== 136.801
LDB: Largest compute 163 load 0.012150 is 21.9% of average load 0.055535
LDB: Average compute 0.003911 is 7.0% of average load 0.055535
LDB: TIME 136.802 LOAD: AVG 0.0555354 MAX 0.0601935  PROXIES: TOTAL 24 MAXPE 4 MAXPATCH 6 None MEM: 0.478235 MB
LDB: TIME 136.802 LOAD: AVG 0.0555354 MAX 0.0601935  PROXIES: TOTAL 29 MAXPE 4 MAXPATCH 8 RefineTorusLB MEM: 0.478235 MB
LDB: TIME 136.802 LOAD: AVG 0.0555354 MAX 0.0601935  PROXIES: TOTAL 29 MAXPE 4 MAXPATCH 8 RefineTorusLB MEM: 0.478235 MB
LDB: ============== END OF LOAD BALANCING =============== 136.802
Info: useSync: 0 useProxySync: 0
LDB: =============== DONE WITH MIGRATION ================ 136.802
WRITING COORDINATES TO DCD FILE MDequil.dcd AT STEP 65000
PRESSURE: 65000 -1209.76 -452.872 -32.4868 -401.653 143.211 88.2279 -480.048 550.198 404.164
GPRESSURE: 65000 -1322.28 -352.217 238.528 -358.478 268.98 -235.015 -455.889 978.771 466.159
PRESSAVG: 65000 -377.434 -1.2529 30.7186 -39.2865 -411.366 -1.76463 -56.3432 -68.1898 -6.64661
GPRESSAVG: 65000 -376.841 -1.20311 31.0432 -38.8027 -411.052 -1.72488 -56.3049 -67.8817 -7.18098
ENERGY:   65000         0.0000         0.0000         0.0000         0.0000          -5685.6331       410.1004         0.0000         0.0000       957.4512          -4318.0815       304.1738     -5275.5327     -4315.6261       296.9609           -220.7952      -195.7130     22775.6670      -265.1490      -265.0246

LDB: ============= START OF LOAD BALANCING ============== 139.377
LDB: ============== END OF LOAD BALANCING =============== 139.377
Info: useSync: 0 useProxySync: 0
LDB: =============== DONE WITH MIGRATION ================ 139.377
LDB: ============= START OF LOAD BALANCING ============== 139.442
LDB: Largest compute 162 load 0.013318 is 24.0% of average load 0.055458
LDB: Average compute 0.003908 is 7.0% of average load 0.055458
LDB: TIME 139.442 LOAD: AVG 0.0554583 MAX 0.0597027  PROXIES: TOTAL 24 MAXPE 4 MAXPATCH 6 None MEM: 0.478235 MB
LDB: TIME 139.442 LOAD: AVG 0.0554583 MAX 0.0597027  PROXIES: TOTAL 29 MAXPE 4 MAXPATCH 8 RefineTorusLB MEM: 0.478235 MB
LDB: TIME 139.442 LOAD: AVG 0.0554583 MAX 0.0597027  PROXIES: TOTAL 29 MAXPE 4 MAXPATCH 8 RefineTorusLB MEM: 0.478235 MB
LDB: ============== END OF LOAD BALANCING =============== 139.442
Info: useSync: 0 useProxySync: 0
LDB: =============== DONE WITH MIGRATION ================ 139.442
LDB: ============= START OF LOAD BALANCING ============== 142.002
LDB: ============== END OF LOAD BALANCING =============== 142.002
Info: useSync: 0 useProxySync: 0
LDB: =============== DONE WITH MIGRATION ================ 142.002
LDB: ============= START OF LOAD BALANCING ============== 142.068
LDB: Largest compute 163 load 0.012835 is 23.0% of average load 0.055853
LDB: Average compute 0.003944 is 7.1% of average load 0.055853
LDB: TIME 142.068 LOAD: AVG 0.0558528 MAX 0.0604146  PROXIES: TOTAL 24 MAXPE 4 MAXPATCH 6 None MEM: 0.478235 MB
LDB: TIME 142.068 LOAD: AVG 0.0558528 MAX 0.0604146  PROXIES: TOTAL 29 MAXPE 4 MAXPATCH 8 RefineTorusLB MEM: 0.478235 MB
LDB: TIME 142.068 LOAD: AVG 0.0558528 MAX 0.0604146  PROXIES: TOTAL 29 MAXPE 4 MAXPATCH 8 RefineTorusLB MEM: 0.478235 MB
LDB: ============== END OF LOAD BALANCING =============== 142.068
Info: useSync: 0 useProxySync: 0
LDB: =============== DONE WITH MIGRATION ================ 142.069
PRESSURE: 70000 3.95116 368.433 -769.418 317.713 -42.1599 -108.673 -885.895 -470.911 51.8941
GPRESSURE: 70000 -77.4294 453.751 -766.929 172.474 116.932 -338.894 -677.206 -375.058 85.234
PRESSAVG: 70000 -295.64 -9.56866 33.6553 -26.4953 -321.438 83.5082 37.9683 25.139 7.81498
GPRESSAVG: 70000 -295.818 -9.44303 33.6345 -26.2379 -321.244 83.5653 37.8446 24.477 7.94976
ENERGY:   70000         0.0000         0.0000         0.0000         0.0000          -5655.4604       415.6769         0.0000         0.0000       950.2235          -4289.5600       301.8777     -5239.7835     -4286.8057       297.2805              4.5618        41.5789     22505.8154      -203.0874      -203.0375

WRITING COORDINATES TO DCD FILE MDequil.dcd AT STEP 70000
LDB: ============= START OF LOAD BALANCING ============== 144.617
LDB: ============== END OF LOAD BALANCING =============== 144.618
Info: useSync: 0 useProxySync: 0
LDB: =============== DONE WITH MIGRATION ================ 144.618
LDB: ============= START OF LOAD BALANCING ============== 144.696
LDB: Largest compute 52 load 0.013454 is 24.3% of average load 0.055466
LDB: Average compute 0.003904 is 7.0% of average load 0.055466
LDB: TIME 144.696 LOAD: AVG 0.0554656 MAX 0.0607991  PROXIES: TOTAL 24 MAXPE 4 MAXPATCH 6 None MEM: 0.478235 MB
LDB: TIME 144.696 LOAD: AVG 0.0554656 MAX 0.0607991  PROXIES: TOTAL 29 MAXPE 4 MAXPATCH 8 RefineTorusLB MEM: 0.478235 MB
LDB: TIME 144.696 LOAD: AVG 0.0554656 MAX 0.0602391  PROXIES: TOTAL 29 MAXPE 4 MAXPATCH 8 RefineTorusLB MEM: 0.478235 MB
LDB: ============== END OF LOAD BALANCING =============== 144.696
Info: useSync: 0 useProxySync: 0
LDB: =============== DONE WITH MIGRATION ================ 144.696
LDB: ============= START OF LOAD BALANCING ============== 147.232
LDB: ============== END OF LOAD BALANCING =============== 147.233
Info: useSync: 0 useProxySync: 0
LDB: =============== DONE WITH MIGRATION ================ 147.233
LDB: ============= START OF LOAD BALANCING ============== 147.298
LDB: Largest compute 163 load 0.012789 is 23.1% of average load 0.055321
LDB: Average compute 0.003899 is 7.0% of average load 0.055321
LDB: TIME 147.298 LOAD: AVG 0.055321 MAX 0.06018  PROXIES: TOTAL 24 MAXPE 4 MAXPATCH 6 None MEM: 0.478235 MB
LDB: TIME 147.298 LOAD: AVG 0.055321 MAX 0.06018  PROXIES: TOTAL 29 MAXPE 4 MAXPATCH 8 RefineTorusLB MEM: 0.478235 MB
LDB: TIME 147.298 LOAD: AVG 0.055321 MAX 0.06018  PROXIES: TOTAL 29 MAXPE 4 MAXPATCH 8 RefineTorusLB MEM: 0.478235 MB
LDB: ============== END OF LOAD BALANCING =============== 147.298
Info: useSync: 0 useProxySync: 0
LDB: =============== DONE WITH MIGRATION ================ 147.298
LDB: ============= START OF LOAD BALANCING ============== 149.861
LDB: ============== END OF LOAD BALANCING =============== 149.861
Info: useSync: 0 useProxySync: 0
LDB: =============== DONE WITH MIGRATION ================ 149.861
LDB: ============= START OF LOAD BALANCING ============== 149.927
LDB: Largest compute 163 load 0.013266 is 24.1% of average load 0.054947
LDB: Average compute 0.003873 is 7.0% of average load 0.054947
LDB: TIME 149.927 LOAD: AVG 0.0549469 MAX 0.0607396  PROXIES: TOTAL 24 MAXPE 4 MAXPATCH 6 None MEM: 0.478235 MB
LDB: TIME 149.927 LOAD: AVG 0.0549469 MAX 0.0607396  PROXIES: TOTAL 29 MAXPE 4 MAXPATCH 8 RefineTorusLB MEM: 0.478235 MB
LDB: TIME 149.927 LOAD: AVG 0.0549469 MAX 0.0599488  PROXIES: TOTAL 29 MAXPE 4 MAXPATCH 8 RefineTorusLB MEM: 0.478235 MB
LDB: ============== END OF LOAD BALANCING =============== 149.927
Info: useSync: 0 useProxySync: 0
LDB: =============== DONE WITH MIGRATION ================ 149.928
PRESSURE: 75000 -344.885 282.808 -126.675 89.2702 35.371 -658.653 -126.228 -437.128 651.129
GPRESSURE: 75000 -259.578 -4.24829 -179.331 156.07 89.7044 -609.456 133.912 -681.569 595.266
PRESSAVG: 75000 -264.713 -1.9637 -54.1372 -7.2483 -280.439 42.7558 -17.0018 29.1228 16.5588
GPRESSAVG: 75000 -265.019 -2.02946 -54.0702 -7.25758 -280.388 43.0109 -16.9048 29.0788 16.9011
ENERGY:   75000         0.0000         0.0000         0.0000         0.0000          -5528.7196       398.8564         0.0000         0.0000      1002.2166          -4127.6466       318.3954     -5129.8632     -4125.0366       305.3858            113.8717       141.7977     22879.7863      -176.1977      -176.1686

WRITING COORDINATES TO DCD FILE MDequil.dcd AT STEP 75000
LDB: ============= START OF LOAD BALANCING ============== 160.663
LDB: ============== END OF LOAD BALANCING =============== 160.664
Info: useSync: 0 useProxySync: 0
LDB: =============== DONE WITH MIGRATION ================ 160.668
LDB: ============= START OF LOAD BALANCING ============== 161.028
LDB: Largest compute 164 load 0.037863 is 60.4% of average load 0.062669
LDB: Average compute 0.004079 is 6.5% of average load 0.062669
LDB: TIME 161.029 LOAD: AVG 0.0626691 MAX 0.109309  PROXIES: TOTAL 24 MAXPE 4 MAXPATCH 6 None MEM: 0.478235 MB
LDB: TIME 161.029 LOAD: AVG 0.0626691 MAX 0.109309  PROXIES: TOTAL 29 MAXPE 4 MAXPATCH 8 RefineTorusLB MEM: 0.478235 MB
LDB: TIME 161.029 LOAD: AVG 0.0626691 MAX 0.0792228  PROXIES: TOTAL 28 MAXPE 4 MAXPATCH 8 RefineTorusLB MEM: 0.478235 MB
LDB: ============== END OF LOAD BALANCING =============== 161.036
Info: useSync: 0 useProxySync: 0
LDB: =============== DONE WITH MIGRATION ================ 161.131
LDB: ============= START OF LOAD BALANCING ============== 172.545
LDB: ============== END OF LOAD BALANCING =============== 172.551
Info: useSync: 0 useProxySync: 0
LDB: =============== DONE WITH MIGRATION ================ 172.564
LDB: ============= START OF LOAD BALANCING ============== 172.902
LDB: Largest compute 151 load 0.010520 is 21.3% of average load 0.049283
LDB: Average compute 0.003376 is 6.8% of average load 0.049283
LDB: TIME 172.908 LOAD: AVG 0.0492829 MAX 0.0581163  PROXIES: TOTAL 24 MAXPE 4 MAXPATCH 6 None MEM: 0.478235 MB
LDB: TIME 172.909 LOAD: AVG 0.0492829 MAX 0.0581163  PROXIES: TOTAL 28 MAXPE 4 MAXPATCH 8 RefineTorusLB MEM: 0.478235 MB
LDB: TIME 172.909 LOAD: AVG 0.0492829 MAX 0.0536758  PROXIES: TOTAL 28 MAXPE 4 MAXPATCH 8 RefineTorusLB MEM: 0.478235 MB
LDB: ============== END OF LOAD BALANCING =============== 172.914
Info: useSync: 0 useProxySync: 0
LDB: =============== DONE WITH MIGRATION ================ 172.957
PRESSURE: 80000 -1459.92 -240.6 282.708 -395.757 -882.29 651.471 -272.614 687.219 -554.335
GPRESSURE: 80000 -1341.31 -228.087 425.826 -417.895 -821.205 478.677 -318.184 482.371 -658.693
PRESSAVG: 80000 -374.358 29.807 -29.7318 -15.3029 -365.444 0.115379 -23.1205 65.3939 3.37979
GPRESSAVG: 80000 -374.166 29.6182 -29.7488 -15.652 -365.061 0.00260387 -23.1937 65.5726 2.98681
ENERGY:   80000         0.0000         0.0000         0.0000         0.0000          -5598.6495       346.7302         0.0000         0.0000       931.1739          -4320.7454       295.8258     -5251.9193     -4317.4852       303.6628           -965.5156      -940.4029     22614.8646      -245.4741      -245.4132

WRITING COORDINATES TO DCD FILE MDequil.dcd AT STEP 80000
LDB: ============= START OF LOAD BALANCING ============== 184.658
LDB: ============== END OF LOAD BALANCING =============== 184.66
Info: useSync: 0 useProxySync: 0
LDB: =============== DONE WITH MIGRATION ================ 184.67
LDB: ============= START OF LOAD BALANCING ============== 185.031
LDB: Largest compute 162 load 0.011329 is 22.5% of average load 0.050446
LDB: Average compute 0.003412 is 6.8% of average load 0.050446
LDB: TIME 185.035 LOAD: AVG 0.0504462 MAX 0.0554642  PROXIES: TOTAL 24 MAXPE 4 MAXPATCH 6 None MEM: 0.478235 MB
LDB: TIME 185.035 LOAD: AVG 0.0504462 MAX 0.0554642  PROXIES: TOTAL 28 MAXPE 4 MAXPATCH 8 RefineTorusLB MEM: 0.478235 MB
LDB: TIME 185.035 LOAD: AVG 0.0504462 MAX 0.0549881  PROXIES: TOTAL 28 MAXPE 4 MAXPATCH 8 RefineTorusLB MEM: 0.478235 MB
LDB: ============== END OF LOAD BALANCING =============== 185.042
Info: useSync: 0 useProxySync: 0
LDB: =============== DONE WITH MIGRATION ================ 185.089
LDB: ============= START OF LOAD BALANCING ============== 192.029
LDB: ============== END OF LOAD BALANCING =============== 192.029
Info: useSync: 0 useProxySync: 0
LDB: =============== DONE WITH MIGRATION ================ 192.029
LDB: ============= START OF LOAD BALANCING ============== 192.089
LDB: Largest compute 52 load 0.011034 is 22.9% of average load 0.048175
LDB: Average compute 0.003393 is 7.0% of average load 0.048175
LDB: TIME 192.089 LOAD: AVG 0.0481752 MAX 0.0559464  PROXIES: TOTAL 24 MAXPE 4 MAXPATCH 6 None MEM: 0.478235 MB
LDB: TIME 192.089 LOAD: AVG 0.0481752 MAX 0.0559464  PROXIES: TOTAL 28 MAXPE 4 MAXPATCH 8 RefineTorusLB MEM: 0.478235 MB
LDB: TIME 192.089 LOAD: AVG 0.0481752 MAX 0.0525474  PROXIES: TOTAL 28 MAXPE 4 MAXPATCH 8 RefineTorusLB MEM: 0.478235 MB
LDB: ============== END OF LOAD BALANCING =============== 192.089
Info: useSync: 0 useProxySync: 0
LDB: =============== DONE WITH MIGRATION ================ 192.09
LDB: ============= START OF LOAD BALANCING ============== 194.563
LDB: ============== END OF LOAD BALANCING =============== 194.563
Info: useSync: 0 useProxySync: 0
LDB: =============== DONE WITH MIGRATION ================ 194.564
LDB: ============= START OF LOAD BALANCING ============== 194.634
LDB: Largest compute 52 load 0.013742 is 24.7% of average load 0.055719
LDB: Average compute 0.003931 is 7.1% of average load 0.055719
LDB: TIME 194.634 LOAD: AVG 0.055719 MAX 0.0633066  PROXIES: TOTAL 24 MAXPE 4 MAXPATCH 6 None MEM: 0.478235 MB
LDB: TIME 194.634 LOAD: AVG 0.055719 MAX 0.0633066  PROXIES: TOTAL 28 MAXPE 4 MAXPATCH 8 RefineTorusLB MEM: 0.478235 MB
LDB: TIME 194.634 LOAD: AVG 0.055719 MAX 0.0607891  PROXIES: TOTAL 28 MAXPE 4 MAXPATCH 8 RefineTorusLB MEM: 0.478235 MB
LDB: ============== END OF LOAD BALANCING =============== 194.635
Info: useSync: 0 useProxySync: 0
LDB: =============== DONE WITH MIGRATION ================ 194.635
WRITING COORDINATES TO DCD FILE MDequil.dcd AT STEP 85000
PRESSURE: 85000 -304.676 9.75201 -217.686 -62.0658 61.4322 149.278 -363.283 405.326 661.252
GPRESSURE: 85000 -302.115 -116.662 -142.547 67.6623 216.852 542.741 -763.071 215.124 574.979
PRESSAVG: 85000 -395.016 9.55849 33.1982 -34.5562 -466.524 -22.0561 -18.7605 4.423 4.92953
GPRESSAVG: 85000 -395.004 9.56767 32.9023 -34.8306 -466.629 -21.9606 -18.535 3.95131 5.09918
ENERGY:   85000         0.0000         0.0000         0.0000         0.0000          -5647.4078       435.6681         0.0000         0.0000       939.6264          -4272.1133       298.5111     -5211.7396     -4271.2152       298.3620            139.3362       163.2385     22903.3856      -285.5371      -285.5111

LDB: ============= START OF LOAD BALANCING ============== 197.314
LDB: ============== END OF LOAD BALANCING =============== 197.315
Info: useSync: 0 useProxySync: 0
LDB: =============== DONE WITH MIGRATION ================ 197.317
LDB: ============= START OF LOAD BALANCING ============== 197.384
LDB: Largest compute 162 load 0.013704 is 24.9% of average load 0.055033
LDB: Average compute 0.003876 is 7.0% of average load 0.055033
LDB: TIME 197.384 LOAD: AVG 0.0550328 MAX 0.0622184  PROXIES: TOTAL 24 MAXPE 4 MAXPATCH 6 None MEM: 0.478235 MB
LDB: TIME 197.384 LOAD: AVG 0.0550328 MAX 0.0622184  PROXIES: TOTAL 28 MAXPE 4 MAXPATCH 8 RefineTorusLB MEM: 0.478235 MB
LDB: TIME 197.384 LOAD: AVG 0.0550328 MAX 0.0600073  PROXIES: TOTAL 28 MAXPE 4 MAXPATCH 8 RefineTorusLB MEM: 0.478235 MB
LDB: ============== END OF LOAD BALANCING =============== 197.384
Info: useSync: 0 useProxySync: 0
LDB: =============== DONE WITH MIGRATION ================ 197.385
LDB: ============= START OF LOAD BALANCING ============== 199.975
LDB: ============== END OF LOAD BALANCING =============== 199.975
Info: useSync: 0 useProxySync: 0
LDB: =============== DONE WITH MIGRATION ================ 199.975
LDB: ============= START OF LOAD BALANCING ============== 200.041
LDB: Largest compute 162 load 0.012517 is 22.9% of average load 0.054708
LDB: Average compute 0.003845 is 7.0% of average load 0.054708
LDB: TIME 200.041 LOAD: AVG 0.0547079 MAX 0.0625121  PROXIES: TOTAL 24 MAXPE 4 MAXPATCH 6 None MEM: 0.478235 MB
LDB: TIME 200.041 LOAD: AVG 0.0547079 MAX 0.0625121  PROXIES: TOTAL 28 MAXPE 4 MAXPATCH 8 RefineTorusLB MEM: 0.478235 MB
LDB: TIME 200.041 LOAD: AVG 0.0547079 MAX 0.0587661  PROXIES: TOTAL 29 MAXPE 4 MAXPATCH 8 RefineTorusLB MEM: 0.478235 MB
LDB: ============== END OF LOAD BALANCING =============== 200.041
Info: useSync: 0 useProxySync: 0
LDB: =============== DONE WITH MIGRATION ================ 200.042
PRESSURE: 90000 -339.52 -605.524 572.647 -627.586 -380.942 326.744 217.329 434.813 1148.97
GPRESSURE: 90000 -432.884 -639.231 456.596 -277.948 -340.58 389.491 32.0525 356.066 1264.3
PRESSAVG: 90000 -395.201 43.4629 -55.3063 -6.41477 -490.418 2.253 -26.2722 -7.56675 14.1576
GPRESSAVG: 90000 -395.106 43.5971 -54.9788 -6.18108 -490.021 2.54218 -26.1493 -7.81989 14.1106
ENERGY:   90000         0.0000         0.0000         0.0000         0.0000          -5607.0661       383.7559         0.0000         0.0000       955.2810          -4268.0292       303.4844     -5223.3102     -4266.1547       299.7490            142.8353       163.6120     22362.5419      -290.4871      -290.3389

WRITING COORDINATES TO DCD FILE MDequil.dcd AT STEP 90000
LDB: ============= START OF LOAD BALANCING ============== 202.622
LDB: ============== END OF LOAD BALANCING =============== 202.622
Info: useSync: 0 useProxySync: 0
LDB: =============== DONE WITH MIGRATION ================ 202.622
LDB: ============= START OF LOAD BALANCING ============== 202.688
LDB: Largest compute 162 load 0.013194 is 23.8% of average load 0.055372
LDB: Average compute 0.003896 is 7.0% of average load 0.055372
LDB: TIME 202.688 LOAD: AVG 0.0553715 MAX 0.0626025  PROXIES: TOTAL 24 MAXPE 4 MAXPATCH 6 None MEM: 0.478235 MB
LDB: TIME 202.688 LOAD: AVG 0.0553715 MAX 0.0626025  PROXIES: TOTAL 29 MAXPE 4 MAXPATCH 8 RefineTorusLB MEM: 0.478235 MB
LDB: TIME 202.689 LOAD: AVG 0.0553715 MAX 0.0598362  PROXIES: TOTAL 29 MAXPE 4 MAXPATCH 8 RefineTorusLB MEM: 0.478235 MB
LDB: ============== END OF LOAD BALANCING =============== 202.689
Info: useSync: 0 useProxySync: 0
LDB: =============== DONE WITH MIGRATION ================ 202.689
LDB: ============= START OF LOAD BALANCING ============== 205.261
LDB: ============== END OF LOAD BALANCING =============== 205.261
Info: useSync: 0 useProxySync: 0
LDB: =============== DONE WITH MIGRATION ================ 205.261
LDB: ============= START OF LOAD BALANCING ============== 205.326
LDB: Largest compute 52 load 0.013363 is 24.4% of average load 0.054808
LDB: Average compute 0.003853 is 7.0% of average load 0.054808
LDB: TIME 205.327 LOAD: AVG 0.0548075 MAX 0.0590838  PROXIES: TOTAL 24 MAXPE 4 MAXPATCH 6 None MEM: 0.478235 MB
LDB: TIME 205.327 LOAD: AVG 0.0548075 MAX 0.0590838  PROXIES: TOTAL 29 MAXPE 4 MAXPATCH 8 RefineTorusLB MEM: 0.478235 MB
LDB: TIME 205.327 LOAD: AVG 0.0548075 MAX 0.0590838  PROXIES: TOTAL 29 MAXPE 4 MAXPATCH 8 RefineTorusLB MEM: 0.478235 MB
LDB: ============== END OF LOAD BALANCING =============== 205.327
Info: useSync: 0 useProxySync: 0
LDB: =============== DONE WITH MIGRATION ================ 205.327
LDB: ============= START OF LOAD BALANCING ============== 207.95
LDB: ============== END OF LOAD BALANCING =============== 207.95
Info: useSync: 0 useProxySync: 0
LDB: =============== DONE WITH MIGRATION ================ 207.95
LDB: ============= START OF LOAD BALANCING ============== 208.04
LDB: Largest compute 146 load 0.020739 is 36.3% of average load 0.057071
LDB: Average compute 0.003979 is 7.0% of average load 0.057071
LDB: TIME 208.04 LOAD: AVG 0.0570712 MAX 0.0682335  PROXIES: TOTAL 24 MAXPE 4 MAXPATCH 6 None MEM: 0.478235 MB
LDB: TIME 208.04 LOAD: AVG 0.0570712 MAX 0.0682335  PROXIES: TOTAL 29 MAXPE 4 MAXPATCH 8 RefineTorusLB MEM: 0.478235 MB
LDB: TIME 208.04 LOAD: AVG 0.0570712 MAX 0.0606783  PROXIES: TOTAL 29 MAXPE 4 MAXPATCH 8 RefineTorusLB MEM: 0.478235 MB
LDB: ============== END OF LOAD BALANCING =============== 208.041
Info: useSync: 0 useProxySync: 0
LDB: =============== DONE WITH MIGRATION ================ 208.041
PRESSURE: 95000 81.3455 -317.504 239.313 -162.896 -602.5 7.25656 336.935 298.206 -124.987
GPRESSURE: 95000 214.222 -496.875 176.997 160.441 -421.475 -18.6636 264.656 180.053 -410.321
PRESSAVG: 95000 -266.295 -34.9114 -36.0954 0.427834 -356.703 -41.6697 -91.3556 44.6204 -14.7124
GPRESSAVG: 95000 -266.469 -34.9072 -36.0985 0.500455 -356.699 -41.621 -91.28 44.6194 -14.3965
ENERGY:   95000         0.0000         0.0000         0.0000         0.0000          -5547.8843       379.2375         0.0000         0.0000       909.5578          -4259.0889       288.9585     -5168.6468     -4257.0132       300.7689           -215.3808      -205.8583     22596.4385      -212.5703      -212.5215

WRITING COORDINATES TO DCD FILE MDequil.dcd AT STEP 95000
LDB: ============= START OF LOAD BALANCING ============== 210.654
LDB: ============== END OF LOAD BALANCING =============== 210.654
Info: useSync: 0 useProxySync: 0
LDB: =============== DONE WITH MIGRATION ================ 210.654
LDB: ============= START OF LOAD BALANCING ============== 210.721
LDB: Largest compute 162 load 0.013585 is 24.7% of average load 0.054957
LDB: Average compute 0.003861 is 7.0% of average load 0.054957
LDB: TIME 210.721 LOAD: AVG 0.0549567 MAX 0.0609426  PROXIES: TOTAL 24 MAXPE 4 MAXPATCH 6 None MEM: 0.478235 MB
LDB: TIME 210.721 LOAD: AVG 0.0549567 MAX 0.0609426  PROXIES: TOTAL 29 MAXPE 4 MAXPATCH 8 RefineTorusLB MEM: 0.478235 MB
LDB: TIME 210.721 LOAD: AVG 0.0549567 MAX 0.0596385  PROXIES: TOTAL 29 MAXPE 4 MAXPATCH 8 RefineTorusLB MEM: 0.478235 MB
LDB: ============== END OF LOAD BALANCING =============== 210.721
Info: useSync: 0 useProxySync: 0
LDB: =============== DONE WITH MIGRATION ================ 210.721
LDB: ============= START OF LOAD BALANCING ============== 213.295
LDB: ============== END OF LOAD BALANCING =============== 213.295
Info: useSync: 0 useProxySync: 0
LDB: =============== DONE WITH MIGRATION ================ 213.298
LDB: ============= START OF LOAD BALANCING ============== 213.363
LDB: Largest compute 162 load 0.012986 is 24.1% of average load 0.053965
LDB: Average compute 0.003780 is 7.0% of average load 0.053965
LDB: TIME 213.363 LOAD: AVG 0.0539653 MAX 0.0591812  PROXIES: TOTAL 24 MAXPE 4 MAXPATCH 6 None MEM: 0.478235 MB
LDB: TIME 213.363 LOAD: AVG 0.0539653 MAX 0.0591812  PROXIES: TOTAL 29 MAXPE 4 MAXPATCH 8 RefineTorusLB MEM: 0.478235 MB
LDB: TIME 213.363 LOAD: AVG 0.0539653 MAX 0.0585806  PROXIES: TOTAL 29 MAXPE 4 MAXPATCH 8 RefineTorusLB MEM: 0.478235 MB
LDB: ============== END OF LOAD BALANCING =============== 213.363
Info: useSync: 0 useProxySync: 0
LDB: =============== DONE WITH MIGRATION ================ 213.364
PRESSURE: 100000 -630.74 -36.3408 433.645 11.1558 -33.0514 -8.61144 -52.9383 -587.259 -53.1163
GPRESSURE: 100000 -537.796 -0.0949835 122.761 -243.458 169.347 38.0158 -72.6211 -364.165 -227.34
PRESSAVG: 100000 -401.77 25.6624 51.9029 38.3941 -345.813 -2.69688 94.2 16.5182 -9.78802
GPRESSAVG: 100000 -401.599 25.615 51.7569 38.3301 -345.709 -2.63191 94.2935 16.6165 -9.9484
TIMING: 100000  CPU: 194.422, 0.00188034/step  Wall: 202.883, 0.00194922/step, 0.21658 hours remaining, 0.478235 MB of memory in use.
PERFORMANCE: 100000  averaging 85.1829 ns/day, 0.00202858 sec/step with standard deviation 0.000112225
ETITLE:      TS           BOND          ANGLE          DIHED          IMPRP               ELECT            VDW       BOUNDARY           MISC        KINETIC               TOTAL           TEMP      POTENTIAL         TOTAL3        TEMPAVG            PRESSURE      GPRESSURE         VOLUME       PRESSAVG      GPRESSAVG

ENERGY:  100000         0.0000         0.0000         0.0000         0.0000          -5597.4814       385.4399         0.0000         0.0000       950.4269          -4261.6146       301.9423     -5212.0416     -4258.1630       298.0301           -238.9693      -198.5960     22476.2492      -252.4569      -252.4189

WRITING EXTENDED SYSTEM TO RESTART FILE AT STEP 100000
WRITING COORDINATES TO DCD FILE MDequil.dcd AT STEP 100000
WRITING COORDINATES TO RESTART FILE AT STEP 100000
FINISHED WRITING RESTART COORDINATES
WRITING VELOCITIES TO RESTART FILE AT STEP 100000
FINISHED WRITING RESTART VELOCITIES
The last velocity output (seq=100000) takes 0.000 seconds, 0.478 MB of memory in use
LDB: ============= START OF LOAD BALANCING ============== 215.933
LDB: ============== END OF LOAD BALANCING =============== 215.934
Info: useSync: 0 useProxySync: 0
LDB: =============== DONE WITH MIGRATION ================ 215.934
LDB: ============= START OF LOAD BALANCING ============== 216.002
LDB: Largest compute 52 load 0.013935 is 25.4% of average load 0.054835
LDB: Average compute 0.003859 is 7.0% of average load 0.054835
LDB: TIME 216.002 LOAD: AVG 0.0548349 MAX 0.0601681  PROXIES: TOTAL 24 MAXPE 4 MAXPATCH 6 None MEM: 0.478235 MB
LDB: TIME 216.002 LOAD: AVG 0.0548349 MAX 0.0601681  PROXIES: TOTAL 29 MAXPE 4 MAXPATCH 8 RefineTorusLB MEM: 0.478235 MB
LDB: TIME 216.002 LOAD: AVG 0.0548349 MAX 0.0595006  PROXIES: TOTAL 29 MAXPE 4 MAXPATCH 8 RefineTorusLB MEM: 0.478235 MB
LDB: ============== END OF LOAD BALANCING =============== 216.002
Info: useSync: 0 useProxySync: 0
LDB: =============== DONE WITH MIGRATION ================ 216.003
LDB: ============= START OF LOAD BALANCING ============== 218.622
LDB: ============== END OF LOAD BALANCING =============== 218.625
Info: useSync: 0 useProxySync: 0
LDB: =============== DONE WITH MIGRATION ================ 218.625
LDB: ============= START OF LOAD BALANCING ============== 218.691
LDB: Largest compute 163 load 0.013935 is 25.1% of average load 0.055620
LDB: Average compute 0.003920 is 7.0% of average load 0.055620
LDB: TIME 218.691 LOAD: AVG 0.0556196 MAX 0.0612852  PROXIES: TOTAL 24 MAXPE 4 MAXPATCH 6 None MEM: 0.478235 MB
LDB: TIME 218.691 LOAD: AVG 0.0556196 MAX 0.0612852  PROXIES: TOTAL 29 MAXPE 4 MAXPATCH 8 RefineTorusLB MEM: 0.478235 MB
LDB: TIME 218.691 LOAD: AVG 0.0556196 MAX 0.0605039  PROXIES: TOTAL 29 MAXPE 4 MAXPATCH 8 RefineTorusLB MEM: 0.478235 MB
LDB: ============== END OF LOAD BALANCING =============== 218.691
Info: useSync: 0 useProxySync: 0
LDB: =============== DONE WITH MIGRATION ================ 218.691
LDB: ============= START OF LOAD BALANCING ============== 221.246
LDB: ============== END OF LOAD BALANCING =============== 221.246
Info: useSync: 0 useProxySync: 0
LDB: =============== DONE WITH MIGRATION ================ 221.246
LDB: ============= START OF LOAD BALANCING ============== 221.312
LDB: Largest compute 163 load 0.014123 is 25.2% of average load 0.056059
LDB: Average compute 0.003963 is 7.1% of average load 0.056059
LDB: TIME 221.312 LOAD: AVG 0.0560585 MAX 0.0604156  PROXIES: TOTAL 24 MAXPE 4 MAXPATCH 6 None MEM: 0.478235 MB
LDB: TIME 221.312 LOAD: AVG 0.0560585 MAX 0.0604156  PROXIES: TOTAL 29 MAXPE 4 MAXPATCH 8 RefineTorusLB MEM: 0.478235 MB
LDB: TIME 221.312 LOAD: AVG 0.0560585 MAX 0.0604156  PROXIES: TOTAL 29 MAXPE 4 MAXPATCH 8 RefineTorusLB MEM: 0.478235 MB
LDB: ============== END OF LOAD BALANCING =============== 221.312
Info: useSync: 0 useProxySync: 0
LDB: =============== DONE WITH MIGRATION ================ 221.312
WRITING COORDINATES TO DCD FILE MDequil.dcd AT STEP 105000
PRESSURE: 105000 -497.992 -273.654 58.6946 -37.0911 -287.468 499.733 70.3496 234.565 255.748
GPRESSURE: 105000 -502.53 9.51481 218.743 -189.578 -263.638 294.408 12.1972 556.582 301.229
PRESSAVG: 105000 -366.811 -30.701 45.815 -71.9337 -414.366 -36.8805 76.9299 -29.3076 9.81044
GPRESSAVG: 105000 -366.841 -30.552 45.6506 -72.0061 -414.799 -37.397 77.0096 -29.151 9.87629
ENERGY:  105000         0.0000         0.0000         0.0000         0.0000          -5639.5199       415.1202         0.0000         0.0000       949.7000          -4274.6998       301.7113     -5224.3997     -4272.4028       298.9442           -176.5709      -154.9799     22833.8971      -257.1225      -257.2548

LDB: ============= START OF LOAD BALANCING ============== 224.041
LDB: ============== END OF LOAD BALANCING =============== 224.041
Info: useSync: 0 useProxySync: 0
LDB: =============== DONE WITH MIGRATION ================ 224.044
LDB: ============= START OF LOAD BALANCING ============== 224.109
LDB: Largest compute 163 load 0.013899 is 24.9% of average load 0.055813
LDB: Average compute 0.003932 is 7.0% of average load 0.055813
LDB: TIME 224.109 LOAD: AVG 0.0558125 MAX 0.0601784  PROXIES: TOTAL 24 MAXPE 4 MAXPATCH 6 None MEM: 0.478235 MB
LDB: TIME 224.11 LOAD: AVG 0.0558125 MAX 0.0601784  PROXIES: TOTAL 29 MAXPE 4 MAXPATCH 8 RefineTorusLB MEM: 0.478235 MB
LDB: TIME 224.11 LOAD: AVG 0.0558125 MAX 0.0601784  PROXIES: TOTAL 29 MAXPE 4 MAXPATCH 8 RefineTorusLB MEM: 0.478235 MB
LDB: ============== END OF LOAD BALANCING =============== 224.11
Info: useSync: 0 useProxySync: 0
LDB: =============== DONE WITH MIGRATION ================ 224.11
LDB: ============= START OF LOAD BALANCING ============== 226.638
LDB: ============== END OF LOAD BALANCING =============== 226.638
Info: useSync: 0 useProxySync: 0
LDB: =============== DONE WITH MIGRATION ================ 226.638
LDB: ============= START OF LOAD BALANCING ============== 226.717
LDB: Largest compute 163 load 0.012623 is 22.9% of average load 0.055039
LDB: Average compute 0.003857 is 7.0% of average load 0.055039
LDB: TIME 226.717 LOAD: AVG 0.0550389 MAX 0.0627298  PROXIES: TOTAL 24 MAXPE 4 MAXPATCH 6 None MEM: 0.478235 MB
LDB: TIME 226.717 LOAD: AVG 0.0550389 MAX 0.0627298  PROXIES: TOTAL 29 MAXPE 4 MAXPATCH 8 RefineTorusLB MEM: 0.478235 MB
LDB: TIME 226.717 LOAD: AVG 0.0550389 MAX 0.059523  PROXIES: TOTAL 29 MAXPE 4 MAXPATCH 8 RefineTorusLB MEM: 0.478235 MB
LDB: ============== END OF LOAD BALANCING =============== 226.717
Info: useSync: 0 useProxySync: 0
LDB: =============== DONE WITH MIGRATION ================ 226.717
PRESSURE: 110000 -328.939 -623.973 291.395 -431.373 -106.667 -209.718 -136.358 -296.657 86.1348
GPRESSURE: 110000 -365.214 -514.706 91.7614 -308.187 -20.5375 -153.447 -277.04 -485.722 114.719
PRESSAVG: 110000 -324.924 7.54169 48.5037 2.97126 -256.578 64.4491 46.2801 53.0755 10.9234
GPRESSAVG: 110000 -324.971 7.61297 48.4917 2.75457 -256.44 64.6058 46.4466 53.2511 10.7898
ENERGY:  110000         0.0000         0.0000         0.0000         0.0000          -5665.1146       430.1534         0.0000         0.0000       932.8314          -4302.1298       296.3523     -5234.9612     -4299.5807       296.4625           -116.4905       -90.3442     22891.6104      -190.1926      -190.2070

WRITING COORDINATES TO DCD FILE MDequil.dcd AT STEP 110000
LDB: ============= START OF LOAD BALANCING ============== 229.282
LDB: ============== END OF LOAD BALANCING =============== 229.283
Info: useSync: 0 useProxySync: 0
LDB: =============== DONE WITH MIGRATION ================ 229.283
LDB: ============= START OF LOAD BALANCING ============== 229.348
LDB: Largest compute 162 load 0.013962 is 24.9% of average load 0.056154
LDB: Average compute 0.003970 is 7.1% of average load 0.056154
LDB: TIME 229.349 LOAD: AVG 0.0561539 MAX 0.0611302  PROXIES: TOTAL 24 MAXPE 4 MAXPATCH 6 None MEM: 0.478235 MB
LDB: TIME 229.349 LOAD: AVG 0.0561539 MAX 0.0611302  PROXIES: TOTAL 29 MAXPE 4 MAXPATCH 8 RefineTorusLB MEM: 0.478235 MB
LDB: TIME 229.349 LOAD: AVG 0.0561539 MAX 0.0611302  PROXIES: TOTAL 29 MAXPE 4 MAXPATCH 8 RefineTorusLB MEM: 0.478235 MB
LDB: ============== END OF LOAD BALANCING =============== 229.349
Info: useSync: 0 useProxySync: 0
LDB: =============== DONE WITH MIGRATION ================ 229.349
LDB: ============= START OF LOAD BALANCING ============== 231.898
LDB: ============== END OF LOAD BALANCING =============== 231.898
Info: useSync: 0 useProxySync: 0
LDB: =============== DONE WITH MIGRATION ================ 231.898
LDB: ============= START OF LOAD BALANCING ============== 231.964
LDB: Largest compute 162 load 0.014854 is 26.7% of average load 0.055701
LDB: Average compute 0.003931 is 7.1% of average load 0.055701
LDB: TIME 231.964 LOAD: AVG 0.0557006 MAX 0.0606755  PROXIES: TOTAL 24 MAXPE 4 MAXPATCH 6 None MEM: 0.478235 MB
LDB: TIME 231.964 LOAD: AVG 0.0557006 MAX 0.0606755  PROXIES: TOTAL 29 MAXPE 4 MAXPATCH 8 RefineTorusLB MEM: 0.478235 MB
LDB: TIME 231.964 LOAD: AVG 0.0557006 MAX 0.0606755  PROXIES: TOTAL 29 MAXPE 4 MAXPATCH 8 RefineTorusLB MEM: 0.478235 MB
LDB: ============== END OF LOAD BALANCING =============== 231.964
Info: useSync: 0 useProxySync: 0
LDB: =============== DONE WITH MIGRATION ================ 231.965
LDB: ============= START OF LOAD BALANCING ============== 234.517
LDB: ============== END OF LOAD BALANCING =============== 234.517
Info: useSync: 0 useProxySync: 0
LDB: =============== DONE WITH MIGRATION ================ 234.517
LDB: ============= START OF LOAD BALANCING ============== 234.583
LDB: Largest compute 162 load 0.013996 is 25.1% of average load 0.055787
LDB: Average compute 0.003939 is 7.1% of average load 0.055787
LDB: TIME 234.583 LOAD: AVG 0.0557867 MAX 0.0606523  PROXIES: TOTAL 24 MAXPE 4 MAXPATCH 6 None MEM: 0.478235 MB
LDB: TIME 234.583 LOAD: AVG 0.0557867 MAX 0.0606523  PROXIES: TOTAL 29 MAXPE 4 MAXPATCH 8 RefineTorusLB MEM: 0.478235 MB
LDB: TIME 234.583 LOAD: AVG 0.0557867 MAX 0.0606523  PROXIES: TOTAL 29 MAXPE 4 MAXPATCH 8 RefineTorusLB MEM: 0.478235 MB
LDB: ============== END OF LOAD BALANCING =============== 234.583
Info: useSync: 0 useProxySync: 0
LDB: =============== DONE WITH MIGRATION ================ 234.583
PRESSURE: 115000 -1353.41 342.495 -357.684 133.248 -357.153 -137.944 -104.558 -153.396 59.8092
GPRESSURE: 115000 -1413.98 351.206 -129.137 -50.3167 -435.583 -19.1713 -195.688 53.45 262.466
PRESSAVG: 115000 -352.776 21.7505 81.6614 4.9817 -344.89 16.6308 5.44507 25.8695 -4.77804
GPRESSAVG: 115000 -352.374 21.7982 81.5167 4.79341 -345.243 17.1465 4.95894 25.5429 -5.09523
ENERGY:  115000         0.0000         0.0000         0.0000         0.0000          -5590.4272       369.1717         0.0000         0.0000       925.6251          -4295.6305       294.0630     -5221.2556     -4293.0688       293.8323           -550.2527      -529.0320     22719.2266      -234.1483      -234.2375

WRITING COORDINATES TO DCD FILE MDequil.dcd AT STEP 115000
LDB: ============= START OF LOAD BALANCING ============== 237.149
LDB: ============== END OF LOAD BALANCING =============== 237.149
Info: useSync: 0 useProxySync: 0
LDB: =============== DONE WITH MIGRATION ================ 237.149
LDB: ============= START OF LOAD BALANCING ============== 237.215
LDB: Largest compute 162 load 0.014071 is 25.3% of average load 0.055681
LDB: Average compute 0.003930 is 7.1% of average load 0.055681
LDB: TIME 237.216 LOAD: AVG 0.0556808 MAX 0.061247  PROXIES: TOTAL 24 MAXPE 4 MAXPATCH 6 None MEM: 0.478235 MB
LDB: TIME 237.216 LOAD: AVG 0.0556808 MAX 0.061247  PROXIES: TOTAL 29 MAXPE 4 MAXPATCH 8 RefineTorusLB MEM: 0.478235 MB
LDB: TIME 237.216 LOAD: AVG 0.0556808 MAX 0.0607193  PROXIES: TOTAL 29 MAXPE 4 MAXPATCH 8 RefineTorusLB MEM: 0.478235 MB
LDB: ============== END OF LOAD BALANCING =============== 237.216
Info: useSync: 0 useProxySync: 0
LDB: =============== DONE WITH MIGRATION ================ 237.216
LDB: ============= START OF LOAD BALANCING ============== 239.73
LDB: ============== END OF LOAD BALANCING =============== 239.73
Info: useSync: 0 useProxySync: 0
LDB: =============== DONE WITH MIGRATION ================ 239.73
LDB: ============= START OF LOAD BALANCING ============== 239.795
LDB: Largest compute 162 load 0.013218 is 23.6% of average load 0.056114
LDB: Average compute 0.003967 is 7.1% of average load 0.056114
LDB: TIME 239.795 LOAD: AVG 0.0561141 MAX 0.0612429  PROXIES: TOTAL 24 MAXPE 4 MAXPATCH 6 None MEM: 0.478235 MB
LDB: TIME 239.795 LOAD: AVG 0.0561141 MAX 0.0612429  PROXIES: TOTAL 29 MAXPE 4 MAXPATCH 8 RefineTorusLB MEM: 0.478235 MB
LDB: TIME 239.795 LOAD: AVG 0.0561141 MAX 0.060854  PROXIES: TOTAL 29 MAXPE 4 MAXPATCH 8 RefineTorusLB MEM: 0.478235 MB
LDB: ============== END OF LOAD BALANCING =============== 239.795
Info: useSync: 0 useProxySync: 0
LDB: =============== DONE WITH MIGRATION ================ 239.795
PRESSURE: 120000 -1034.7 -501.686 442.667 8.48696 -258.963 -240.946 158.529 -248.99 -256.601
GPRESSURE: 120000 -1045.89 -468.432 257.274 59.5168 -200.043 -57.6703 72.4164 -243.669 -239.543
PRESSAVG: 120000 -353.311 -19.4604 -57.9856 18.1061 -302.652 -49.6936 -57.5155 -3.02984 -12.1917
GPRESSAVG: 120000 -353.645 -19.6046 -58.0825 18.3925 -302.441 -49.5831 -57.756 -3.11541 -11.9727
ENERGY:  120000         0.0000         0.0000         0.0000         0.0000          -5633.1278       367.0345         0.0000         0.0000       950.3480          -4315.7453       301.9172     -5266.0933     -4313.6791       294.5583           -516.7553      -495.1572     22418.4739      -222.7182      -222.6865

WRITING COORDINATES TO DCD FILE MDequil.dcd AT STEP 120000
LDB: ============= START OF LOAD BALANCING ============== 242.34
LDB: ============== END OF LOAD BALANCING =============== 242.34
Info: useSync: 0 useProxySync: 0
LDB: =============== DONE WITH MIGRATION ================ 242.341
LDB: ============= START OF LOAD BALANCING ============== 242.406
LDB: Largest compute 162 load 0.013740 is 24.4% of average load 0.056351
LDB: Average compute 0.003983 is 7.1% of average load 0.056351
LDB: TIME 242.406 LOAD: AVG 0.0563509 MAX 0.0608097  PROXIES: TOTAL 24 MAXPE 4 MAXPATCH 6 None MEM: 0.478235 MB
LDB: TIME 242.406 LOAD: AVG 0.0563509 MAX 0.0608097  PROXIES: TOTAL 29 MAXPE 4 MAXPATCH 8 RefineTorusLB MEM: 0.478235 MB
LDB: TIME 242.406 LOAD: AVG 0.0563509 MAX 0.0608097  PROXIES: TOTAL 29 MAXPE 4 MAXPATCH 8 RefineTorusLB MEM: 0.478235 MB
LDB: ============== END OF LOAD BALANCING =============== 242.406
Info: useSync: 0 useProxySync: 0
LDB: =============== DONE WITH MIGRATION ================ 242.406
LDB: ============= START OF LOAD BALANCING ============== 244.927
LDB: ============== END OF LOAD BALANCING =============== 244.927
Info: useSync: 0 useProxySync: 0
LDB: =============== DONE WITH MIGRATION ================ 244.927
LDB: ============= START OF LOAD BALANCING ============== 244.992
LDB: Largest compute 163 load 0.013313 is 23.6% of average load 0.056317
LDB: Average compute 0.003975 is 7.1% of average load 0.056317
LDB: TIME 244.992 LOAD: AVG 0.056317 MAX 0.0607395  PROXIES: TOTAL 24 MAXPE 4 MAXPATCH 6 None MEM: 0.478235 MB
LDB: TIME 244.993 LOAD: AVG 0.056317 MAX 0.0607395  PROXIES: TOTAL 29 MAXPE 4 MAXPATCH 8 RefineTorusLB MEM: 0.478235 MB
LDB: TIME 244.993 LOAD: AVG 0.056317 MAX 0.0607395  PROXIES: TOTAL 29 MAXPE 4 MAXPATCH 8 RefineTorusLB MEM: 0.478235 MB
LDB: ============== END OF LOAD BALANCING =============== 244.993
Info: useSync: 0 useProxySync: 0
LDB: =============== DONE WITH MIGRATION ================ 244.993
LDB: ============= START OF LOAD BALANCING ============== 247.511
LDB: ============== END OF LOAD BALANCING =============== 247.511
Info: useSync: 0 useProxySync: 0
LDB: =============== DONE WITH MIGRATION ================ 247.511
LDB: ============= START OF LOAD BALANCING ============== 247.575
LDB: Largest compute 162 load 0.013351 is 24.3% of average load 0.055036
LDB: Average compute 0.003876 is 7.0% of average load 0.055036
LDB: TIME 247.576 LOAD: AVG 0.0550359 MAX 0.0605253  PROXIES: TOTAL 24 MAXPE 4 MAXPATCH 6 None MEM: 0.478235 MB
LDB: TIME 247.576 LOAD: AVG 0.0550359 MAX 0.0605253  PROXIES: TOTAL 29 MAXPE 4 MAXPATCH 8 RefineTorusLB MEM: 0.478235 MB
LDB: TIME 247.576 LOAD: AVG 0.0550359 MAX 0.0597329  PROXIES: TOTAL 29 MAXPE 4 MAXPATCH 8 RefineTorusLB MEM: 0.478235 MB
LDB: ============== END OF LOAD BALANCING =============== 247.576
Info: useSync: 0 useProxySync: 0
LDB: =============== DONE WITH MIGRATION ================ 247.576
PRESSURE: 125000 -759.917 725.262 -8.25281 565.91 -353.619 -217.459 -420.721 -441.823 -473.328
GPRESSURE: 125000 -936.117 387.56 215.026 714.496 -327.226 -262.525 -629.935 -613.274 -276.837
PRESSAVG: 125000 -409.383 -53.4124 -30.7501 -48.8253 -452.454 0.179139 3.05104 -71.1989 9.10924
GPRESSAVG: 125000 -409.373 -53.8019 -30.5727 -48.2528 -452.218 0.301141 3.58812 -71.2165 8.93657
ENERGY:  125000         0.0000         0.0000         0.0000         0.0000          -5603.2512       384.1795         0.0000         0.0000       945.5683          -4273.5034       300.3988     -5219.0717     -4273.0935       296.5233           -528.9547      -513.3931     22999.2614      -284.2425      -284.2180

WRITING COORDINATES TO DCD FILE MDequil.dcd AT STEP 125000
LDB: ============= START OF LOAD BALANCING ============== 250.093
LDB: ============== END OF LOAD BALANCING =============== 250.093
Info: useSync: 0 useProxySync: 0
LDB: =============== DONE WITH MIGRATION ================ 250.093
LDB: ============= START OF LOAD BALANCING ============== 250.158
LDB: Largest compute 162 load 0.012269 is 22.5% of average load 0.054649
LDB: Average compute 0.003842 is 7.0% of average load 0.054649
LDB: TIME 250.159 LOAD: AVG 0.054649 MAX 0.0610028  PROXIES: TOTAL 24 MAXPE 4 MAXPATCH 6 None MEM: 0.478235 MB
LDB: TIME 250.159 LOAD: AVG 0.054649 MAX 0.0610028  PROXIES: TOTAL 29 MAXPE 4 MAXPATCH 8 RefineTorusLB MEM: 0.478235 MB
LDB: TIME 250.159 LOAD: AVG 0.054649 MAX 0.0593734  PROXIES: TOTAL 29 MAXPE 4 MAXPATCH 8 RefineTorusLB MEM: 0.478235 MB
LDB: ============== END OF LOAD BALANCING =============== 250.159
Info: useSync: 0 useProxySync: 0
LDB: =============== DONE WITH MIGRATION ================ 250.159
LDB: ============= START OF LOAD BALANCING ============== 252.733
LDB: ============== END OF LOAD BALANCING =============== 252.733
Info: useSync: 0 useProxySync: 0
LDB: =============== DONE WITH MIGRATION ================ 252.733
LDB: ============= START OF LOAD BALANCING ============== 252.799
LDB: Largest compute 162 load 0.012900 is 23.1% of average load 0.055813
LDB: Average compute 0.003938 is 7.1% of average load 0.055813
LDB: TIME 252.799 LOAD: AVG 0.0558131 MAX 0.060721  PROXIES: TOTAL 24 MAXPE 4 MAXPATCH 6 None MEM: 0.478235 MB
LDB: TIME 252.799 LOAD: AVG 0.0558131 MAX 0.060721  PROXIES: TOTAL 29 MAXPE 4 MAXPATCH 8 RefineTorusLB MEM: 0.478235 MB
LDB: TIME 252.799 LOAD: AVG 0.0558131 MAX 0.060721  PROXIES: TOTAL 29 MAXPE 4 MAXPATCH 8 RefineTorusLB MEM: 0.478235 MB
LDB: ============== END OF LOAD BALANCING =============== 252.799
Info: useSync: 0 useProxySync: 0
LDB: =============== DONE WITH MIGRATION ================ 252.8
PRESSURE: 130000 -518.927 109.363 145.8 -60.6158 -388.435 830.075 -360.017 401.038 707.446
GPRESSURE: 130000 -457.68 -154.403 142.375 -55.3415 -446.244 714.243 -597.103 382.928 748.021
PRESSAVG: 130000 -305.123 51.5413 -31.9018 39.3102 -387.556 27.2728 -26.0333 -30.9514 12.0287
GPRESSAVG: 130000 -304.928 51.897 -31.8647 38.8061 -387.448 27.3859 -26.08 -31.0821 12.2439
ENERGY:  130000         0.0000         0.0000         0.0000         0.0000          -5596.4241       407.7229         0.0000         0.0000       978.5424          -4210.1587       310.8743     -5188.7011     -4207.7867       298.0029            -66.6385       -51.9676     22704.3951      -226.8833      -226.7109

WRITING COORDINATES TO DCD FILE MDequil.dcd AT STEP 130000
LDB: ============= START OF LOAD BALANCING ============== 255.384
LDB: ============== END OF LOAD BALANCING =============== 255.384
Info: useSync: 0 useProxySync: 0
LDB: =============== DONE WITH MIGRATION ================ 255.385
LDB: ============= START OF LOAD BALANCING ============== 255.45
LDB: Largest compute 52 load 0.014792 is 26.7% of average load 0.055406
LDB: Average compute 0.003905 is 7.0% of average load 0.055406
LDB: TIME 255.45 LOAD: AVG 0.055406 MAX 0.0617146  PROXIES: TOTAL 24 MAXPE 4 MAXPATCH 6 None MEM: 0.478235 MB
LDB: TIME 255.451 LOAD: AVG 0.055406 MAX 0.0617146  PROXIES: TOTAL 29 MAXPE 4 MAXPATCH 8 RefineTorusLB MEM: 0.478235 MB
LDB: TIME 255.451 LOAD: AVG 0.055406 MAX 0.060421  PROXIES: TOTAL 29 MAXPE 4 MAXPATCH 8 RefineTorusLB MEM: 0.478235 MB
LDB: ============== END OF LOAD BALANCING =============== 255.451
Info: useSync: 0 useProxySync: 0
LDB: =============== DONE WITH MIGRATION ================ 255.451
LDB: ============= START OF LOAD BALANCING ============== 258.022
LDB: ============== END OF LOAD BALANCING =============== 258.022
Info: useSync: 0 useProxySync: 0
LDB: =============== DONE WITH MIGRATION ================ 258.022
LDB: ============= START OF LOAD BALANCING ============== 258.087
LDB: Largest compute 162 load 0.013534 is 24.9% of average load 0.054430
LDB: Average compute 0.003825 is 7.0% of average load 0.054430
LDB: TIME 258.087 LOAD: AVG 0.0544303 MAX 0.0593431  PROXIES: TOTAL 24 MAXPE 4 MAXPATCH 6 None MEM: 0.478235 MB
LDB: TIME 258.087 LOAD: AVG 0.0544303 MAX 0.0593431  PROXIES: TOTAL 29 MAXPE 4 MAXPATCH 8 RefineTorusLB MEM: 0.478235 MB
LDB: TIME 258.087 LOAD: AVG 0.0544303 MAX 0.0593431  PROXIES: TOTAL 29 MAXPE 4 MAXPATCH 8 RefineTorusLB MEM: 0.478235 MB
LDB: ============== END OF LOAD BALANCING =============== 258.087
Info: useSync: 0 useProxySync: 0
LDB: =============== DONE WITH MIGRATION ================ 258.088
LDB: ============= START OF LOAD BALANCING ============== 260.669
LDB: ============== END OF LOAD BALANCING =============== 260.669
Info: useSync: 0 useProxySync: 0
LDB: =============== DONE WITH MIGRATION ================ 260.669
LDB: ============= START OF LOAD BALANCING ============== 260.735
LDB: Largest compute 52 load 0.014343 is 26.0% of average load 0.055065
LDB: Average compute 0.003872 is 7.0% of average load 0.055065
LDB: TIME 260.735 LOAD: AVG 0.0550647 MAX 0.0609926  PROXIES: TOTAL 24 MAXPE 4 MAXPATCH 6 None MEM: 0.478235 MB
LDB: TIME 260.735 LOAD: AVG 0.0550647 MAX 0.0609926  PROXIES: TOTAL 29 MAXPE 4 MAXPATCH 8 RefineTorusLB MEM: 0.478235 MB
LDB: TIME 260.735 LOAD: AVG 0.0550647 MAX 0.0593882  PROXIES: TOTAL 29 MAXPE 4 MAXPATCH 8 RefineTorusLB MEM: 0.478235 MB
LDB: ============== END OF LOAD BALANCING =============== 260.735
Info: useSync: 0 useProxySync: 0
LDB: =============== DONE WITH MIGRATION ================ 260.736
PRESSURE: 135000 -7.60564 -219.842 -100.371 146.836 -921.221 -791.472 -65.4981 -500.303 -802.037
GPRESSURE: 135000 95.2113 -355.04 -116.161 212.186 -1031.22 -724.094 116.101 -412.627 -699.691
PRESSAVG: 135000 -340.055 70.4635 -37.2558 57.2179 -295.029 -8.77394 91.6647 50.4185 -12.1793
GPRESSAVG: 135000 -340.04 70.1269 -37.0692 57.0493 -295.163 -8.16298 91.6656 49.811 -12.5273
ENERGY:  135000         0.0000         0.0000         0.0000         0.0000          -5550.1541       363.7559         0.0000         0.0000       893.8033          -4292.5949       283.9535     -5186.3982     -4290.7466       301.8992           -576.9545      -545.2342     22830.5871      -215.7542      -215.9102

WRITING COORDINATES TO DCD FILE MDequil.dcd AT STEP 135000
LDB: ============= START OF LOAD BALANCING ============== 263.353
LDB: ============== END OF LOAD BALANCING =============== 263.353
Info: useSync: 0 useProxySync: 0
LDB: =============== DONE WITH MIGRATION ================ 263.353
LDB: ============= START OF LOAD BALANCING ============== 263.42
LDB: Largest compute 52 load 0.013598 is 24.5% of average load 0.055464
LDB: Average compute 0.003911 is 7.1% of average load 0.055464
LDB: TIME 263.42 LOAD: AVG 0.0554645 MAX 0.0592804  PROXIES: TOTAL 24 MAXPE 4 MAXPATCH 6 None MEM: 0.478235 MB
LDB: TIME 263.42 LOAD: AVG 0.0554645 MAX 0.0592804  PROXIES: TOTAL 29 MAXPE 4 MAXPATCH 8 RefineTorusLB MEM: 0.478235 MB
LDB: TIME 263.42 LOAD: AVG 0.0554645 MAX 0.0592804  PROXIES: TOTAL 29 MAXPE 4 MAXPATCH 8 RefineTorusLB MEM: 0.478235 MB
LDB: ============== END OF LOAD BALANCING =============== 263.42
Info: useSync: 0 useProxySync: 0
LDB: =============== DONE WITH MIGRATION ================ 263.421
LDB: ============= START OF LOAD BALANCING ============== 266.054
LDB: ============== END OF LOAD BALANCING =============== 266.054
Info: useSync: 0 useProxySync: 0
LDB: =============== DONE WITH MIGRATION ================ 266.054
LDB: ============= START OF LOAD BALANCING ============== 266.12
LDB: Largest compute 52 load 0.012756 is 23.3% of average load 0.054700
LDB: Average compute 0.003847 is 7.0% of average load 0.054700
LDB: TIME 266.121 LOAD: AVG 0.0547004 MAX 0.059617  PROXIES: TOTAL 24 MAXPE 4 MAXPATCH 6 None MEM: 0.478235 MB
LDB: TIME 266.121 LOAD: AVG 0.0547004 MAX 0.059617  PROXIES: TOTAL 29 MAXPE 4 MAXPATCH 8 RefineTorusLB MEM: 0.478235 MB
LDB: TIME 266.121 LOAD: AVG 0.0547004 MAX 0.059617  PROXIES: TOTAL 29 MAXPE 4 MAXPATCH 8 RefineTorusLB MEM: 0.478235 MB
LDB: ============== END OF LOAD BALANCING =============== 266.121
Info: useSync: 0 useProxySync: 0
LDB: =============== DONE WITH MIGRATION ================ 266.121
PRESSURE: 140000 -1274.49 875.849 -227.574 1072.45 -234.985 569.923 -475.192 -27.2896 -465.394
GPRESSURE: 140000 -1232.36 785.544 -128.135 1273.41 -273.013 679.589 -343.888 47.4454 -436.949
PRESSAVG: 140000 -296.015 -37.5362 -4.81159 -24.5886 -324.441 28.6956 52.0379 40.2158 1.81003
GPRESSAVG: 140000 -296.194 -38.0605 -5.11291 -24.1843 -324.663 28.3904 52.3659 40.5299 2.32289
ENERGY:  140000         0.0000         0.0000         0.0000         0.0000          -5622.2171       377.0925         0.0000         0.0000       901.0774          -4344.0472       286.2644     -5245.1246     -4342.5035       297.0731           -658.2892      -647.4400     22544.9103      -206.2155      -206.1779

WRITING COORDINATES TO DCD FILE MDequil.dcd AT STEP 140000
LDB: ============= START OF LOAD BALANCING ============== 268.818
LDB: ============== END OF LOAD BALANCING =============== 268.818
Info: useSync: 0 useProxySync: 0
LDB: =============== DONE WITH MIGRATION ================ 268.818
LDB: ============= START OF LOAD BALANCING ============== 268.887
LDB: Largest compute 52 load 0.013138 is 23.5% of average load 0.055813
LDB: Average compute 0.003939 is 7.1% of average load 0.055813
LDB: TIME 268.887 LOAD: AVG 0.0558129 MAX 0.0607392  PROXIES: TOTAL 24 MAXPE 4 MAXPATCH 6 None MEM: 0.478235 MB
LDB: TIME 268.887 LOAD: AVG 0.0558129 MAX 0.0607392  PROXIES: TOTAL 29 MAXPE 4 MAXPATCH 8 RefineTorusLB MEM: 0.478235 MB
LDB: TIME 268.887 LOAD: AVG 0.0558129 MAX 0.0607392  PROXIES: TOTAL 29 MAXPE 4 MAXPATCH 8 RefineTorusLB MEM: 0.478235 MB
LDB: ============== END OF LOAD BALANCING =============== 268.887
Info: useSync: 0 useProxySync: 0
LDB: =============== DONE WITH MIGRATION ================ 268.887
LDB: ============= START OF LOAD BALANCING ============== 271.495
LDB: ============== END OF LOAD BALANCING =============== 271.495
Info: useSync: 0 useProxySync: 0
LDB: =============== DONE WITH MIGRATION ================ 271.495
LDB: ============= START OF LOAD BALANCING ============== 271.562
LDB: Largest compute 162 load 0.014271 is 25.8% of average load 0.055331
LDB: Average compute 0.003900 is 7.0% of average load 0.055331
LDB: TIME 271.562 LOAD: AVG 0.0553314 MAX 0.0619006  PROXIES: TOTAL 24 MAXPE 4 MAXPATCH 6 None MEM: 0.478235 MB
LDB: TIME 271.562 LOAD: AVG 0.0553314 MAX 0.0619006  PROXIES: TOTAL 29 MAXPE 4 MAXPATCH 8 RefineTorusLB MEM: 0.478235 MB
LDB: TIME 271.562 LOAD: AVG 0.0553314 MAX 0.0597759  PROXIES: TOTAL 29 MAXPE 4 MAXPATCH 8 RefineTorusLB MEM: 0.478235 MB
LDB: ============== END OF LOAD BALANCING =============== 271.562
Info: useSync: 0 useProxySync: 0
LDB: =============== DONE WITH MIGRATION ================ 271.563
LDB: ============= START OF LOAD BALANCING ============== 274.177
LDB: ============== END OF LOAD BALANCING =============== 274.177
Info: useSync: 0 useProxySync: 0
LDB: =============== DONE WITH MIGRATION ================ 274.177
LDB: ============= START OF LOAD BALANCING ============== 274.244
LDB: Largest compute 162 load 0.013797 is 24.9% of average load 0.055337
LDB: Average compute 0.003897 is 7.0% of average load 0.055337
LDB: TIME 274.244 LOAD: AVG 0.0553367 MAX 0.0585691  PROXIES: TOTAL 24 MAXPE 4 MAXPATCH 6 None MEM: 0.478235 MB
LDB: TIME 274.244 LOAD: AVG 0.0553367 MAX 0.0585691  PROXIES: TOTAL 29 MAXPE 4 MAXPATCH 8 RefineTorusLB MEM: 0.478235 MB
LDB: TIME 274.244 LOAD: AVG 0.0553367 MAX 0.0585691  PROXIES: TOTAL 29 MAXPE 4 MAXPATCH 8 RefineTorusLB MEM: 0.478235 MB
LDB: ============== END OF LOAD BALANCING =============== 274.244
Info: useSync: 0 useProxySync: 0
LDB: =============== DONE WITH MIGRATION ================ 274.245
PRESSURE: 145000 -591.292 323.845 107.237 86.3796 -563.593 -278.789 228.405 -226.721 140.407
GPRESSURE: 145000 -559.146 467.316 -88.0697 -293.496 -666.751 -306.804 253.766 -650.286 252.685
PRESSAVG: 145000 -384.49 7.91555 -18.1535 22.8458 -322.304 -22.3251 -46.3605 -23.9792 -2.73191
GPRESSAVG: 145000 -384.717 8.01673 -18.2085 22.5407 -322.191 -22.2483 -46.3827 -23.9538 -2.82756
ENERGY:  145000         0.0000         0.0000         0.0000         0.0000          -5589.5455       362.2161         0.0000         0.0000       961.3753          -4265.9542       305.4205     -5227.3295     -4263.4241       300.0934           -338.1594      -324.4038     22432.4185      -236.5086      -236.5784

WRITING COORDINATES TO DCD FILE MDequil.dcd AT STEP 145000
LDB: ============= START OF LOAD BALANCING ============== 276.874
LDB: ============== END OF LOAD BALANCING =============== 276.874
Info: useSync: 0 useProxySync: 0
LDB: =============== DONE WITH MIGRATION ================ 276.874
LDB: ============= START OF LOAD BALANCING ============== 276.942
LDB: Largest compute 163 load 0.013218 is 23.3% of average load 0.056722
LDB: Average compute 0.004008 is 7.1% of average load 0.056722
LDB: TIME 276.943 LOAD: AVG 0.0567223 MAX 0.0600832  PROXIES: TOTAL 24 MAXPE 4 MAXPATCH 6 None MEM: 0.478235 MB
LDB: TIME 276.943 LOAD: AVG 0.0567223 MAX 0.0600832  PROXIES: TOTAL 29 MAXPE 4 MAXPATCH 8 RefineTorusLB MEM: 0.478235 MB
LDB: TIME 276.943 LOAD: AVG 0.0567223 MAX 0.0600832  PROXIES: TOTAL 29 MAXPE 4 MAXPATCH 8 RefineTorusLB MEM: 0.478235 MB
LDB: ============== END OF LOAD BALANCING =============== 276.943
Info: useSync: 0 useProxySync: 0
LDB: =============== DONE WITH MIGRATION ================ 276.943
LDB: ============= START OF LOAD BALANCING ============== 279.577
LDB: ============== END OF LOAD BALANCING =============== 279.577
Info: useSync: 0 useProxySync: 0
LDB: =============== DONE WITH MIGRATION ================ 279.578
LDB: ============= START OF LOAD BALANCING ============== 279.644
LDB: Largest compute 162 load 0.013180 is 23.8% of average load 0.055395
LDB: Average compute 0.003911 is 7.1% of average load 0.055395
LDB: TIME 279.645 LOAD: AVG 0.0553951 MAX 0.0610604  PROXIES: TOTAL 24 MAXPE 4 MAXPATCH 6 None MEM: 0.478235 MB
LDB: TIME 279.645 LOAD: AVG 0.0553951 MAX 0.0610604  PROXIES: TOTAL 29 MAXPE 4 MAXPATCH 8 RefineTorusLB MEM: 0.478235 MB
LDB: TIME 279.645 LOAD: AVG 0.0553951 MAX 0.0602809  PROXIES: TOTAL 29 MAXPE 4 MAXPATCH 8 RefineTorusLB MEM: 0.478235 MB
LDB: ============== END OF LOAD BALANCING =============== 279.645
Info: useSync: 0 useProxySync: 0
LDB: =============== DONE WITH MIGRATION ================ 279.645
PRESSURE: 150000 351.993 -188.939 -98.2746 -100.968 -501.259 -224.636 -91.902 -373.531 -148.476
GPRESSURE: 150000 387.359 -196.839 -251.823 15.385 -464.163 -364.505 101.224 -318.007 -151.95
PRESSAVG: 150000 -197.693 8.75374 7.28399 -40.2807 -201.156 21.219 -32.2123 -11.8311 8.17878
GPRESSAVG: 150000 -197.377 8.95548 7.36961 -40.2133 -201.161 20.8313 -31.9664 -11.5639 8.08645
TIMING: 150000  CPU: 260.625, 0.00132406/step  Wall: 269.196, 0.00132626/step, 0.128942 hours remaining, 0.478235 MB of memory in use.
PERFORMANCE: 150000  averaging 96.2957 ns/day, 0.00179447 sec/step with standard deviation 0.000413173
ETITLE:      TS           BOND          ANGLE          DIHED          IMPRP               ELECT            VDW       BOUNDARY           MISC        KINETIC               TOTAL           TEMP      POTENTIAL         TOTAL3        TEMPAVG            PRESSURE      GPRESSURE         VOLUME       PRESSAVG      GPRESSAVG

ENERGY:  150000         0.0000         0.0000         0.0000         0.0000          -5630.5651       376.2292         0.0000         0.0000       945.6647          -4308.6712       300.4294     -5254.3359     -4306.4621       296.3235            -99.2472       -76.2515     22408.8218      -130.2234      -130.1506

WRITING EXTENDED SYSTEM TO RESTART FILE AT STEP 150000
WRITING COORDINATES TO DCD FILE MDequil.dcd AT STEP 150000
WRITING COORDINATES TO RESTART FILE AT STEP 150000
FINISHED WRITING RESTART COORDINATES
WRITING VELOCITIES TO RESTART FILE AT STEP 150000
FINISHED WRITING RESTART VELOCITIES
The last velocity output (seq=150000) takes 0.000 seconds, 0.478 MB of memory in use
LDB: ============= START OF LOAD BALANCING ============== 282.249
LDB: ============== END OF LOAD BALANCING =============== 282.249
Info: useSync: 0 useProxySync: 0
LDB: =============== DONE WITH MIGRATION ================ 282.249
LDB: ============= START OF LOAD BALANCING ============== 282.315
LDB: Largest compute 163 load 0.013270 is 23.8% of average load 0.055789
LDB: Average compute 0.003934 is 7.1% of average load 0.055789
LDB: TIME 282.316 LOAD: AVG 0.0557892 MAX 0.0588029  PROXIES: TOTAL 24 MAXPE 4 MAXPATCH 6 None MEM: 0.478235 MB
LDB: TIME 282.316 LOAD: AVG 0.0557892 MAX 0.0588029  PROXIES: TOTAL 29 MAXPE 4 MAXPATCH 8 RefineTorusLB MEM: 0.478235 MB
LDB: TIME 282.316 LOAD: AVG 0.0557892 MAX 0.0588029  PROXIES: TOTAL 29 MAXPE 4 MAXPATCH 8 RefineTorusLB MEM: 0.478235 MB
LDB: ============== END OF LOAD BALANCING =============== 282.316
Info: useSync: 0 useProxySync: 0
LDB: =============== DONE WITH MIGRATION ================ 282.316
LDB: ============= START OF LOAD BALANCING ============== 284.97
LDB: ============== END OF LOAD BALANCING =============== 284.97
Info: useSync: 0 useProxySync: 0
LDB: =============== DONE WITH MIGRATION ================ 284.971
LDB: ============= START OF LOAD BALANCING ============== 285.037
LDB: Largest compute 162 load 0.013094 is 23.6% of average load 0.055502
LDB: Average compute 0.003908 is 7.0% of average load 0.055502
LDB: TIME 285.037 LOAD: AVG 0.0555019 MAX 0.0592937  PROXIES: TOTAL 24 MAXPE 4 MAXPATCH 6 None MEM: 0.478235 MB
LDB: TIME 285.037 LOAD: AVG 0.0555019 MAX 0.0592937  PROXIES: TOTAL 29 MAXPE 4 MAXPATCH 8 RefineTorusLB MEM: 0.478235 MB
LDB: TIME 285.037 LOAD: AVG 0.0555019 MAX 0.0592937  PROXIES: TOTAL 29 MAXPE 4 MAXPATCH 8 RefineTorusLB MEM: 0.478235 MB
LDB: ============== END OF LOAD BALANCING =============== 285.038
Info: useSync: 0 useProxySync: 0
LDB: =============== DONE WITH MIGRATION ================ 285.038
LDB: ============= START OF LOAD BALANCING ============== 287.633
LDB: ============== END OF LOAD BALANCING =============== 287.633
Info: useSync: 0 useProxySync: 0
LDB: =============== DONE WITH MIGRATION ================ 287.633
LDB: ============= START OF LOAD BALANCING ============== 287.699
LDB: Largest compute 52 load 0.012456 is 22.6% of average load 0.055224
LDB: Average compute 0.003888 is 7.0% of average load 0.055224
LDB: TIME 287.699 LOAD: AVG 0.0552244 MAX 0.0601622  PROXIES: TOTAL 24 MAXPE 4 MAXPATCH 6 None MEM: 0.478235 MB
LDB: TIME 287.699 LOAD: AVG 0.0552244 MAX 0.0601622  PROXIES: TOTAL 29 MAXPE 4 MAXPATCH 8 RefineTorusLB MEM: 0.478235 MB
LDB: TIME 287.699 LOAD: AVG 0.0552244 MAX 0.0601622  PROXIES: TOTAL 29 MAXPE 4 MAXPATCH 8 RefineTorusLB MEM: 0.478235 MB
LDB: ============== END OF LOAD BALANCING =============== 287.699
Info: useSync: 0 useProxySync: 0
LDB: =============== DONE WITH MIGRATION ================ 287.699
WRITING COORDINATES TO DCD FILE MDequil.dcd AT STEP 155000
PRESSURE: 155000 -83.2368 -140.841 46.0551 -340.511 -931.844 -595.804 -872.215 -661.814 1684.75
GPRESSURE: 155000 -124.183 -416.956 317.785 -382.582 -869.924 -443.917 -1009.91 -556.82 1678.66
PRESSAVG: 155000 -327.366 -0.759814 29.1202 -23.9399 -240.423 -0.5929 -20.3457 -87.8097 2.58458
GPRESSAVG: 155000 -327.043 -0.907608 29.1632 -23.9449 -240.149 -0.64386 -20.1406 -87.9183 2.76114
ENERGY:  155000         0.0000         0.0000         0.0000         0.0000          -5650.4072       412.9967         0.0000         0.0000       894.6541          -4342.7564       284.2238     -5237.4106     -4341.7129       295.4721            223.2244       228.1839     22354.7763      -188.4016      -188.1435

LDB: ============= START OF LOAD BALANCING ============== 290.323
LDB: ============== END OF LOAD BALANCING =============== 290.324
Info: useSync: 0 useProxySync: 0
LDB: =============== DONE WITH MIGRATION ================ 290.324
LDB: ============= START OF LOAD BALANCING ============== 290.39
LDB: Largest compute 52 load 0.013272 is 24.1% of average load 0.055128
LDB: Average compute 0.003880 is 7.0% of average load 0.055128
LDB: TIME 290.39 LOAD: AVG 0.0551282 MAX 0.0603768  PROXIES: TOTAL 24 MAXPE 4 MAXPATCH 6 None MEM: 0.478235 MB
LDB: TIME 290.39 LOAD: AVG 0.0551282 MAX 0.0603768  PROXIES: TOTAL 29 MAXPE 4 MAXPATCH 8 RefineTorusLB MEM: 0.478235 MB
LDB: TIME 290.39 LOAD: AVG 0.0551282 MAX 0.0600118  PROXIES: TOTAL 29 MAXPE 4 MAXPATCH 8 RefineTorusLB MEM: 0.478235 MB
LDB: ============== END OF LOAD BALANCING =============== 290.39
Info: useSync: 0 useProxySync: 0
LDB: =============== DONE WITH MIGRATION ================ 290.39
LDB: ============= START OF LOAD BALANCING ============== 292.992
LDB: ============== END OF LOAD BALANCING =============== 292.992
Info: useSync: 0 useProxySync: 0
LDB: =============== DONE WITH MIGRATION ================ 292.992
LDB: ============= START OF LOAD BALANCING ============== 293.058
LDB: Largest compute 52 load 0.013535 is 24.7% of average load 0.054821
LDB: Average compute 0.003855 is 7.0% of average load 0.054821
LDB: TIME 293.059 LOAD: AVG 0.0548206 MAX 0.0597367  PROXIES: TOTAL 24 MAXPE 4 MAXPATCH 6 None MEM: 0.478235 MB
LDB: TIME 293.059 LOAD: AVG 0.0548206 MAX 0.0597367  PROXIES: TOTAL 29 MAXPE 4 MAXPATCH 8 RefineTorusLB MEM: 0.478235 MB
LDB: TIME 293.059 LOAD: AVG 0.0548206 MAX 0.0597367  PROXIES: TOTAL 29 MAXPE 4 MAXPATCH 8 RefineTorusLB MEM: 0.478235 MB
LDB: ============== END OF LOAD BALANCING =============== 293.059
Info: useSync: 0 useProxySync: 0
LDB: =============== DONE WITH MIGRATION ================ 293.059
PRESSURE: 160000 -233.536 -347.797 -145.309 242.384 73.8677 -607.078 -95.789 -27.8097 -339.789
GPRESSURE: 160000 -165.375 -549.176 -340.493 351.806 8.14591 -741.763 98.0863 278.894 -273.943
PRESSAVG: 160000 -312.471 20.0922 23.6702 57.3081 -359.193 7.02631 51.6731 -8.52374 6.63756
GPRESSAVG: 160000 -312.51 20.427 23.609 57.2875 -359.392 7.47991 51.6385 -8.58466 6.47066
ENERGY:  160000         0.0000         0.0000         0.0000         0.0000          -5638.5639       400.0343         0.0000         0.0000       937.9594          -4300.5702       297.9815     -5238.5296     -4298.1734       297.3443           -166.4857      -143.7242     22461.1032      -221.6755      -221.8104

WRITING COORDINATES TO DCD FILE MDequil.dcd AT STEP 160000
LDB: ============= START OF LOAD BALANCING ============== 295.641
LDB: ============== END OF LOAD BALANCING =============== 295.641
Info: useSync: 0 useProxySync: 0
LDB: =============== DONE WITH MIGRATION ================ 295.641
LDB: ============= START OF LOAD BALANCING ============== 295.709
LDB: Largest compute 52 load 0.013401 is 23.9% of average load 0.056090
LDB: Average compute 0.003960 is 7.1% of average load 0.056090
LDB: TIME 295.709 LOAD: AVG 0.0560898 MAX 0.0611744  PROXIES: TOTAL 24 MAXPE 4 MAXPATCH 6 None MEM: 0.478235 MB
LDB: TIME 295.709 LOAD: AVG 0.0560898 MAX 0.0611744  PROXIES: TOTAL 29 MAXPE 4 MAXPATCH 8 RefineTorusLB MEM: 0.478235 MB
LDB: TIME 295.709 LOAD: AVG 0.0560898 MAX 0.0611744  PROXIES: TOTAL 29 MAXPE 4 MAXPATCH 8 RefineTorusLB MEM: 0.478235 MB
LDB: ============== END OF LOAD BALANCING =============== 295.709
Info: useSync: 0 useProxySync: 0
LDB: =============== DONE WITH MIGRATION ================ 295.709
LDB: ============= START OF LOAD BALANCING ============== 298.308
LDB: ============== END OF LOAD BALANCING =============== 298.308
Info: useSync: 0 useProxySync: 0
LDB: =============== DONE WITH MIGRATION ================ 298.308
LDB: ============= START OF LOAD BALANCING ============== 298.374
LDB: Largest compute 52 load 0.012561 is 22.6% of average load 0.055598
LDB: Average compute 0.003919 is 7.0% of average load 0.055598
LDB: TIME 298.374 LOAD: AVG 0.0555983 MAX 0.0611197  PROXIES: TOTAL 24 MAXPE 4 MAXPATCH 6 None MEM: 0.478235 MB
LDB: TIME 298.375 LOAD: AVG 0.0555983 MAX 0.0611197  PROXIES: TOTAL 29 MAXPE 4 MAXPATCH 8 RefineTorusLB MEM: 0.478235 MB
LDB: TIME 298.375 LOAD: AVG 0.0555983 MAX 0.0605393  PROXIES: TOTAL 29 MAXPE 4 MAXPATCH 8 RefineTorusLB MEM: 0.478235 MB
LDB: ============== END OF LOAD BALANCING =============== 298.375
Info: useSync: 0 useProxySync: 0
LDB: =============== DONE WITH MIGRATION ================ 298.375
LDB: ============= START OF LOAD BALANCING ============== 300.969
LDB: ============== END OF LOAD BALANCING =============== 300.969
Info: useSync: 0 useProxySync: 0
LDB: =============== DONE WITH MIGRATION ================ 300.969
LDB: ============= START OF LOAD BALANCING ============== 301.035
LDB: Largest compute 163 load 0.013189 is 23.5% of average load 0.056214
LDB: Average compute 0.003970 is 7.1% of average load 0.056214
LDB: TIME 301.036 LOAD: AVG 0.0562137 MAX 0.0598887  PROXIES: TOTAL 24 MAXPE 4 MAXPATCH 6 None MEM: 0.478235 MB
LDB: TIME 301.036 LOAD: AVG 0.0562137 MAX 0.0598887  PROXIES: TOTAL 29 MAXPE 4 MAXPATCH 8 RefineTorusLB MEM: 0.478235 MB
LDB: TIME 301.036 LOAD: AVG 0.0562137 MAX 0.0598887  PROXIES: TOTAL 29 MAXPE 4 MAXPATCH 8 RefineTorusLB MEM: 0.478235 MB
LDB: ============== END OF LOAD BALANCING =============== 301.036
Info: useSync: 0 useProxySync: 0
LDB: =============== DONE WITH MIGRATION ================ 301.036
PRESSURE: 165000 -86.5984 -48.4552 -407.199 -57.8283 349.181 276.766 -172.465 376.467 -80.0981
GPRESSURE: 165000 -92.5576 -284.367 -133.248 188.842 391.63 242.866 -210.066 520.113 -60.8111
PRESSAVG: 165000 -295.654 23.1047 -6.70825 48.0088 -329.584 24.2311 9.93971 93.5463 -10.9841
GPRESSAVG: 165000 -295.434 22.9948 -6.92486 48.0459 -329.679 24.1548 9.34849 93.62 -11.2573
ENERGY:  165000         0.0000         0.0000         0.0000         0.0000          -5630.4712       418.2499         0.0000         0.0000       894.1152          -4318.1061       284.0525     -5212.2213     -4315.3916       294.7604             60.8281        79.4204     22714.3606      -212.0740      -212.1235

WRITING COORDINATES TO DCD FILE MDequil.dcd AT STEP 165000
LDB: ============= START OF LOAD BALANCING ============== 303.64
LDB: ============== END OF LOAD BALANCING =============== 303.641
Info: useSync: 0 useProxySync: 0
LDB: =============== DONE WITH MIGRATION ================ 303.641
LDB: ============= START OF LOAD BALANCING ============== 303.708
LDB: Largest compute 162 load 0.012665 is 22.7% of average load 0.055868
LDB: Average compute 0.003945 is 7.1% of average load 0.055868
LDB: TIME 303.708 LOAD: AVG 0.0558678 MAX 0.0600212  PROXIES: TOTAL 24 MAXPE 4 MAXPATCH 6 None MEM: 0.478235 MB
LDB: TIME 303.708 LOAD: AVG 0.0558678 MAX 0.0600212  PROXIES: TOTAL 29 MAXPE 4 MAXPATCH 8 RefineTorusLB MEM: 0.478235 MB
LDB: TIME 303.708 LOAD: AVG 0.0558678 MAX 0.0600212  PROXIES: TOTAL 29 MAXPE 4 MAXPATCH 8 RefineTorusLB MEM: 0.478235 MB
LDB: ============== END OF LOAD BALANCING =============== 303.708
Info: useSync: 0 useProxySync: 0
LDB: =============== DONE WITH MIGRATION ================ 303.708
LDB: ============= START OF LOAD BALANCING ============== 306.304
LDB: ============== END OF LOAD BALANCING =============== 306.304
Info: useSync: 0 useProxySync: 0
LDB: =============== DONE WITH MIGRATION ================ 306.304
LDB: ============= START OF LOAD BALANCING ============== 306.371
LDB: Largest compute 52 load 0.014688 is 26.7% of average load 0.055011
LDB: Average compute 0.003866 is 7.0% of average load 0.055011
LDB: TIME 306.371 LOAD: AVG 0.0550114 MAX 0.0612224  PROXIES: TOTAL 24 MAXPE 4 MAXPATCH 6 None MEM: 0.478235 MB
LDB: TIME 306.371 LOAD: AVG 0.0550114 MAX 0.0612224  PROXIES: TOTAL 29 MAXPE 4 MAXPATCH 8 RefineTorusLB MEM: 0.478235 MB
LDB: TIME 306.371 LOAD: AVG 0.0550114 MAX 0.0599446  PROXIES: TOTAL 29 MAXPE 4 MAXPATCH 8 RefineTorusLB MEM: 0.478235 MB
LDB: ============== END OF LOAD BALANCING =============== 306.371
Info: useSync: 0 useProxySync: 0
LDB: =============== DONE WITH MIGRATION ================ 306.371
PRESSURE: 170000 -31.0081 144.266 -83.8004 323.071 -278.876 368.436 220.73 655.413 -449.712
GPRESSURE: 170000 -71.3152 105.745 23.8229 284.681 -252.871 491.714 425.488 522.046 -419.364
PRESSAVG: 170000 -296.019 -33.8106 42.1391 -25.8129 -413.958 -92.7371 55.3379 0.46011 4.22689
GPRESSAVG: 170000 -296.014 -34.4396 41.9725 -25.8967 -414.128 -92.9633 55.6992 0.603731 4.2736
ENERGY:  170000         0.0000         0.0000         0.0000         0.0000          -5613.3158       416.3661         0.0000         0.0000       926.4342          -4270.5155       294.3200     -5196.9497     -4267.6801       297.7642           -253.1986      -247.8501     22913.9517      -235.2500      -235.2893

WRITING COORDINATES TO DCD FILE MDequil.dcd AT STEP 170000
LDB: ============= START OF LOAD BALANCING ============== 309.016
LDB: ============== END OF LOAD BALANCING =============== 309.016
Info: useSync: 0 useProxySync: 0
LDB: =============== DONE WITH MIGRATION ================ 309.017
LDB: ============= START OF LOAD BALANCING ============== 309.085
LDB: Largest compute 52 load 0.012713 is 23.3% of average load 0.054520
LDB: Average compute 0.003829 is 7.0% of average load 0.054520
LDB: TIME 309.085 LOAD: AVG 0.0545204 MAX 0.0609216  PROXIES: TOTAL 24 MAXPE 4 MAXPATCH 6 None MEM: 0.478235 MB
LDB: TIME 309.085 LOAD: AVG 0.0545204 MAX 0.0609216  PROXIES: TOTAL 29 MAXPE 4 MAXPATCH 8 RefineTorusLB MEM: 0.478235 MB
LDB: TIME 309.085 LOAD: AVG 0.0545204 MAX 0.0593125  PROXIES: TOTAL 29 MAXPE 4 MAXPATCH 8 RefineTorusLB MEM: 0.478235 MB
LDB: ============== END OF LOAD BALANCING =============== 309.085
Info: useSync: 0 useProxySync: 0
LDB: =============== DONE WITH MIGRATION ================ 309.085
LDB: ============= START OF LOAD BALANCING ============== 311.709
LDB: ============== END OF LOAD BALANCING =============== 311.709
Info: useSync: 0 useProxySync: 0
LDB: =============== DONE WITH MIGRATION ================ 311.709
LDB: ============= START OF LOAD BALANCING ============== 311.776
LDB: Largest compute 52 load 0.013831 is 25.1% of average load 0.055146
LDB: Average compute 0.003874 is 7.0% of average load 0.055146
LDB: TIME 311.776 LOAD: AVG 0.0551459 MAX 0.0601312  PROXIES: TOTAL 24 MAXPE 4 MAXPATCH 6 None MEM: 0.478235 MB
LDB: TIME 311.776 LOAD: AVG 0.0551459 MAX 0.0601312  PROXIES: TOTAL 29 MAXPE 4 MAXPATCH 8 RefineTorusLB MEM: 0.478235 MB
LDB: TIME 311.776 LOAD: AVG 0.0551459 MAX 0.0601312  PROXIES: TOTAL 29 MAXPE 4 MAXPATCH 8 RefineTorusLB MEM: 0.478235 MB
LDB: ============== END OF LOAD BALANCING =============== 311.776
Info: useSync: 0 useProxySync: 0
LDB: =============== DONE WITH MIGRATION ================ 311.777
LDB: ============= START OF LOAD BALANCING ============== 314.423
LDB: ============== END OF LOAD BALANCING =============== 314.423
Info: useSync: 0 useProxySync: 0
LDB: =============== DONE WITH MIGRATION ================ 314.423
LDB: ============= START OF LOAD BALANCING ============== 314.491
LDB: Largest compute 52 load 0.015228 is 27.2% of average load 0.056052
LDB: Average compute 0.003944 is 7.0% of average load 0.056052
LDB: TIME 314.491 LOAD: AVG 0.0560522 MAX 0.0618178  PROXIES: TOTAL 24 MAXPE 4 MAXPATCH 6 None MEM: 0.478235 MB
LDB: TIME 314.491 LOAD: AVG 0.0560522 MAX 0.0618178  PROXIES: TOTAL 29 MAXPE 4 MAXPATCH 8 RefineTorusLB MEM: 0.478235 MB
LDB: TIME 314.491 LOAD: AVG 0.0560522 MAX 0.0610188  PROXIES: TOTAL 29 MAXPE 4 MAXPATCH 8 RefineTorusLB MEM: 0.478235 MB
LDB: ============== END OF LOAD BALANCING =============== 314.492
Info: useSync: 0 useProxySync: 0
LDB: =============== DONE WITH MIGRATION ================ 314.492
PRESSURE: 175000 -573.509 380.244 99.1506 347.529 -729.831 52.8194 250.718 -45.8203 316.662
GPRESSURE: 175000 -608.977 253.083 -117.406 409.247 -784.538 62.7559 378.281 -120.788 450.67
PRESSAVG: 175000 -243.638 9.36211 103.334 -40.6536 -316.057 62.4578 109.009 97.9227 1.27506
GPRESSAVG: 175000 -243.724 10.0752 102.937 -40.5177 -315.807 62.2088 109.306 97.8205 1.08262
ENERGY:  175000         0.0000         0.0000         0.0000         0.0000          -5612.8165       376.6084         0.0000         0.0000       936.4985          -4299.7096       297.5173     -5236.2081     -4298.6920       299.2043           -328.8928      -314.2815     22648.5953      -186.1402      -186.1493

WRITING COORDINATES TO DCD FILE MDequil.dcd AT STEP 175000
LDB: ============= START OF LOAD BALANCING ============== 317.102
LDB: ============== END OF LOAD BALANCING =============== 317.102
Info: useSync: 0 useProxySync: 0
LDB: =============== DONE WITH MIGRATION ================ 317.102
LDB: ============= START OF LOAD BALANCING ============== 317.184
LDB: Largest compute 56 load 0.026777 is 48.3% of average load 0.055407
LDB: Average compute 0.003913 is 7.1% of average load 0.055407
LDB: TIME 317.184 LOAD: AVG 0.0554068 MAX 0.0706155  PROXIES: TOTAL 24 MAXPE 4 MAXPATCH 6 None MEM: 0.478235 MB
LDB: TIME 317.184 LOAD: AVG 0.0554068 MAX 0.0706155  PROXIES: TOTAL 29 MAXPE 4 MAXPATCH 8 RefineTorusLB MEM: 0.478235 MB
LDB: TIME 317.184 LOAD: AVG 0.0554068 MAX 0.0603907  PROXIES: TOTAL 29 MAXPE 4 MAXPATCH 8 RefineTorusLB MEM: 0.478235 MB
LDB: ============== END OF LOAD BALANCING =============== 317.184
Info: useSync: 0 useProxySync: 0
LDB: =============== DONE WITH MIGRATION ================ 317.184
LDB: ============= START OF LOAD BALANCING ============== 319.827
LDB: ============== END OF LOAD BALANCING =============== 319.83
Info: useSync: 0 useProxySync: 0
LDB: =============== DONE WITH MIGRATION ================ 319.83
LDB: ============= START OF LOAD BALANCING ============== 319.897
LDB: Largest compute 52 load 0.012181 is 22.2% of average load 0.054954
LDB: Average compute 0.003861 is 7.0% of average load 0.054954
LDB: TIME 319.897 LOAD: AVG 0.0549543 MAX 0.0608844  PROXIES: TOTAL 24 MAXPE 4 MAXPATCH 6 None MEM: 0.478235 MB
LDB: TIME 319.897 LOAD: AVG 0.0549543 MAX 0.0608844  PROXIES: TOTAL 29 MAXPE 4 MAXPATCH 8 RefineTorusLB MEM: 0.478235 MB
LDB: TIME 319.898 LOAD: AVG 0.0549543 MAX 0.0599355  PROXIES: TOTAL 29 MAXPE 4 MAXPATCH 8 RefineTorusLB MEM: 0.478235 MB
LDB: ============== END OF LOAD BALANCING =============== 319.898
Info: useSync: 0 useProxySync: 0
LDB: =============== DONE WITH MIGRATION ================ 319.898
PRESSURE: 180000 20.3362 570.291 -361.434 867.428 -697.013 267.74 855.843 528.867 142.805
GPRESSURE: 180000 67.6119 630.99 -288.85 822.298 -812.629 569.496 550.208 504.005 260.518
PRESSAVG: 180000 -353.264 21.2942 48.2649 9.30561 -347.255 -8.70231 80.091 8.18403 11.2891
GPRESSAVG: 180000 -353.659 21.4409 47.9498 9.14083 -347.202 -8.27989 80.2294 8.01077 11.5854
ENERGY:  180000         0.0000         0.0000         0.0000         0.0000          -5522.4309       340.5823         0.0000         0.0000       934.6282          -4247.2204       296.9232     -5181.8486     -4244.1024       302.3554           -177.9570      -161.4996     22600.8575      -229.7431      -229.7585

WRITING COORDINATES TO DCD FILE MDequil.dcd AT STEP 180000
LDB: ============= START OF LOAD BALANCING ============== 322.534
LDB: ============== END OF LOAD BALANCING =============== 322.534
Info: useSync: 0 useProxySync: 0
LDB: =============== DONE WITH MIGRATION ================ 322.534
LDB: ============= START OF LOAD BALANCING ============== 322.601
LDB: Largest compute 52 load 0.013646 is 25.3% of average load 0.053975
LDB: Average compute 0.003784 is 7.0% of average load 0.053975
LDB: TIME 322.602 LOAD: AVG 0.0539746 MAX 0.0603005  PROXIES: TOTAL 24 MAXPE 4 MAXPATCH 6 None MEM: 0.478235 MB
LDB: TIME 322.602 LOAD: AVG 0.0539746 MAX 0.0603005  PROXIES: TOTAL 29 MAXPE 4 MAXPATCH 8 RefineTorusLB MEM: 0.478235 MB
LDB: TIME 322.602 LOAD: AVG 0.0539746 MAX 0.0585185  PROXIES: TOTAL 29 MAXPE 4 MAXPATCH 8 RefineTorusLB MEM: 0.478235 MB
LDB: ============== END OF LOAD BALANCING =============== 322.602
Info: useSync: 0 useProxySync: 0
LDB: =============== DONE WITH MIGRATION ================ 322.602
LDB: ============= START OF LOAD BALANCING ============== 325.26
LDB: ============== END OF LOAD BALANCING =============== 325.263
Info: useSync: 0 useProxySync: 0
LDB: =============== DONE WITH MIGRATION ================ 325.263
LDB: ============= START OF LOAD BALANCING ============== 325.331
LDB: Largest compute 52 load 0.012241 is 22.0% of average load 0.055533
LDB: Average compute 0.003907 is 7.0% of average load 0.055533
LDB: TIME 325.331 LOAD: AVG 0.0555328 MAX 0.0615211  PROXIES: TOTAL 24 MAXPE 4 MAXPATCH 6 None MEM: 0.478235 MB
LDB: TIME 325.332 LOAD: AVG 0.0555328 MAX 0.0615211  PROXIES: TOTAL 29 MAXPE 4 MAXPATCH 8 RefineTorusLB MEM: 0.478235 MB
LDB: TIME 325.332 LOAD: AVG 0.0555328 MAX 0.0603929  PROXIES: TOTAL 29 MAXPE 4 MAXPATCH 8 RefineTorusLB MEM: 0.478235 MB
LDB: ============== END OF LOAD BALANCING =============== 325.332
Info: useSync: 0 useProxySync: 0
LDB: =============== DONE WITH MIGRATION ================ 325.332
LDB: ============= START OF LOAD BALANCING ============== 328.055
LDB: ============== END OF LOAD BALANCING =============== 328.055
Info: useSync: 0 useProxySync: 0
LDB: =============== DONE WITH MIGRATION ================ 328.055
LDB: ============= START OF LOAD BALANCING ============== 328.123
LDB: Largest compute 52 load 0.014295 is 25.8% of average load 0.055358
LDB: Average compute 0.003898 is 7.0% of average load 0.055358
LDB: TIME 328.123 LOAD: AVG 0.0553577 MAX 0.0604153  PROXIES: TOTAL 24 MAXPE 4 MAXPATCH 6 None MEM: 0.478235 MB
LDB: TIME 328.123 LOAD: AVG 0.0553577 MAX 0.0604153  PROXIES: TOTAL 29 MAXPE 4 MAXPATCH 8 RefineTorusLB MEM: 0.478235 MB
LDB: TIME 328.123 LOAD: AVG 0.0553577 MAX 0.059825  PROXIES: TOTAL 29 MAXPE 4 MAXPATCH 8 RefineTorusLB MEM: 0.478235 MB
LDB: ============== END OF LOAD BALANCING =============== 328.123
Info: useSync: 0 useProxySync: 0
LDB: =============== DONE WITH MIGRATION ================ 328.123
PRESSURE: 185000 -1136.51 -252.716 125.289 -382.356 -428.176 123.562 -353.432 -71.2023 595.544
GPRESSURE: 185000 -1014.13 -212.212 93.7602 -574.073 -592.315 172.168 -149.534 23.365 681.77
PRESSAVG: 185000 -354.993 -32.2139 44.802 -12.5866 -302.642 -8.72319 90.349 8.27893 26.821
GPRESSAVG: 185000 -354.963 -32.6821 44.8244 -12.3087 -302.874 -8.70477 90.4316 8.03022 26.8745
ENERGY:  185000         0.0000         0.0000         0.0000         0.0000          -5599.5231       413.8964         0.0000         0.0000       926.1249          -4259.5018       294.2218     -5185.6268     -4256.5640       296.8768           -323.0488      -308.2264     22904.0630      -210.2711      -210.3208

WRITING COORDINATES TO DCD FILE MDequil.dcd AT STEP 185000
LDB: ============= START OF LOAD BALANCING ============== 331.446
LDB: ============== END OF LOAD BALANCING =============== 331.446
Info: useSync: 0 useProxySync: 0
LDB: =============== DONE WITH MIGRATION ================ 331.458
LDB: ============= START OF LOAD BALANCING ============== 331.752
LDB: Largest compute 162 load 0.013913 is 24.9% of average load 0.055778
LDB: Average compute 0.003631 is 6.5% of average load 0.055778
LDB: TIME 331.761 LOAD: AVG 0.0557779 MAX 0.0700356  PROXIES: TOTAL 24 MAXPE 4 MAXPATCH 6 None MEM: 0.478235 MB
LDB: TIME 331.761 LOAD: AVG 0.0557779 MAX 0.0700356  PROXIES: TOTAL 29 MAXPE 4 MAXPATCH 8 RefineTorusLB MEM: 0.478235 MB
LDB: TIME 331.761 LOAD: AVG 0.0557779 MAX 0.0604212  PROXIES: TOTAL 30 MAXPE 4 MAXPATCH 8 RefineTorusLB MEM: 0.478235 MB
LDB: ============== END OF LOAD BALANCING =============== 331.766
Info: useSync: 0 useProxySync: 0
LDB: =============== DONE WITH MIGRATION ================ 331.775
LDB: ============= START OF LOAD BALANCING ============== 344.304
LDB: ============== END OF LOAD BALANCING =============== 344.307
Info: useSync: 0 useProxySync: 0
LDB: =============== DONE WITH MIGRATION ================ 344.341
LDB: ============= START OF LOAD BALANCING ============== 344.698
LDB: Largest compute 163 load 0.012048 is 23.5% of average load 0.051376
LDB: Average compute 0.003465 is 6.7% of average load 0.051376
LDB: TIME 344.705 LOAD: AVG 0.0513764 MAX 0.058814  PROXIES: TOTAL 24 MAXPE 4 MAXPATCH 6 None MEM: 0.478235 MB
LDB: TIME 344.705 LOAD: AVG 0.0513764 MAX 0.058814  PROXIES: TOTAL 30 MAXPE 4 MAXPATCH 8 RefineTorusLB MEM: 0.478235 MB
LDB: TIME 344.705 LOAD: AVG 0.0513764 MAX 0.0559899  PROXIES: TOTAL 29 MAXPE 4 MAXPATCH 8 RefineTorusLB MEM: 0.478235 MB
LDB: ============== END OF LOAD BALANCING =============== 344.709
Info: useSync: 0 useProxySync: 0
LDB: =============== DONE WITH MIGRATION ================ 344.755
PRESSURE: 190000 197.098 293.988 -103.438 16.2859 -230.945 -276.295 258.689 -63.2042 238.739
GPRESSURE: 190000 56.6313 328.819 -73.3119 65.2669 -104.709 -356.442 178.332 88.7972 282.681
PRESSAVG: 190000 -323.741 -65.4975 -30.2823 -24.187 -327.08 -26.9951 -25.4471 -35.3617 5.42527
GPRESSAVG: 190000 -323.674 -65.4262 -30.2847 -24.9773 -326.84 -27.0215 -25.2085 -35.7416 5.38099
ENERGY:  190000         0.0000         0.0000         0.0000         0.0000          -5519.8765       386.8203         0.0000         0.0000       932.2789          -4200.7773       296.1768     -5133.0561     -4199.0918       301.4540             68.2971        78.2013     22757.2765      -215.1319      -215.0445

WRITING COORDINATES TO DCD FILE MDequil.dcd AT STEP 190000
LDB: ============= START OF LOAD BALANCING ============== 356.172
LDB: ============== END OF LOAD BALANCING =============== 356.175
Info: useSync: 0 useProxySync: 0
LDB: =============== DONE WITH MIGRATION ================ 356.199
LDB: ============= START OF LOAD BALANCING ============== 356.558
LDB: Largest compute 157 load 0.010856 is 21.6% of average load 0.050167
LDB: Average compute 0.003329 is 6.6% of average load 0.050167
LDB: TIME 356.565 LOAD: AVG 0.050167 MAX 0.0580942  PROXIES: TOTAL 24 MAXPE 4 MAXPATCH 6 None MEM: 0.478235 MB
LDB: TIME 356.565 LOAD: AVG 0.050167 MAX 0.0580942  PROXIES: TOTAL 29 MAXPE 4 MAXPATCH 8 RefineTorusLB MEM: 0.478235 MB
LDB: TIME 356.565 LOAD: AVG 0.050167 MAX 0.0530088  PROXIES: TOTAL 30 MAXPE 4 MAXPATCH 8 RefineTorusLB MEM: 0.478235 MB
LDB: ============== END OF LOAD BALANCING =============== 356.57
Info: useSync: 0 useProxySync: 0
LDB: =============== DONE WITH MIGRATION ================ 356.618
LDB: ============= START OF LOAD BALANCING ============== 371.792
LDB: ============== END OF LOAD BALANCING =============== 371.795
Info: useSync: 0 useProxySync: 0
LDB: =============== DONE WITH MIGRATION ================ 371.807
LDB: ============= START OF LOAD BALANCING ============== 372.171
LDB: Largest compute 52 load 0.011113 is 22.3% of average load 0.049930
LDB: Average compute 0.003325 is 6.7% of average load 0.049930
LDB: TIME 372.177 LOAD: AVG 0.0499298 MAX 0.0565162  PROXIES: TOTAL 24 MAXPE 4 MAXPATCH 6 None MEM: 0.478235 MB
LDB: TIME 372.177 LOAD: AVG 0.0499298 MAX 0.0565162  PROXIES: TOTAL 30 MAXPE 4 MAXPATCH 8 RefineTorusLB MEM: 0.478235 MB
LDB: TIME 372.177 LOAD: AVG 0.0499298 MAX 0.0540794  PROXIES: TOTAL 30 MAXPE 4 MAXPATCH 8 RefineTorusLB MEM: 0.478235 MB
LDB: ============== END OF LOAD BALANCING =============== 372.182
Info: useSync: 0 useProxySync: 0
LDB: =============== DONE WITH MIGRATION ================ 372.233
LDB: ============= START OF LOAD BALANCING ============== 385.076
LDB: ============== END OF LOAD BALANCING =============== 385.077
Info: useSync: 0 useProxySync: 0
LDB: =============== DONE WITH MIGRATION ================ 385.086
LDB: ============= START OF LOAD BALANCING ============== 385.426
LDB: Largest compute 141 load 0.017380 is 32.8% of average load 0.052949
LDB: Average compute 0.003571 is 6.7% of average load 0.052949
LDB: TIME 385.431 LOAD: AVG 0.0529495 MAX 0.0796559  PROXIES: TOTAL 24 MAXPE 4 MAXPATCH 6 None MEM: 0.478235 MB
LDB: TIME 385.432 LOAD: AVG 0.0529495 MAX 0.0796559  PROXIES: TOTAL 30 MAXPE 4 MAXPATCH 8 RefineTorusLB MEM: 0.478235 MB
LDB: TIME 385.432 LOAD: AVG 0.0529495 MAX 0.0572263  PROXIES: TOTAL 29 MAXPE 4 MAXPATCH 9 RefineTorusLB MEM: 0.478235 MB
LDB: ============== END OF LOAD BALANCING =============== 385.437
Info: useSync: 0 useProxySync: 0
LDB: =============== DONE WITH MIGRATION ================ 385.486
PRESSURE: 195000 -834.55 269.331 -10.5567 34.1607 -512.038 -284.9 -164.695 -135.154 -801.378
GPRESSURE: 195000 -777.608 -16.3914 -119.574 128.003 -629.358 -258.406 -373.458 -270.694 -707.22
PRESSAVG: 195000 -302.499 37.8232 -67.4305 32.2739 -304.279 55.5201 -44.9891 8.79941 14.4325
GPRESSAVG: 195000 -302.419 37.6973 -67.0356 32.5515 -304.176 55.5016 -45.5374 9.19844 14.2261
ENERGY:  195000         0.0000         0.0000         0.0000         0.0000          -5516.1777       338.8566         0.0000         0.0000       972.6385          -4204.6826       308.9987     -5177.3211     -4202.5325       301.2275           -715.9884      -704.7283     22564.1294      -197.4487      -197.4563

WRITING COORDINATES TO DCD FILE MDequil.dcd AT STEP 195000
LDB: ============= START OF LOAD BALANCING ============== 398.882
LDB: ============== END OF LOAD BALANCING =============== 398.885
Info: useSync: 0 useProxySync: 0
LDB: =============== DONE WITH MIGRATION ================ 398.894
LDB: ============= START OF LOAD BALANCING ============== 399.289
LDB: Largest compute 78 load 0.021094 is 34.8% of average load 0.060631
LDB: Average compute 0.003793 is 6.3% of average load 0.060631
LDB: TIME 399.292 LOAD: AVG 0.0606314 MAX 0.0886456  PROXIES: TOTAL 24 MAXPE 4 MAXPATCH 6 None MEM: 0.478235 MB
LDB: TIME 399.292 LOAD: AVG 0.0606314 MAX 0.0886456  PROXIES: TOTAL 29 MAXPE 4 MAXPATCH 9 RefineTorusLB MEM: 0.478235 MB
LDB: TIME 399.292 LOAD: AVG 0.0606314 MAX 0.0664155  PROXIES: TOTAL 29 MAXPE 4 MAXPATCH 8 RefineTorusLB MEM: 0.478235 MB
LDB: ============== END OF LOAD BALANCING =============== 399.294
Info: useSync: 0 useProxySync: 0
LDB: =============== DONE WITH MIGRATION ================ 399.331
LDB: ============= START OF LOAD BALANCING ============== 413.081
LDB: ============== END OF LOAD BALANCING =============== 413.081
Info: useSync: 0 useProxySync: 0
LDB: =============== DONE WITH MIGRATION ================ 413.103
LDB: ============= START OF LOAD BALANCING ============== 413.485
LDB: Largest compute 163 load 0.011649 is 23.2% of average load 0.050295
LDB: Average compute 0.003397 is 6.8% of average load 0.050295
LDB: TIME 413.495 LOAD: AVG 0.0502953 MAX 0.0682316  PROXIES: TOTAL 24 MAXPE 4 MAXPATCH 6 None MEM: 0.478235 MB
LDB: TIME 413.496 LOAD: AVG 0.0502953 MAX 0.0682316  PROXIES: TOTAL 29 MAXPE 4 MAXPATCH 8 RefineTorusLB MEM: 0.478235 MB
LDB: TIME 413.496 LOAD: AVG 0.0502953 MAX 0.0546238  PROXIES: TOTAL 28 MAXPE 4 MAXPATCH 8 RefineTorusLB MEM: 0.478235 MB
LDB: ============== END OF LOAD BALANCING =============== 413.506
Info: useSync: 0 useProxySync: 0
LDB: =============== DONE WITH MIGRATION ================ 413.583
WRITING COORDINATES TO DCD FILE MDequil.dcd AT STEP 200000
WRITING COORDINATES TO RESTART FILE AT STEP 200000
FINISHED WRITING RESTART COORDINATES
WRITING VELOCITIES TO RESTART FILE AT STEP 200000
FINISHED WRITING RESTART VELOCITIES
The last velocity output (seq=200000) takes 0.000 seconds, 0.478 MB of memory in use
PRESSURE: 200000 -622.444 -232.887 -1170.55 -189.468 -173.628 34.0882 -993.936 212.852 82.1879
GPRESSURE: 200000 -592.456 -132.884 -1315.67 -149.606 -320.728 147.241 -619.322 123.596 263.469
PRESSAVG: 200000 -349.693 3.77147 -7.48869 44.1816 -312.674 -11.0769 -16.5267 61.0316 1.62026
GPRESSAVG: 200000 -349.43 3.94073 -7.57497 44.0814 -312.778 -11.348 -16.3202 60.9054 1.59688
TIMING: 200000  CPU: 394.73, 0.00268211/step  Wall: 411.411, 0.0028443/step, 0.237025 hours remaining, 0.478235 MB of memory in use.
PERFORMANCE: 200000  averaging 84.0087 ns/day, 0.00205693 sec/step with standard deviation 0.000623973
ETITLE:      TS           BOND          ANGLE          DIHED          IMPRP               ELECT            VDW       BOUNDARY           MISC        KINETIC               TOTAL           TEMP      POTENTIAL         TOTAL3        TEMPAVG            PRESSURE      GPRESSURE         VOLUME       PRESSAVG      GPRESSAVG

ENERGY:  200000         0.0000         0.0000         0.0000         0.0000          -5508.2950       371.0450         0.0000         0.0000       934.3235          -4202.9265       296.8264     -5137.2500     -4200.5087       306.4857           -237.9612      -216.5720     22713.6767      -220.2489      -220.2038

WRITING EXTENDED SYSTEM TO RESTART FILE AT STEP 200000
LDB: ============= START OF LOAD BALANCING ============== 425.176
LDB: ============== END OF LOAD BALANCING =============== 425.179
Info: useSync: 0 useProxySync: 0
LDB: =============== DONE WITH MIGRATION ================ 425.191
LDB: ============= START OF LOAD BALANCING ============== 425.415
LDB: Largest compute 159 load 0.011388 is 21.8% of average load 0.052254
LDB: Average compute 0.003549 is 6.8% of average load 0.052254
LDB: TIME 425.425 LOAD: AVG 0.0522539 MAX 0.0684012  PROXIES: TOTAL 24 MAXPE 4 MAXPATCH 6 None MEM: 0.478235 MB
LDB: TIME 425.426 LOAD: AVG 0.0522539 MAX 0.0684012  PROXIES: TOTAL 28 MAXPE 4 MAXPATCH 8 RefineTorusLB MEM: 0.478235 MB
LDB: TIME 425.426 LOAD: AVG 0.0522539 MAX 0.0569395  PROXIES: TOTAL 28 MAXPE 4 MAXPATCH 8 RefineTorusLB MEM: 0.478235 MB
LDB: ============== END OF LOAD BALANCING =============== 425.436
Info: useSync: 0 useProxySync: 0
LDB: =============== DONE WITH MIGRATION ================ 425.526
LDB: ============= START OF LOAD BALANCING ============== 428.838
LDB: ============== END OF LOAD BALANCING =============== 428.838
Info: useSync: 0 useProxySync: 0
LDB: =============== DONE WITH MIGRATION ================ 428.838
LDB: ============= START OF LOAD BALANCING ============== 428.9
LDB: Largest compute 52 load 0.012107 is 25.2% of average load 0.048077
LDB: Average compute 0.003385 is 7.0% of average load 0.048077
LDB: TIME 428.9 LOAD: AVG 0.0480768 MAX 0.0573671  PROXIES: TOTAL 24 MAXPE 4 MAXPATCH 6 None MEM: 0.478235 MB
LDB: TIME 428.9 LOAD: AVG 0.0480768 MAX 0.0573671  PROXIES: TOTAL 28 MAXPE 4 MAXPATCH 8 RefineTorusLB MEM: 0.478235 MB
LDB: TIME 428.9 LOAD: AVG 0.0480768 MAX 0.0521167  PROXIES: TOTAL 28 MAXPE 4 MAXPATCH 8 RefineTorusLB MEM: 0.478235 MB
LDB: ============== END OF LOAD BALANCING =============== 428.901
Info: useSync: 0 useProxySync: 0
LDB: =============== DONE WITH MIGRATION ================ 428.901
LDB: ============= START OF LOAD BALANCING ============== 431.391
LDB: ============== END OF LOAD BALANCING =============== 431.391
Info: useSync: 0 useProxySync: 0
LDB: =============== DONE WITH MIGRATION ================ 431.391
LDB: ============= START OF LOAD BALANCING ============== 431.473
LDB: Largest compute 52 load 0.013557 is 26.4% of average load 0.051306
LDB: Average compute 0.003580 is 7.0% of average load 0.051306
LDB: TIME 431.473 LOAD: AVG 0.0513061 MAX 0.067948  PROXIES: TOTAL 24 MAXPE 4 MAXPATCH 6 None MEM: 0.478235 MB
LDB: TIME 431.473 LOAD: AVG 0.0513061 MAX 0.067948  PROXIES: TOTAL 28 MAXPE 4 MAXPATCH 8 RefineTorusLB MEM: 0.478235 MB
LDB: TIME 431.473 LOAD: AVG 0.0513061 MAX 0.0550357  PROXIES: TOTAL 29 MAXPE 4 MAXPATCH 9 RefineTorusLB MEM: 0.478235 MB
LDB: ============== END OF LOAD BALANCING =============== 431.473
Info: useSync: 0 useProxySync: 0
LDB: =============== DONE WITH MIGRATION ================ 431.473
WRITING COORDINATES TO DCD FILE MDequil.dcd AT STEP 205000
PRESSURE: 205000 440.582 61.1411 361.392 -57.876 -247.768 265.546 908.294 453.737 484.393
GPRESSURE: 205000 433.065 -108.889 500.876 -47.3713 -78.4804 107.15 805.194 518.184 382.922
PRESSAVG: 205000 -329.588 37.4914 19.9753 27.2007 -310.877 47.3576 76.2333 78.5286 -0.748556
GPRESSAVG: 205000 -329.651 37.6499 19.2929 26.9447 -310.45 47.7077 76.591 78.323 -0.827303
ENERGY:  205000         0.0000         0.0000         0.0000         0.0000          -5646.3778       435.3353         0.0000         0.0000       913.6549          -4297.3876       290.2601     -5211.0425     -4295.2134       297.8056            225.7359       245.8356     22629.3907      -213.7377      -213.6427

LDB: ============= START OF LOAD BALANCING ============== 434.31
LDB: ============== END OF LOAD BALANCING =============== 434.31
Info: useSync: 0 useProxySync: 0
LDB: =============== DONE WITH MIGRATION ================ 434.31
LDB: ============= START OF LOAD BALANCING ============== 434.409
LDB: Largest compute 163 load 0.014052 is 23.8% of average load 0.058932
LDB: Average compute 0.004025 is 6.8% of average load 0.058932
LDB: TIME 434.41 LOAD: AVG 0.058932 MAX 0.0880305  PROXIES: TOTAL 24 MAXPE 4 MAXPATCH 6 None MEM: 0.478235 MB
LDB: TIME 434.41 LOAD: AVG 0.058932 MAX 0.0880305  PROXIES: TOTAL 29 MAXPE 4 MAXPATCH 9 RefineTorusLB MEM: 0.478235 MB
LDB: TIME 434.41 LOAD: AVG 0.058932 MAX 0.0642024  PROXIES: TOTAL 28 MAXPE 4 MAXPATCH 8 RefineTorusLB MEM: 0.478235 MB
LDB: ============== END OF LOAD BALANCING =============== 434.41
Info: useSync: 0 useProxySync: 0
LDB: =============== DONE WITH MIGRATION ================ 434.41
LDB: ============= START OF LOAD BALANCING ============== 437.469
LDB: ============== END OF LOAD BALANCING =============== 437.469
Info: useSync: 0 useProxySync: 0
LDB: =============== DONE WITH MIGRATION ================ 437.469
LDB: ============= START OF LOAD BALANCING ============== 437.539
LDB: Largest compute 163 load 0.013161 is 24.1% of average load 0.054516
LDB: Average compute 0.003834 is 7.0% of average load 0.054516
LDB: TIME 437.539 LOAD: AVG 0.0545162 MAX 0.0646705  PROXIES: TOTAL 24 MAXPE 4 MAXPATCH 6 None MEM: 0.478235 MB
LDB: TIME 437.539 LOAD: AVG 0.0545162 MAX 0.0646705  PROXIES: TOTAL 28 MAXPE 4 MAXPATCH 8 RefineTorusLB MEM: 0.478235 MB
LDB: TIME 437.539 LOAD: AVG 0.0545162 MAX 0.0594761  PROXIES: TOTAL 28 MAXPE 4 MAXPATCH 8 RefineTorusLB MEM: 0.478235 MB
LDB: ============== END OF LOAD BALANCING =============== 437.539
Info: useSync: 0 useProxySync: 0
LDB: =============== DONE WITH MIGRATION ================ 437.539
WRITING COORDINATES TO DCD FILE MDequil.dcd AT STEP 210000
PRESSURE: 210000 8.50376 703.546 -206.336 664.163 -332.562 286.593 -187.156 186.697 586.226
GPRESSURE: 210000 -25.0892 514.035 -266.712 491.883 -377.465 269.379 -176.727 220.812 710.107
PRESSAVG: 210000 -510.986 -20.8838 -20.9874 19.8171 -443.33 21.9003 -43.9431 -10.7861 13.8207
GPRESSAVG: 210000 -511.388 -20.9289 -20.8809 20.0512 -443.411 21.6678 -43.7238 -10.5939 14.0093
ENERGY:  210000         0.0000         0.0000         0.0000         0.0000          -5553.5302       402.7974         0.0000         0.0000       944.3115          -4206.4213       299.9995     -5150.7327     -4203.8786       299.0686             87.3892       102.5178     22889.2167      -313.4982      -313.5964

LDB: ============= START OF LOAD BALANCING ============== 440.373
LDB: ============== END OF LOAD BALANCING =============== 440.373
Info: useSync: 0 useProxySync: 0
LDB: =============== DONE WITH MIGRATION ================ 440.373
LDB: ============= START OF LOAD BALANCING ============== 440.44
LDB: Largest compute 162 load 0.013616 is 24.5% of average load 0.055612
LDB: Average compute 0.003923 is 7.1% of average load 0.055612
LDB: TIME 440.441 LOAD: AVG 0.0556119 MAX 0.0618152  PROXIES: TOTAL 24 MAXPE 4 MAXPATCH 6 None MEM: 0.478235 MB
LDB: TIME 440.441 LOAD: AVG 0.0556119 MAX 0.0618152  PROXIES: TOTAL 28 MAXPE 4 MAXPATCH 8 RefineTorusLB MEM: 0.478235 MB
LDB: TIME 440.441 LOAD: AVG 0.0556119 MAX 0.0602093  PROXIES: TOTAL 28 MAXPE 4 MAXPATCH 8 RefineTorusLB MEM: 0.478235 MB
LDB: ============== END OF LOAD BALANCING =============== 440.441
Info: useSync: 0 useProxySync: 0
LDB: =============== DONE WITH MIGRATION ================ 440.441
LDB: ============= START OF LOAD BALANCING ============== 443.435
LDB: ============== END OF LOAD BALANCING =============== 443.435
Info: useSync: 0 useProxySync: 0
LDB: =============== DONE WITH MIGRATION ================ 443.435
LDB: ============= START OF LOAD BALANCING ============== 443.5
LDB: Largest compute 52 load 0.012587 is 23.0% of average load 0.054705
LDB: Average compute 0.003856 is 7.0% of average load 0.054705
LDB: TIME 443.5 LOAD: AVG 0.0547052 MAX 0.0583898  PROXIES: TOTAL 24 MAXPE 4 MAXPATCH 6 None MEM: 0.478235 MB
LDB: TIME 443.5 LOAD: AVG 0.0547052 MAX 0.0583898  PROXIES: TOTAL 28 MAXPE 4 MAXPATCH 8 RefineTorusLB MEM: 0.478235 MB
LDB: TIME 443.5 LOAD: AVG 0.0547052 MAX 0.0583898  PROXIES: TOTAL 28 MAXPE 4 MAXPATCH 8 RefineTorusLB MEM: 0.478235 MB
LDB: ============== END OF LOAD BALANCING =============== 443.5
Info: useSync: 0 useProxySync: 0
LDB: =============== DONE WITH MIGRATION ================ 443.5
LDB: ============= START OF LOAD BALANCING ============== 446.425
LDB: ============== END OF LOAD BALANCING =============== 446.425
Info: useSync: 0 useProxySync: 0
LDB: =============== DONE WITH MIGRATION ================ 446.425
LDB: ============= START OF LOAD BALANCING ============== 446.508
LDB: Largest compute 147 load 0.015473 is 27.5% of average load 0.056278
LDB: Average compute 0.003968 is 7.1% of average load 0.056278
LDB: TIME 446.508 LOAD: AVG 0.0562781 MAX 0.0682207  PROXIES: TOTAL 24 MAXPE 4 MAXPATCH 6 None MEM: 0.478235 MB
LDB: TIME 446.508 LOAD: AVG 0.0562781 MAX 0.0682207  PROXIES: TOTAL 28 MAXPE 4 MAXPATCH 8 RefineTorusLB MEM: 0.478235 MB
LDB: TIME 446.508 LOAD: AVG 0.0562781 MAX 0.0613343  PROXIES: TOTAL 28 MAXPE 4 MAXPATCH 8 RefineTorusLB MEM: 0.478235 MB
LDB: ============== END OF LOAD BALANCING =============== 446.509
Info: useSync: 0 useProxySync: 0
LDB: =============== DONE WITH MIGRATION ================ 446.509
PRESSURE: 215000 -806.689 591.641 154.741 115.662 -686.504 478.101 -4.52344 -133.981 845.428
GPRESSURE: 215000 -622.304 686.712 -121.362 -58.9967 -715.701 564.646 -51.129 -246.682 785.208
PRESSAVG: 215000 -381.773 5.60068 -22.4072 13.6858 -316.013 -19.4365 12.7491 11.8226 -5.89311
GPRESSAVG: 215000 -381.309 5.53008 -22.3547 13.3848 -316.098 -19.8846 12.8875 11.3178 -5.73886
ENERGY:  215000         0.0000         0.0000         0.0000         0.0000          -5567.7029       402.4134         0.0000         0.0000       932.5342          -4232.7554       296.2579     -5165.2896     -4230.5739       302.0104           -215.9217      -184.2658     22624.6132      -234.5595      -234.3818

WRITING COORDINATES TO DCD FILE MDequil.dcd AT STEP 215000
LDB: ============= START OF LOAD BALANCING ============== 449.338
LDB: ============== END OF LOAD BALANCING =============== 449.338
Info: useSync: 0 useProxySync: 0
LDB: =============== DONE WITH MIGRATION ================ 449.338
LDB: ============= START OF LOAD BALANCING ============== 449.435
LDB: Largest compute 158 load 0.029619 is 51.6% of average load 0.057388
LDB: Average compute 0.004042 is 7.0% of average load 0.057388
LDB: TIME 449.437 LOAD: AVG 0.0573877 MAX 0.0907846  PROXIES: TOTAL 24 MAXPE 4 MAXPATCH 6 None MEM: 0.478235 MB
LDB: TIME 449.437 LOAD: AVG 0.0573877 MAX 0.0907846  PROXIES: TOTAL 28 MAXPE 4 MAXPATCH 8 RefineTorusLB MEM: 0.478235 MB
LDB: TIME 449.437 LOAD: AVG 0.0573877 MAX 0.0638473  PROXIES: TOTAL 28 MAXPE 4 MAXPATCH 8 RefineTorusLB MEM: 0.478235 MB
LDB: ============== END OF LOAD BALANCING =============== 449.438
Info: useSync: 0 useProxySync: 0
LDB: =============== DONE WITH MIGRATION ================ 449.438
LDB: ============= START OF LOAD BALANCING ============== 452.428
LDB: ============== END OF LOAD BALANCING =============== 452.428
Info: useSync: 0 useProxySync: 0
LDB: =============== DONE WITH MIGRATION ================ 452.439
LDB: ============= START OF LOAD BALANCING ============== 452.513
LDB: Largest compute 162 load 0.012325 is 23.3% of average load 0.052999
LDB: Average compute 0.003719 is 7.0% of average load 0.052999
LDB: TIME 452.513 LOAD: AVG 0.0529992 MAX 0.0660512  PROXIES: TOTAL 24 MAXPE 4 MAXPATCH 6 None MEM: 0.478235 MB
LDB: TIME 452.513 LOAD: AVG 0.0529992 MAX 0.0660512  PROXIES: TOTAL 28 MAXPE 4 MAXPATCH 8 RefineTorusLB MEM: 0.478235 MB
LDB: TIME 452.513 LOAD: AVG 0.0529992 MAX 0.0568634  PROXIES: TOTAL 28 MAXPE 4 MAXPATCH 8 RefineTorusLB MEM: 0.478235 MB
LDB: ============== END OF LOAD BALANCING =============== 452.513
Info: useSync: 0 useProxySync: 0
LDB: =============== DONE WITH MIGRATION ================ 452.514
PRESSURE: 220000 -176.551 83.4229 -292.208 -27.764 -420.35 619.72 -183.324 377.531 -232.811
GPRESSURE: 220000 -283.649 184.942 -414.273 -80.104 -210.988 621.036 161.764 427.386 -257.852
PRESSAVG: 220000 -332.535 -9.58936 -60.064 -15.677 -335.688 24.4277 -95.753 5.2417 4.17462
GPRESSAVG: 220000 -332.964 -9.72351 -59.9315 -15.9724 -335.587 24.3372 -95.7147 5.23685 4.45301
ENERGY:  220000         0.0000         0.0000         0.0000         0.0000          -5576.1429       381.1274         0.0000         0.0000       960.1974          -4234.8181       305.0463     -5195.0155     -4233.1834       301.4404           -276.5703      -250.8297     22592.6864      -221.3495      -221.3660

WRITING COORDINATES TO DCD FILE MDequil.dcd AT STEP 220000
LDB: ============= START OF LOAD BALANCING ============== 455.462
LDB: ============== END OF LOAD BALANCING =============== 455.462
Info: useSync: 0 useProxySync: 0
LDB: =============== DONE WITH MIGRATION ================ 455.462
LDB: ============= START OF LOAD BALANCING ============== 455.531
LDB: Largest compute 162 load 0.013012 is 23.3% of average load 0.055873
LDB: Average compute 0.003941 is 7.1% of average load 0.055873
LDB: TIME 455.532 LOAD: AVG 0.0558732 MAX 0.0597528  PROXIES: TOTAL 24 MAXPE 4 MAXPATCH 6 None MEM: 0.478235 MB
LDB: TIME 455.532 LOAD: AVG 0.0558732 MAX 0.0597528  PROXIES: TOTAL 28 MAXPE 4 MAXPATCH 8 RefineTorusLB MEM: 0.478235 MB
LDB: TIME 455.532 LOAD: AVG 0.0558732 MAX 0.0597528  PROXIES: TOTAL 28 MAXPE 4 MAXPATCH 8 RefineTorusLB MEM: 0.478235 MB
LDB: ============== END OF LOAD BALANCING =============== 455.532
Info: useSync: 0 useProxySync: 0
LDB: =============== DONE WITH MIGRATION ================ 455.532
LDB: ============= START OF LOAD BALANCING ============== 459.002
LDB: ============== END OF LOAD BALANCING =============== 459.003
Info: useSync: 0 useProxySync: 0
LDB: =============== DONE WITH MIGRATION ================ 459.003
LDB: ============= START OF LOAD BALANCING ============== 459.072
LDB: Largest compute 163 load 0.011635 is 21.2% of average load 0.054950
LDB: Average compute 0.003860 is 7.0% of average load 0.054950
LDB: TIME 459.072 LOAD: AVG 0.0549505 MAX 0.0618611  PROXIES: TOTAL 24 MAXPE 4 MAXPATCH 6 None MEM: 0.478235 MB
LDB: TIME 459.072 LOAD: AVG 0.0549505 MAX 0.0618611  PROXIES: TOTAL 28 MAXPE 4 MAXPATCH 8 RefineTorusLB MEM: 0.478235 MB
LDB: TIME 459.072 LOAD: AVG 0.0549505 MAX 0.0595928  PROXIES: TOTAL 28 MAXPE 4 MAXPATCH 8 RefineTorusLB MEM: 0.478235 MB
LDB: ============== END OF LOAD BALANCING =============== 459.072
Info: useSync: 0 useProxySync: 0
LDB: =============== DONE WITH MIGRATION ================ 459.073
LDB: ============= START OF LOAD BALANCING ============== 462.547
LDB: ============== END OF LOAD BALANCING =============== 462.547
Info: useSync: 0 useProxySync: 0
LDB: =============== DONE WITH MIGRATION ================ 462.547
LDB: ============= START OF LOAD BALANCING ============== 462.614
LDB: Largest compute 162 load 0.012722 is 22.8% of average load 0.055883
LDB: Average compute 0.003941 is 7.1% of average load 0.055883
LDB: TIME 462.614 LOAD: AVG 0.0558831 MAX 0.060122  PROXIES: TOTAL 24 MAXPE 4 MAXPATCH 6 None MEM: 0.478235 MB
LDB: TIME 462.614 LOAD: AVG 0.0558831 MAX 0.060122  PROXIES: TOTAL 28 MAXPE 4 MAXPATCH 8 RefineTorusLB MEM: 0.478235 MB
LDB: TIME 462.614 LOAD: AVG 0.0558831 MAX 0.060122  PROXIES: TOTAL 28 MAXPE 4 MAXPATCH 8 RefineTorusLB MEM: 0.478235 MB
LDB: ============== END OF LOAD BALANCING =============== 462.614
Info: useSync: 0 useProxySync: 0
LDB: =============== DONE WITH MIGRATION ================ 462.614
PRESSURE: 225000 -95.8949 -382.843 111.075 -350.679 677.441 453.301 250.751 369.624 -256.395
GPRESSURE: 225000 -3.17244 -698.603 42.1359 -233.721 420.827 253.12 348.613 133.633 -43.6692
PRESSAVG: 225000 -307.711 12.538 -23.7885 23.8171 -306.124 9.2118 -41.1437 33.7945 20.0119
GPRESSAVG: 225000 -307.709 12.5793 -24.0246 23.8806 -306.115 9.24202 -41.0533 33.7888 20.0643
ENERGY:  225000         0.0000         0.0000         0.0000         0.0000          -5530.5782       376.8110         0.0000         0.0000       983.9417          -4169.8255       312.5896     -5153.7672     -4167.6519       302.6167            108.3838       124.6618     22551.9287      -197.9410      -197.9198

WRITING COORDINATES TO DCD FILE MDequil.dcd AT STEP 225000
LDB: ============= START OF LOAD BALANCING ============== 465.666
LDB: ============== END OF LOAD BALANCING =============== 465.666
Info: useSync: 0 useProxySync: 0
LDB: =============== DONE WITH MIGRATION ================ 465.666
LDB: ============= START OF LOAD BALANCING ============== 465.734
LDB: Largest compute 163 load 0.011764 is 22.0% of average load 0.053554
LDB: Average compute 0.003789 is 7.1% of average load 0.053554
LDB: TIME 465.734 LOAD: AVG 0.0535536 MAX 0.0614567  PROXIES: TOTAL 24 MAXPE 4 MAXPATCH 6 None MEM: 0.478235 MB
LDB: TIME 465.734 LOAD: AVG 0.0535536 MAX 0.0614567  PROXIES: TOTAL 28 MAXPE 4 MAXPATCH 8 RefineTorusLB MEM: 0.478235 MB
LDB: TIME 465.734 LOAD: AVG 0.0535536 MAX 0.0572301  PROXIES: TOTAL 29 MAXPE 4 MAXPATCH 8 RefineTorusLB MEM: 0.478235 MB
LDB: ============== END OF LOAD BALANCING =============== 465.734
Info: useSync: 0 useProxySync: 0
LDB: =============== DONE WITH MIGRATION ================ 465.734
LDB: ============= START OF LOAD BALANCING ============== 468.513
LDB: ============== END OF LOAD BALANCING =============== 468.514
Info: useSync: 0 useProxySync: 0
LDB: =============== DONE WITH MIGRATION ================ 468.514
LDB: ============= START OF LOAD BALANCING ============== 468.579
LDB: Largest compute 163 load 0.012673 is 22.8% of average load 0.055609
LDB: Average compute 0.003917 is 7.0% of average load 0.055609
LDB: TIME 468.58 LOAD: AVG 0.0556086 MAX 0.0588936  PROXIES: TOTAL 24 MAXPE 4 MAXPATCH 6 None MEM: 0.478235 MB
LDB: TIME 468.58 LOAD: AVG 0.0556086 MAX 0.0588936  PROXIES: TOTAL 29 MAXPE 4 MAXPATCH 8 RefineTorusLB MEM: 0.478235 MB
LDB: TIME 468.58 LOAD: AVG 0.0556086 MAX 0.0588936  PROXIES: TOTAL 29 MAXPE 4 MAXPATCH 8 RefineTorusLB MEM: 0.478235 MB
LDB: ============== END OF LOAD BALANCING =============== 468.58
Info: useSync: 0 useProxySync: 0
LDB: =============== DONE WITH MIGRATION ================ 468.58
PRESSURE: 230000 -308.005 -437.57 -122.061 -478.644 -1122.06 -303.5 -226.487 -151.28 -238.584
GPRESSURE: 230000 -501.532 -161.101 -164.61 -717.07 -912.719 -118.932 -226 -111.202 -206.684
PRESSAVG: 230000 -229.443 42.4423 -8.31487 4.88414 -252.327 -8.34311 -31.021 4.62683 31.8706
GPRESSAVG: 230000 -229.768 42.8991 -8.53281 4.8912 -252.31 -8.46916 -31.3717 4.61286 31.7718
ENERGY:  230000         0.0000         0.0000         0.0000         0.0000          -5570.8076       359.8283         0.0000         0.0000       880.8847          -4330.0946       279.8493     -5210.9793     -4328.4200       298.5988           -556.2172      -540.3116     22690.4693      -149.9665      -150.1021

WRITING COORDINATES TO DCD FILE MDequil.dcd AT STEP 230000
LDB: ============= START OF LOAD BALANCING ============== 471.385
LDB: ============== END OF LOAD BALANCING =============== 471.385
Info: useSync: 0 useProxySync: 0
LDB: =============== DONE WITH MIGRATION ================ 471.385
LDB: ============= START OF LOAD BALANCING ============== 471.449
LDB: Largest compute 162 load 0.013903 is 25.0% of average load 0.055679
LDB: Average compute 0.003929 is 7.1% of average load 0.055679
LDB: TIME 471.449 LOAD: AVG 0.0556788 MAX 0.0584998  PROXIES: TOTAL 24 MAXPE 4 MAXPATCH 6 None MEM: 0.478235 MB
LDB: TIME 471.449 LOAD: AVG 0.0556788 MAX 0.0584998  PROXIES: TOTAL 29 MAXPE 4 MAXPATCH 8 RefineTorusLB MEM: 0.478235 MB
LDB: TIME 471.449 LOAD: AVG 0.0556788 MAX 0.0584998  PROXIES: TOTAL 29 MAXPE 4 MAXPATCH 8 RefineTorusLB MEM: 0.478235 MB
LDB: ============== END OF LOAD BALANCING =============== 471.449
Info: useSync: 0 useProxySync: 0
LDB: =============== DONE WITH MIGRATION ================ 471.45
LDB: ============= START OF LOAD BALANCING ============== 474.12
LDB: ============== END OF LOAD BALANCING =============== 474.12
Info: useSync: 0 useProxySync: 0
LDB: =============== DONE WITH MIGRATION ================ 474.12
LDB: ============= START OF LOAD BALANCING ============== 474.185
LDB: Largest compute 52 load 0.013180 is 23.5% of average load 0.055972
LDB: Average compute 0.003950 is 7.1% of average load 0.055972
LDB: TIME 474.186 LOAD: AVG 0.0559716 MAX 0.0607009  PROXIES: TOTAL 24 MAXPE 4 MAXPATCH 6 None MEM: 0.478235 MB
LDB: TIME 474.186 LOAD: AVG 0.0559716 MAX 0.0607009  PROXIES: TOTAL 29 MAXPE 4 MAXPATCH 8 RefineTorusLB MEM: 0.478235 MB
LDB: TIME 474.186 LOAD: AVG 0.0559716 MAX 0.0607009  PROXIES: TOTAL 29 MAXPE 4 MAXPATCH 8 RefineTorusLB MEM: 0.478235 MB
LDB: ============== END OF LOAD BALANCING =============== 474.186
Info: useSync: 0 useProxySync: 0
LDB: =============== DONE WITH MIGRATION ================ 474.186
LDB: ============= START OF LOAD BALANCING ============== 476.744
LDB: ============== END OF LOAD BALANCING =============== 476.744
Info: useSync: 0 useProxySync: 0
LDB: =============== DONE WITH MIGRATION ================ 476.744
LDB: ============= START OF LOAD BALANCING ============== 476.809
LDB: Largest compute 162 load 0.014570 is 26.2% of average load 0.055705
LDB: Average compute 0.003926 is 7.0% of average load 0.055705
LDB: TIME 476.809 LOAD: AVG 0.0557046 MAX 0.0584363  PROXIES: TOTAL 24 MAXPE 4 MAXPATCH 6 None MEM: 0.478235 MB
LDB: TIME 476.809 LOAD: AVG 0.0557046 MAX 0.0584363  PROXIES: TOTAL 29 MAXPE 4 MAXPATCH 8 RefineTorusLB MEM: 0.478235 MB
LDB: TIME 476.809 LOAD: AVG 0.0557046 MAX 0.0584363  PROXIES: TOTAL 29 MAXPE 4 MAXPATCH 8 RefineTorusLB MEM: 0.478235 MB
LDB: ============== END OF LOAD BALANCING =============== 476.809
Info: useSync: 0 useProxySync: 0
LDB: =============== DONE WITH MIGRATION ================ 476.809
PRESSURE: 235000 41.4712 707.793 -415.097 389.087 -387.564 -773.826 -113.017 -566.336 -1214.39
GPRESSURE: 235000 287.461 871.462 -570.004 288.984 -426.423 -823.656 -111.311 -721.214 -1310.59
PRESSAVG: 235000 -433.605 -6.15455 28.2094 -23.0724 -368.07 45.2916 51.0037 3.91108 -2.43484
GPRESSAVG: 235000 -433.455 -6.1255 28.6751 -23.2807 -367.735 45.6186 50.6809 4.06805 -2.35999
ENERGY:  235000         0.0000         0.0000         0.0000         0.0000          -5616.1296       384.8731         0.0000         0.0000       970.0935          -4261.1631       308.1902     -5231.2566     -4258.4731       295.9777           -520.1614      -483.1837     22848.9090      -268.0366      -267.8500

WRITING COORDINATES TO DCD FILE MDequil.dcd AT STEP 235000
LDB: ============= START OF LOAD BALANCING ============== 479.375
LDB: ============== END OF LOAD BALANCING =============== 479.375
Info: useSync: 0 useProxySync: 0
LDB: =============== DONE WITH MIGRATION ================ 479.375
LDB: ============= START OF LOAD BALANCING ============== 479.442
LDB: Largest compute 162 load 0.012556 is 22.5% of average load 0.055919
LDB: Average compute 0.003948 is 7.1% of average load 0.055919
LDB: TIME 479.442 LOAD: AVG 0.055919 MAX 0.0601561  PROXIES: TOTAL 24 MAXPE 4 MAXPATCH 6 None MEM: 0.478235 MB
LDB: TIME 479.442 LOAD: AVG 0.055919 MAX 0.0601561  PROXIES: TOTAL 29 MAXPE 4 MAXPATCH 8 RefineTorusLB MEM: 0.478235 MB
LDB: TIME 479.442 LOAD: AVG 0.055919 MAX 0.0601561  PROXIES: TOTAL 29 MAXPE 4 MAXPATCH 8 RefineTorusLB MEM: 0.478235 MB
LDB: ============== END OF LOAD BALANCING =============== 479.442
Info: useSync: 0 useProxySync: 0
LDB: =============== DONE WITH MIGRATION ================ 479.443
LDB: ============= START OF LOAD BALANCING ============== 482.019
LDB: ============== END OF LOAD BALANCING =============== 482.02
Info: useSync: 0 useProxySync: 0
LDB: =============== DONE WITH MIGRATION ================ 482.02
LDB: ============= START OF LOAD BALANCING ============== 482.087
LDB: Largest compute 162 load 0.014412 is 25.8% of average load 0.055869
LDB: Average compute 0.003942 is 7.1% of average load 0.055869
LDB: TIME 482.087 LOAD: AVG 0.0558695 MAX 0.060729  PROXIES: TOTAL 24 MAXPE 4 MAXPATCH 6 None MEM: 0.478235 MB
LDB: TIME 482.087 LOAD: AVG 0.0558695 MAX 0.060729  PROXIES: TOTAL 29 MAXPE 4 MAXPATCH 8 RefineTorusLB MEM: 0.478235 MB
LDB: TIME 482.087 LOAD: AVG 0.0558695 MAX 0.060729  PROXIES: TOTAL 29 MAXPE 4 MAXPATCH 8 RefineTorusLB MEM: 0.478235 MB
LDB: ============== END OF LOAD BALANCING =============== 482.087
Info: useSync: 0 useProxySync: 0
LDB: =============== DONE WITH MIGRATION ================ 482.087
PRESSURE: 240000 134.065 356.423 40.7158 500.839 -601.051 -393.497 373.119 -221.007 -609.92
GPRESSURE: 240000 44.3439 286.87 -16.8222 328.824 -673.862 -392.154 293.374 55.2878 -393.563
PRESSAVG: 240000 -290.34 72.2397 25.1732 26.5719 -304.07 35.6183 81.9869 -14.6605 12.2942
GPRESSAVG: 240000 -290.525 72.4171 24.9506 26.8735 -304.039 35.4532 82.8106 -14.3539 12.3794
ENERGY:  240000         0.0000         0.0000         0.0000         0.0000          -5579.3140       391.7576         0.0000         0.0000       939.9243          -4247.6322       298.6057     -5187.5565     -4244.9953       293.9995           -358.9689      -341.0273     22956.6163      -194.0384      -194.0616

WRITING COORDINATES TO DCD FILE MDequil.dcd AT STEP 240000
LDB: ============= START OF LOAD BALANCING ============== 484.653
LDB: ============== END OF LOAD BALANCING =============== 484.653
Info: useSync: 0 useProxySync: 0
LDB: =============== DONE WITH MIGRATION ================ 484.653
LDB: ============= START OF LOAD BALANCING ============== 484.717
LDB: Largest compute 163 load 0.012200 is 22.1% of average load 0.055291
LDB: Average compute 0.003900 is 7.1% of average load 0.055291
LDB: TIME 484.718 LOAD: AVG 0.055291 MAX 0.0601754  PROXIES: TOTAL 24 MAXPE 4 MAXPATCH 6 None MEM: 0.478235 MB
LDB: TIME 484.718 LOAD: AVG 0.055291 MAX 0.0601754  PROXIES: TOTAL 29 MAXPE 4 MAXPATCH 8 RefineTorusLB MEM: 0.478235 MB
LDB: TIME 484.718 LOAD: AVG 0.055291 MAX 0.0601754  PROXIES: TOTAL 29 MAXPE 4 MAXPATCH 8 RefineTorusLB MEM: 0.478235 MB
LDB: ============== END OF LOAD BALANCING =============== 484.718
Info: useSync: 0 useProxySync: 0
LDB: =============== DONE WITH MIGRATION ================ 484.718
LDB: ============= START OF LOAD BALANCING ============== 487.292
LDB: ============== END OF LOAD BALANCING =============== 487.295
Info: useSync: 0 useProxySync: 0
LDB: =============== DONE WITH MIGRATION ================ 487.295
LDB: ============= START OF LOAD BALANCING ============== 487.363
LDB: Largest compute 52 load 0.013533 is 24.1% of average load 0.056181
LDB: Average compute 0.003968 is 7.1% of average load 0.056181
LDB: TIME 487.363 LOAD: AVG 0.0561809 MAX 0.0621463  PROXIES: TOTAL 24 MAXPE 4 MAXPATCH 6 None MEM: 0.478235 MB
LDB: TIME 487.363 LOAD: AVG 0.0561809 MAX 0.0621463  PROXIES: TOTAL 29 MAXPE 4 MAXPATCH 8 RefineTorusLB MEM: 0.478235 MB
LDB: TIME 487.363 LOAD: AVG 0.0561809 MAX 0.0603845  PROXIES: TOTAL 29 MAXPE 4 MAXPATCH 8 RefineTorusLB MEM: 0.478235 MB
LDB: ============== END OF LOAD BALANCING =============== 487.363
Info: useSync: 0 useProxySync: 0
LDB: =============== DONE WITH MIGRATION ================ 487.364
LDB: ============= START OF LOAD BALANCING ============== 490.207
LDB: ============== END OF LOAD BALANCING =============== 490.207
Info: useSync: 0 useProxySync: 0
LDB: =============== DONE WITH MIGRATION ================ 490.208
LDB: ============= START OF LOAD BALANCING ============== 490.297
LDB: Largest compute 5 load 0.015050 is 26.2% of average load 0.057482
LDB: Average compute 0.003975 is 6.9% of average load 0.057482
LDB: TIME 490.297 LOAD: AVG 0.0574816 MAX 0.0728371  PROXIES: TOTAL 24 MAXPE 4 MAXPATCH 6 None MEM: 0.478235 MB
LDB: TIME 490.298 LOAD: AVG 0.0574816 MAX 0.0728371  PROXIES: TOTAL 29 MAXPE 4 MAXPATCH 8 RefineTorusLB MEM: 0.478235 MB
LDB: TIME 490.298 LOAD: AVG 0.0574816 MAX 0.0626194  PROXIES: TOTAL 29 MAXPE 4 MAXPATCH 8 RefineTorusLB MEM: 0.478235 MB
LDB: ============== END OF LOAD BALANCING =============== 490.298
Info: useSync: 0 useProxySync: 0
LDB: =============== DONE WITH MIGRATION ================ 490.298
PRESSURE: 245000 -174.561 148.282 71.1977 108.037 -1318.11 -19.4697 129.841 -484.896 115.51
GPRESSURE: 245000 11.5634 211.294 345.117 -229.428 -1211.81 39.5342 -211.863 -523.709 -120.985
PRESSAVG: 245000 -375.711 -78.5168 -9.36892 -34.4749 -339.676 8.85739 -13.6395 -35.9637 8.39428
GPRESSAVG: 245000 -375.262 -78.0974 -9.3948 -34.9987 -339.24 9.22051 -13.6548 -36.2032 7.72534
ENERGY:  245000         0.0000         0.0000         0.0000         0.0000          -5589.8846       380.5531         0.0000         0.0000       936.5732          -4272.7584       297.5411     -5209.3315     -4271.1472       298.6787           -459.0541      -440.4111     22759.6338      -235.6642      -235.5922

WRITING COORDINATES TO DCD FILE MDequil.dcd AT STEP 245000
LDB: ============= START OF LOAD BALANCING ============== 493.148
LDB: ============== END OF LOAD BALANCING =============== 493.148
Info: useSync: 0 useProxySync: 0
LDB: =============== DONE WITH MIGRATION ================ 493.149
LDB: ============= START OF LOAD BALANCING ============== 493.24
LDB: Largest compute 6 load 0.016252 is 29.8% of average load 0.054555
LDB: Average compute 0.003798 is 7.0% of average load 0.054555
LDB: TIME 493.24 LOAD: AVG 0.054555 MAX 0.0598014  PROXIES: TOTAL 24 MAXPE 4 MAXPATCH 6 None MEM: 0.478235 MB
LDB: TIME 493.24 LOAD: AVG 0.054555 MAX 0.0598014  PROXIES: TOTAL 29 MAXPE 4 MAXPATCH 8 RefineTorusLB MEM: 0.478235 MB
LDB: TIME 493.24 LOAD: AVG 0.054555 MAX 0.0594407  PROXIES: TOTAL 29 MAXPE 4 MAXPATCH 8 RefineTorusLB MEM: 0.478235 MB
LDB: ============== END OF LOAD BALANCING =============== 493.24
Info: useSync: 0 useProxySync: 0
LDB: =============== DONE WITH MIGRATION ================ 493.24
LDB: ============= START OF LOAD BALANCING ============== 495.931
LDB: ============== END OF LOAD BALANCING =============== 495.931
Info: useSync: 0 useProxySync: 0
LDB: =============== DONE WITH MIGRATION ================ 495.931
LDB: ============= START OF LOAD BALANCING ============== 495.999
LDB: Largest compute 52 load 0.013956 is 25.6% of average load 0.054524
LDB: Average compute 0.003840 is 7.0% of average load 0.054524
LDB: TIME 496 LOAD: AVG 0.0545235 MAX 0.0645607  PROXIES: TOTAL 24 MAXPE 4 MAXPATCH 6 None MEM: 0.478235 MB
LDB: TIME 496 LOAD: AVG 0.0545235 MAX 0.0645607  PROXIES: TOTAL 29 MAXPE 4 MAXPATCH 8 RefineTorusLB MEM: 0.478235 MB
LDB: TIME 496 LOAD: AVG 0.0545235 MAX 0.0594662  PROXIES: TOTAL 29 MAXPE 4 MAXPATCH 8 RefineTorusLB MEM: 0.478235 MB
LDB: ============== END OF LOAD BALANCING =============== 496
Info: useSync: 0 useProxySync: 0
LDB: =============== DONE WITH MIGRATION ================ 496
WRITING COORDINATES TO DCD FILE MDequil.dcd AT STEP 250000
WRITING COORDINATES TO RESTART FILE AT STEP 250000
FINISHED WRITING RESTART COORDINATES
WRITING VELOCITIES TO RESTART FILE AT STEP 250000
FINISHED WRITING RESTART VELOCITIES
The last velocity output (seq=250000) takes 0.000 seconds, 0.478 MB of memory in use
PRESSURE: 250000 -37.1444 -401.033 117.852 -256.356 -296.148 -84.5755 -89.1741 -154.329 471.469
GPRESSURE: 250000 -2.54375 -443.811 -14.2249 -95.827 -325.403 -335.763 -72.7085 51.1145 509.948
PRESSAVG: 250000 -374.257 -26.6639 15.2815 -63.7253 -479.458 -37.4242 91.895 -13.7563 12.7885
GPRESSAVG: 250000 -374.376 -26.925 15.4378 -63.3943 -479.559 -37.6083 91.953 -13.7907 12.9577
TIMING: 250000  CPU: 467.451, 0.00145441/step  Wall: 485.565, 0.00148308/step, 0.102992 hours remaining, 0.478235 MB of memory in use.
PERFORMANCE: 250000  averaging 88.9731 ns/day, 0.00194216 sec/step with standard deviation 0.000598219
ETITLE:      TS           BOND          ANGLE          DIHED          IMPRP               ELECT            VDW       BOUNDARY           MISC        KINETIC               TOTAL           TEMP      POTENTIAL         TOTAL3        TEMPAVG            PRESSURE      GPRESSURE         VOLUME       PRESSAVG      GPRESSAVG

ENERGY:  250000         0.0000         0.0000         0.0000         0.0000          -5617.5621       444.5414         0.0000         0.0000       921.9862          -4251.0345       292.9069     -5173.0207     -4249.7267       298.8637             46.0589        60.6673     23009.5163      -280.3088      -280.3258

WRITING EXTENDED SYSTEM TO RESTART FILE AT STEP 250000
LDB: ============= START OF LOAD BALANCING ============== 498.611
LDB: ============== END OF LOAD BALANCING =============== 498.611
Info: useSync: 0 useProxySync: 0
LDB: =============== DONE WITH MIGRATION ================ 498.611
LDB: ============= START OF LOAD BALANCING ============== 498.678
LDB: Largest compute 52 load 0.012440 is 22.8% of average load 0.054641
LDB: Average compute 0.003844 is 7.0% of average load 0.054641
LDB: TIME 498.678 LOAD: AVG 0.0546413 MAX 0.0607032  PROXIES: TOTAL 24 MAXPE 4 MAXPATCH 6 None MEM: 0.478235 MB
LDB: TIME 498.678 LOAD: AVG 0.0546413 MAX 0.0607032  PROXIES: TOTAL 29 MAXPE 4 MAXPATCH 8 RefineTorusLB MEM: 0.478235 MB
LDB: TIME 498.678 LOAD: AVG 0.0546413 MAX 0.0587508  PROXIES: TOTAL 30 MAXPE 4 MAXPATCH 9 RefineTorusLB MEM: 0.478235 MB
LDB: ============== END OF LOAD BALANCING =============== 498.678
Info: useSync: 0 useProxySync: 0
LDB: =============== DONE WITH MIGRATION ================ 498.679
LDB: ============= START OF LOAD BALANCING ============== 501.208
LDB: ============== END OF LOAD BALANCING =============== 501.208
Info: useSync: 0 useProxySync: 0
LDB: =============== DONE WITH MIGRATION ================ 501.208
LDB: ============= START OF LOAD BALANCING ============== 501.273
LDB: Largest compute 163 load 0.012429 is 22.3% of average load 0.055860
LDB: Average compute 0.003932 is 7.0% of average load 0.055860
LDB: TIME 501.273 LOAD: AVG 0.0558598 MAX 0.0591622  PROXIES: TOTAL 24 MAXPE 4 MAXPATCH 6 None MEM: 0.478235 MB
LDB: TIME 501.273 LOAD: AVG 0.0558598 MAX 0.0591622  PROXIES: TOTAL 30 MAXPE 4 MAXPATCH 9 RefineTorusLB MEM: 0.478235 MB
LDB: TIME 501.273 LOAD: AVG 0.0558598 MAX 0.0591622  PROXIES: TOTAL 30 MAXPE 4 MAXPATCH 9 RefineTorusLB MEM: 0.478235 MB
LDB: ============== END OF LOAD BALANCING =============== 501.273
Info: useSync: 0 useProxySync: 0
LDB: =============== DONE WITH MIGRATION ================ 501.273
LDB: ============= START OF LOAD BALANCING ============== 503.849
LDB: ============== END OF LOAD BALANCING =============== 503.85
Info: useSync: 0 useProxySync: 0
LDB: =============== DONE WITH MIGRATION ================ 503.862
LDB: ============= START OF LOAD BALANCING ============== 503.926
LDB: Largest compute 163 load 0.012337 is 22.8% of average load 0.054198
LDB: Average compute 0.003816 is 7.0% of average load 0.054198
LDB: TIME 503.926 LOAD: AVG 0.0541979 MAX 0.0565446  PROXIES: TOTAL 24 MAXPE 4 MAXPATCH 6 None MEM: 0.478235 MB
LDB: TIME 503.926 LOAD: AVG 0.0541979 MAX 0.0565446  PROXIES: TOTAL 30 MAXPE 4 MAXPATCH 9 RefineTorusLB MEM: 0.478235 MB
LDB: TIME 503.926 LOAD: AVG 0.0541979 MAX 0.0565446  PROXIES: TOTAL 30 MAXPE 4 MAXPATCH 9 RefineTorusLB MEM: 0.478235 MB
LDB: ============== END OF LOAD BALANCING =============== 503.926
Info: useSync: 0 useProxySync: 0
LDB: =============== DONE WITH MIGRATION ================ 503.926
WRITING COORDINATES TO DCD FILE MDequil.dcd AT STEP 255000
PRESSURE: 255000 -624.798 472.151 -181.07 456.132 -502.841 -41.272 -428.772 -15.7528 -800.373
GPRESSURE: 255000 -729.539 561.553 -116.217 280.217 -402.964 -422.523 -721.137 56.6115 -729.211
PRESSAVG: 255000 -319.343 -21.5 34.3882 -1.42611 -292.763 9.21812 38.6785 7.04522 15.1718
GPRESSAVG: 255000 -318.96 -21.117 34.4588 -1.58612 -292.869 9.71197 38.9017 6.9286 15.1056
ENERGY:  255000         0.0000         0.0000         0.0000         0.0000          -5558.4188       367.8787         0.0000         0.0000       979.8811          -4210.6590       311.2996     -5190.5402     -4207.6404       303.3158           -642.6709      -620.5712     22927.5616      -198.9780      -198.9077

LDB: ============= START OF LOAD BALANCING ============== 506.469
LDB: ============== END OF LOAD BALANCING =============== 506.469
Info: useSync: 0 useProxySync: 0
LDB: =============== DONE WITH MIGRATION ================ 506.469
LDB: ============= START OF LOAD BALANCING ============== 506.533
LDB: Largest compute 162 load 0.012961 is 23.2% of average load 0.055762
LDB: Average compute 0.003929 is 7.0% of average load 0.055762
LDB: TIME 506.533 LOAD: AVG 0.0557617 MAX 0.0595246  PROXIES: TOTAL 24 MAXPE 4 MAXPATCH 6 None MEM: 0.478235 MB
LDB: TIME 506.533 LOAD: AVG 0.0557617 MAX 0.0595246  PROXIES: TOTAL 30 MAXPE 4 MAXPATCH 9 RefineTorusLB MEM: 0.478235 MB
LDB: TIME 506.533 LOAD: AVG 0.0557617 MAX 0.0595246  PROXIES: TOTAL 30 MAXPE 4 MAXPATCH 9 RefineTorusLB MEM: 0.478235 MB
LDB: ============== END OF LOAD BALANCING =============== 506.533
Info: useSync: 0 useProxySync: 0
LDB: =============== DONE WITH MIGRATION ================ 506.534
LDB: ============= START OF LOAD BALANCING ============== 509.042
LDB: ============== END OF LOAD BALANCING =============== 509.042
Info: useSync: 0 useProxySync: 0
LDB: =============== DONE WITH MIGRATION ================ 509.042
LDB: ============= START OF LOAD BALANCING ============== 509.107
LDB: Largest compute 52 load 0.014313 is 25.4% of average load 0.056444
LDB: Average compute 0.003984 is 7.1% of average load 0.056444
LDB: TIME 509.107 LOAD: AVG 0.0564436 MAX 0.0598908  PROXIES: TOTAL 24 MAXPE 4 MAXPATCH 6 None MEM: 0.478235 MB
LDB: TIME 509.107 LOAD: AVG 0.0564436 MAX 0.0598908  PROXIES: TOTAL 30 MAXPE 4 MAXPATCH 9 RefineTorusLB MEM: 0.478235 MB
LDB: TIME 509.107 LOAD: AVG 0.0564436 MAX 0.0598908  PROXIES: TOTAL 30 MAXPE 4 MAXPATCH 9 RefineTorusLB MEM: 0.478235 MB
LDB: ============== END OF LOAD BALANCING =============== 509.108
Info: useSync: 0 useProxySync: 0
LDB: =============== DONE WITH MIGRATION ================ 509.108
PRESSURE: 260000 -299.81 -705.097 331.912 -827.162 232.1 393.515 332.881 122.746 -197.71
GPRESSURE: 260000 -319.318 -807.038 575.925 -867.114 311.936 316.482 197.168 304.049 -211.419
PRESSAVG: 260000 -377.77 41.4621 -47.5998 32.7575 -268.012 68.6222 42.0833 59.5964 -14.4398
GPRESSAVG: 260000 -378.05 41.2439 -47.7762 32.6254 -268.018 68.558 41.7571 59.3935 -14.4376
ENERGY:  260000         0.0000         0.0000         0.0000         0.0000          -5593.6162       403.5664         0.0000         0.0000       916.6686          -4273.3811       291.2176     -5190.0497     -4271.3055       304.5352            -88.4733       -72.9334     22674.7155      -220.0740      -220.1684

WRITING COORDINATES TO DCD FILE MDequil.dcd AT STEP 260000
LDB: ============= START OF LOAD BALANCING ============== 514.321
LDB: ============== END OF LOAD BALANCING =============== 514.321
Info: useSync: 0 useProxySync: 0
LDB: =============== DONE WITH MIGRATION ================ 514.322
LDB: ============= START OF LOAD BALANCING ============== 514.496
LDB: Largest compute 168 load 0.035383 is 61.1% of average load 0.057941
LDB: Average compute 0.004064 is 7.0% of average load 0.057941
LDB: TIME 514.505 LOAD: AVG 0.0579407 MAX 0.0955472  PROXIES: TOTAL 24 MAXPE 4 MAXPATCH 6 None MEM: 0.478235 MB
LDB: TIME 514.506 LOAD: AVG 0.0579407 MAX 0.0955472  PROXIES: TOTAL 30 MAXPE 4 MAXPATCH 9 RefineTorusLB MEM: 0.478235 MB
LDB: TIME 514.506 LOAD: AVG 0.0579407 MAX 0.0628218  PROXIES: TOTAL 31 MAXPE 4 MAXPATCH 9 RefineTorusLB MEM: 0.478235 MB
LDB: ============== END OF LOAD BALANCING =============== 514.51
Info: useSync: 0 useProxySync: 0
LDB: =============== DONE WITH MIGRATION ================ 514.563
LDB: ============= START OF LOAD BALANCING ============== 528.74
LDB: ============== END OF LOAD BALANCING =============== 528.746
Info: useSync: 0 useProxySync: 0
LDB: =============== DONE WITH MIGRATION ================ 528.77
LDB: ============= START OF LOAD BALANCING ============== 529.175
LDB: Largest compute 52 load 0.012658 is 26.1% of average load 0.048482
LDB: Average compute 0.003273 is 6.8% of average load 0.048482
LDB: TIME 529.179 LOAD: AVG 0.0484822 MAX 0.0597176  PROXIES: TOTAL 24 MAXPE 4 MAXPATCH 6 None MEM: 0.478235 MB
LDB: TIME 529.179 LOAD: AVG 0.0484822 MAX 0.0597176  PROXIES: TOTAL 31 MAXPE 4 MAXPATCH 9 RefineTorusLB MEM: 0.478235 MB
LDB: TIME 529.179 LOAD: AVG 0.0484822 MAX 0.0528326  PROXIES: TOTAL 31 MAXPE 4 MAXPATCH 9 RefineTorusLB MEM: 0.478235 MB
LDB: ============== END OF LOAD BALANCING =============== 529.184
Info: useSync: 0 useProxySync: 0
LDB: =============== DONE WITH MIGRATION ================ 529.239
LDB: ============= START OF LOAD BALANCING ============== 541.506
LDB: ============== END OF LOAD BALANCING =============== 541.509
Info: useSync: 0 useProxySync: 0
LDB: =============== DONE WITH MIGRATION ================ 541.518
LDB: ============= START OF LOAD BALANCING ============== 541.903
LDB: Largest compute 52 load 0.011934 is 24.1% of average load 0.049599
LDB: Average compute 0.003386 is 6.8% of average load 0.049599
LDB: TIME 541.906 LOAD: AVG 0.0495989 MAX 0.0573791  PROXIES: TOTAL 24 MAXPE 4 MAXPATCH 6 None MEM: 0.478235 MB
LDB: TIME 541.907 LOAD: AVG 0.0495989 MAX 0.0573791  PROXIES: TOTAL 31 MAXPE 4 MAXPATCH 9 RefineTorusLB MEM: 0.478235 MB
LDB: TIME 541.907 LOAD: AVG 0.0495989 MAX 0.0540627  PROXIES: TOTAL 31 MAXPE 4 MAXPATCH 9 RefineTorusLB MEM: 0.478235 MB
LDB: ============== END OF LOAD BALANCING =============== 541.91
Info: useSync: 0 useProxySync: 0
LDB: =============== DONE WITH MIGRATION ================ 541.944
WRITING COORDINATES TO DCD FILE MDequil.dcd AT STEP 265000
PRESSURE: 265000 -1411.36 -246.161 -558.436 -168.984 -559.112 -264.074 -545.356 -329.499 -1033.43
GPRESSURE: 265000 -1254.25 -294.187 -729.363 80.4119 -663.697 -1.7506 -325.99 -435.194 -1066.49
PRESSAVG: 265000 -459.39 2.18637 22.6309 -7.34858 -377.176 -14.8462 40.2629 2.94742 22.0726
GPRESSAVG: 265000 -459.644 2.18293 22.6723 -7.25056 -377.432 -15.0895 40.015 3.13757 22.1367
ENERGY:  265000         0.0000         0.0000         0.0000         0.0000          -5521.2334       320.8072         0.0000         0.0000       890.9964          -4309.4298       283.0617     -5200.4262     -4307.8788       298.6836          -1001.3035      -994.8131     22855.2258      -271.4979      -271.6465

LDB: ============= START OF LOAD BALANCING ============== 555.231
LDB: ============== END OF LOAD BALANCING =============== 555.234
Info: useSync: 0 useProxySync: 0
LDB: =============== DONE WITH MIGRATION ================ 555.246
LDB: ============= START OF LOAD BALANCING ============== 555.538
LDB: Largest compute 52 load 0.012332 is 23.5% of average load 0.052479
LDB: Average compute 0.003523 is 6.7% of average load 0.052479
LDB: TIME 555.544 LOAD: AVG 0.0524785 MAX 0.0627305  PROXIES: TOTAL 24 MAXPE 4 MAXPATCH 6 None MEM: 0.478235 MB
LDB: TIME 555.545 LOAD: AVG 0.0524785 MAX 0.0627305  PROXIES: TOTAL 31 MAXPE 4 MAXPATCH 9 RefineTorusLB MEM: 0.478235 MB
LDB: TIME 555.545 LOAD: AVG 0.0524785 MAX 0.057011  PROXIES: TOTAL 31 MAXPE 4 MAXPATCH 9 RefineTorusLB MEM: 0.478235 MB
LDB: ============== END OF LOAD BALANCING =============== 555.55
Info: useSync: 0 useProxySync: 0
LDB: =============== DONE WITH MIGRATION ================ 555.598
LDB: ============= START OF LOAD BALANCING ============== 562.278
LDB: ============== END OF LOAD BALANCING =============== 562.279
Info: useSync: 0 useProxySync: 0
LDB: =============== DONE WITH MIGRATION ================ 562.279
LDB: ============= START OF LOAD BALANCING ============== 562.339
LDB: Largest compute 52 load 0.011808 is 23.9% of average load 0.049476
LDB: Average compute 0.003479 is 7.0% of average load 0.049476
LDB: TIME 562.339 LOAD: AVG 0.049476 MAX 0.0558746  PROXIES: TOTAL 24 MAXPE 4 MAXPATCH 6 None MEM: 0.478235 MB
LDB: TIME 562.339 LOAD: AVG 0.049476 MAX 0.0558746  PROXIES: TOTAL 31 MAXPE 4 MAXPATCH 9 RefineTorusLB MEM: 0.478235 MB
LDB: TIME 562.339 LOAD: AVG 0.049476 MAX 0.0538654  PROXIES: TOTAL 31 MAXPE 4 MAXPATCH 9 RefineTorusLB MEM: 0.478235 MB
LDB: ============== END OF LOAD BALANCING =============== 562.339
Info: useSync: 0 useProxySync: 0
LDB: =============== DONE WITH MIGRATION ================ 562.34
WRITING COORDINATES TO DCD FILE MDequil.dcd AT STEP 270000
PRESSURE: 270000 577.378 659.418 957.417 651.306 646.536 -567.021 533.449 -357.208 1347.98
GPRESSURE: 270000 565.635 833.699 875.657 639.897 673.182 -561.264 439.406 -630.711 1367.79
PRESSAVG: 270000 -347.055 -44.2271 -87.4075 -60.5755 -350.398 -69.5381 -90.3304 -81.994 -0.742289
GPRESSAVG: 270000 -346.986 -44.0939 -87.148 -60.6139 -350.083 -69.3353 -90.2168 -82.2597 -0.75478
ENERGY:  270000         0.0000         0.0000         0.0000         0.0000          -5654.4610       460.8696         0.0000         0.0000       925.4000          -4268.1914       293.9914     -5193.5914     -4264.7760       301.4847            857.2974       868.8685     22520.8719      -232.7319      -232.6079

LDB: ============= START OF LOAD BALANCING ============== 564.63
LDB: ============== END OF LOAD BALANCING =============== 564.63
Info: useSync: 0 useProxySync: 0
LDB: =============== DONE WITH MIGRATION ================ 564.63
LDB: ============= START OF LOAD BALANCING ============== 564.689
LDB: Largest compute 162 load 0.012824 is 26.0% of average load 0.049286
LDB: Average compute 0.003456 is 7.0% of average load 0.049286
LDB: TIME 564.69 LOAD: AVG 0.0492863 MAX 0.0535235  PROXIES: TOTAL 24 MAXPE 4 MAXPATCH 6 None MEM: 0.478235 MB
LDB: TIME 564.69 LOAD: AVG 0.0492863 MAX 0.0535235  PROXIES: TOTAL 31 MAXPE 4 MAXPATCH 9 RefineTorusLB MEM: 0.478235 MB
LDB: TIME 564.69 LOAD: AVG 0.0492863 MAX 0.0535235  PROXIES: TOTAL 31 MAXPE 4 MAXPATCH 9 RefineTorusLB MEM: 0.478235 MB
LDB: ============== END OF LOAD BALANCING =============== 564.69
Info: useSync: 0 useProxySync: 0
LDB: =============== DONE WITH MIGRATION ================ 564.69
LDB: ============= START OF LOAD BALANCING ============== 567.367
LDB: ============== END OF LOAD BALANCING =============== 567.367
Info: useSync: 0 useProxySync: 0
LDB: =============== DONE WITH MIGRATION ================ 567.367
LDB: ============= START OF LOAD BALANCING ============== 567.433
LDB: Largest compute 52 load 0.014890 is 27.0% of average load 0.055110
LDB: Average compute 0.003860 is 7.0% of average load 0.055110
LDB: TIME 567.433 LOAD: AVG 0.0551097 MAX 0.0590127  PROXIES: TOTAL 24 MAXPE 4 MAXPATCH 6 None MEM: 0.478235 MB
LDB: TIME 567.433 LOAD: AVG 0.0551097 MAX 0.0590127  PROXIES: TOTAL 31 MAXPE 4 MAXPATCH 9 RefineTorusLB MEM: 0.478235 MB
LDB: TIME 567.433 LOAD: AVG 0.0551097 MAX 0.0590127  PROXIES: TOTAL 31 MAXPE 4 MAXPATCH 9 RefineTorusLB MEM: 0.478235 MB
LDB: ============== END OF LOAD BALANCING =============== 567.433
Info: useSync: 0 useProxySync: 0
LDB: =============== DONE WITH MIGRATION ================ 567.434
LDB: ============= START OF LOAD BALANCING ============== 570.075
LDB: ============== END OF LOAD BALANCING =============== 570.075
Info: useSync: 0 useProxySync: 0
LDB: =============== DONE WITH MIGRATION ================ 570.075
LDB: ============= START OF LOAD BALANCING ============== 570.144
LDB: Largest compute 162 load 0.014339 is 25.6% of average load 0.056094
LDB: Average compute 0.003944 is 7.0% of average load 0.056094
LDB: TIME 570.144 LOAD: AVG 0.0560935 MAX 0.0620292  PROXIES: TOTAL 24 MAXPE 4 MAXPATCH 6 None MEM: 0.478235 MB
LDB: TIME 570.144 LOAD: AVG 0.0560935 MAX 0.0620292  PROXIES: TOTAL 31 MAXPE 4 MAXPATCH 9 RefineTorusLB MEM: 0.478235 MB
LDB: TIME 570.144 LOAD: AVG 0.0560935 MAX 0.0609483  PROXIES: TOTAL 31 MAXPE 4 MAXPATCH 9 RefineTorusLB MEM: 0.478235 MB
LDB: ============== END OF LOAD BALANCING =============== 570.144
Info: useSync: 0 useProxySync: 0
LDB: =============== DONE WITH MIGRATION ================ 570.145
PRESSURE: 275000 -169.048 -281.547 343.41 -32.1053 376.883 -117.972 102.241 67.7476 1549.78
GPRESSURE: 275000 -421.543 -182.547 222.547 -143.071 617.526 -267.83 288.825 269.806 1601.46
PRESSAVG: 275000 -331.573 -35.3396 103.745 13.6775 -296.938 -1.83706 -2.05488 -11.6103 -10.6693
GPRESSAVG: 275000 -331.75 -35.3804 103.308 13.5433 -296.878 -1.76254 -1.59472 -11.8423 -10.3945
ENERGY:  275000         0.0000         0.0000         0.0000         0.0000          -5603.5907       448.6978         0.0000         0.0000       973.4630          -4181.4300       309.2606     -5154.8930     -4179.8303       306.7691            585.8719       599.1483     22771.2415      -213.0600      -213.0075

WRITING COORDINATES TO DCD FILE MDequil.dcd AT STEP 275000
LDB: ============= START OF LOAD BALANCING ============== 572.793
LDB: ============== END OF LOAD BALANCING =============== 572.793
Info: useSync: 0 useProxySync: 0
LDB: =============== DONE WITH MIGRATION ================ 572.794
LDB: ============= START OF LOAD BALANCING ============== 572.87
LDB: Largest compute 52 load 0.012491 is 22.5% of average load 0.055549
LDB: Average compute 0.003841 is 6.9% of average load 0.055549
LDB: TIME 572.871 LOAD: AVG 0.0555487 MAX 0.062253  PROXIES: TOTAL 24 MAXPE 4 MAXPATCH 6 None MEM: 0.478235 MB
LDB: TIME 572.871 LOAD: AVG 0.0555487 MAX 0.062253  PROXIES: TOTAL 31 MAXPE 4 MAXPATCH 9 RefineTorusLB MEM: 0.478235 MB
LDB: TIME 572.871 LOAD: AVG 0.0555487 MAX 0.0585925  PROXIES: TOTAL 32 MAXPE 4 MAXPATCH 9 RefineTorusLB MEM: 0.478235 MB
LDB: ============== END OF LOAD BALANCING =============== 572.871
Info: useSync: 0 useProxySync: 0
LDB: =============== DONE WITH MIGRATION ================ 572.871
LDB: ============= START OF LOAD BALANCING ============== 575.485
LDB: ============== END OF LOAD BALANCING =============== 575.486
Info: useSync: 0 useProxySync: 0
LDB: =============== DONE WITH MIGRATION ================ 575.486
LDB: ============= START OF LOAD BALANCING ============== 575.554
LDB: Largest compute 162 load 0.013248 is 23.4% of average load 0.056624
LDB: Average compute 0.003975 is 7.0% of average load 0.056624
LDB: TIME 575.554 LOAD: AVG 0.0566243 MAX 0.0599668  PROXIES: TOTAL 24 MAXPE 4 MAXPATCH 6 None MEM: 0.478235 MB
LDB: TIME 575.554 LOAD: AVG 0.0566243 MAX 0.0599668  PROXIES: TOTAL 32 MAXPE 4 MAXPATCH 9 RefineTorusLB MEM: 0.478235 MB
LDB: TIME 575.554 LOAD: AVG 0.0566243 MAX 0.0599668  PROXIES: TOTAL 32 MAXPE 4 MAXPATCH 9 RefineTorusLB MEM: 0.478235 MB
LDB: ============== END OF LOAD BALANCING =============== 575.554
Info: useSync: 0 useProxySync: 0
LDB: =============== DONE WITH MIGRATION ================ 575.555
PRESSURE: 280000 477.439 483.065 240.948 785.076 -95.4273 -553.737 250.668 -147.403 200.358
GPRESSURE: 280000 585.41 374.712 235.033 883.465 -19.3358 -958.882 151.545 277.499 45.0369
PRESSAVG: 280000 -350.378 37.5822 45.9523 11.3086 -322.909 80.7168 98.1575 66.972 4.07118
GPRESSAVG: 280000 -350.411 37.7168 46.0055 11.6851 -323.012 81.1202 98.1105 67.3662 3.73234
ENERGY:  280000         0.0000         0.0000         0.0000         0.0000          -5662.1240       424.8386         0.0000         0.0000       927.4628          -4309.8226       294.6468     -5237.2855     -4309.0632       298.5003            194.1234       203.7038     22642.6785      -223.0720      -223.2303

WRITING COORDINATES TO DCD FILE MDequil.dcd AT STEP 280000
LDB: ============= START OF LOAD BALANCING ============== 578.232
LDB: ============== END OF LOAD BALANCING =============== 578.232
Info: useSync: 0 useProxySync: 0
LDB: =============== DONE WITH MIGRATION ================ 578.232
LDB: ============= START OF LOAD BALANCING ============== 578.3
LDB: Largest compute 52 load 0.014445 is 25.8% of average load 0.055961
LDB: Average compute 0.003927 is 7.0% of average load 0.055961
LDB: TIME 578.3 LOAD: AVG 0.0559611 MAX 0.0597946  PROXIES: TOTAL 24 MAXPE 4 MAXPATCH 6 None MEM: 0.478235 MB
LDB: TIME 578.3 LOAD: AVG 0.0559611 MAX 0.0597946  PROXIES: TOTAL 32 MAXPE 4 MAXPATCH 9 RefineTorusLB MEM: 0.478235 MB
LDB: TIME 578.3 LOAD: AVG 0.0559611 MAX 0.0597946  PROXIES: TOTAL 32 MAXPE 4 MAXPATCH 9 RefineTorusLB MEM: 0.478235 MB
LDB: ============== END OF LOAD BALANCING =============== 578.3
Info: useSync: 0 useProxySync: 0
LDB: =============== DONE WITH MIGRATION ================ 578.301
LDB: ============= START OF LOAD BALANCING ============== 580.934
LDB: ============== END OF LOAD BALANCING =============== 580.934
Info: useSync: 0 useProxySync: 0
LDB: =============== DONE WITH MIGRATION ================ 580.934
LDB: ============= START OF LOAD BALANCING ============== 581.002
LDB: Largest compute 52 load 0.013585 is 23.9% of average load 0.056742
LDB: Average compute 0.003988 is 7.0% of average load 0.056742
LDB: TIME 581.002 LOAD: AVG 0.0567415 MAX 0.0607827  PROXIES: TOTAL 24 MAXPE 4 MAXPATCH 6 None MEM: 0.478235 MB
LDB: TIME 581.002 LOAD: AVG 0.0567415 MAX 0.0607827  PROXIES: TOTAL 32 MAXPE 4 MAXPATCH 9 RefineTorusLB MEM: 0.478235 MB
LDB: TIME 581.002 LOAD: AVG 0.0567415 MAX 0.0607827  PROXIES: TOTAL 32 MAXPE 4 MAXPATCH 9 RefineTorusLB MEM: 0.478235 MB
LDB: ============== END OF LOAD BALANCING =============== 581.002
Info: useSync: 0 useProxySync: 0
LDB: =============== DONE WITH MIGRATION ================ 581.002
LDB: ============= START OF LOAD BALANCING ============== 583.616
LDB: ============== END OF LOAD BALANCING =============== 583.616
Info: useSync: 0 useProxySync: 0
LDB: =============== DONE WITH MIGRATION ================ 583.617
LDB: ============= START OF LOAD BALANCING ============== 583.684
LDB: Largest compute 162 load 0.014797 is 26.6% of average load 0.055617
LDB: Average compute 0.003897 is 7.0% of average load 0.055617
LDB: TIME 583.684 LOAD: AVG 0.055617 MAX 0.0607529  PROXIES: TOTAL 24 MAXPE 4 MAXPATCH 6 None MEM: 0.478235 MB
LDB: TIME 583.684 LOAD: AVG 0.055617 MAX 0.0607529  PROXIES: TOTAL 32 MAXPE 4 MAXPATCH 9 RefineTorusLB MEM: 0.478235 MB
LDB: TIME 583.684 LOAD: AVG 0.055617 MAX 0.0595305  PROXIES: TOTAL 32 MAXPE 4 MAXPATCH 9 RefineTorusLB MEM: 0.478235 MB
LDB: ============== END OF LOAD BALANCING =============== 583.684
Info: useSync: 0 useProxySync: 0
LDB: =============== DONE WITH MIGRATION ================ 583.685
WRITING COORDINATES TO DCD FILE MDequil.dcd AT STEP 285000
PRESSURE: 285000 -392.716 448.488 -682.976 574.024 -842.747 164.497 -451.477 214.346 -752.201
GPRESSURE: 285000 -373.428 347.891 -698.752 536.771 -914.245 -96.5573 -429.672 473.67 -640.53
PRESSAVG: 285000 -329.226 -36.1581 -39.5879 -24.421 -340.098 -24.7962 -74.8671 -49.4766 1.88034
GPRESSAVG: 285000 -329.338 -36.2412 -39.258 -24.5381 -340.425 -24.6844 -75.1945 -49.2788 2.47773
ENERGY:  285000         0.0000         0.0000         0.0000         0.0000          -5556.2167       371.8077         0.0000         0.0000       926.1330          -4258.2760       294.2243     -5184.4090     -4256.5033       297.0997           -662.5547      -642.7342     22951.5753      -222.4814      -222.4285

LDB: ============= START OF LOAD BALANCING ============== 586.386
LDB: ============== END OF LOAD BALANCING =============== 586.386
Info: useSync: 0 useProxySync: 0
LDB: =============== DONE WITH MIGRATION ================ 586.387
LDB: ============= START OF LOAD BALANCING ============== 586.452
LDB: Largest compute 52 load 0.013610 is 24.5% of average load 0.055468
LDB: Average compute 0.003884 is 7.0% of average load 0.055468
LDB: TIME 586.452 LOAD: AVG 0.055468 MAX 0.060307  PROXIES: TOTAL 24 MAXPE 4 MAXPATCH 6 None MEM: 0.478235 MB
LDB: TIME 586.452 LOAD: AVG 0.055468 MAX 0.060307  PROXIES: TOTAL 32 MAXPE 4 MAXPATCH 9 RefineTorusLB MEM: 0.478235 MB
LDB: TIME 586.452 LOAD: AVG 0.055468 MAX 0.060307  PROXIES: TOTAL 32 MAXPE 4 MAXPATCH 9 RefineTorusLB MEM: 0.478235 MB
LDB: ============== END OF LOAD BALANCING =============== 586.453
Info: useSync: 0 useProxySync: 0
LDB: =============== DONE WITH MIGRATION ================ 586.453
LDB: ============= START OF LOAD BALANCING ============== 589.074
LDB: ============== END OF LOAD BALANCING =============== 589.074
Info: useSync: 0 useProxySync: 0
LDB: =============== DONE WITH MIGRATION ================ 589.074
LDB: ============= START OF LOAD BALANCING ============== 589.142
LDB: Largest compute 52 load 0.014178 is 24.9% of average load 0.056998
LDB: Average compute 0.003994 is 7.0% of average load 0.056998
LDB: TIME 589.142 LOAD: AVG 0.0569985 MAX 0.0609669  PROXIES: TOTAL 24 MAXPE 4 MAXPATCH 6 None MEM: 0.478235 MB
LDB: TIME 589.142 LOAD: AVG 0.0569985 MAX 0.0609669  PROXIES: TOTAL 32 MAXPE 4 MAXPATCH 9 RefineTorusLB MEM: 0.478235 MB
LDB: TIME 589.142 LOAD: AVG 0.0569985 MAX 0.0609669  PROXIES: TOTAL 32 MAXPE 4 MAXPATCH 9 RefineTorusLB MEM: 0.478235 MB
LDB: ============== END OF LOAD BALANCING =============== 589.142
Info: useSync: 0 useProxySync: 0
LDB: =============== DONE WITH MIGRATION ================ 589.142
PRESSURE: 290000 -668.42 -764.326 469.836 -641.444 -753.287 -628.725 148.143 -461.375 -648.743
GPRESSURE: 290000 -708.852 -730.691 327.736 -671.499 -527.187 -585.354 51.9283 -457.592 -807.026
PRESSAVG: 290000 -294.706 -67.0936 -18.4077 -77.102 -352.379 -28.7102 -22.0775 -15.1524 -3.4572
GPRESSAVG: 290000 -294.794 -67.1708 -18.4107 -77.0511 -351.992 -28.9642 -21.9242 -14.9872 -3.65551
ENERGY:  290000         0.0000         0.0000         0.0000         0.0000          -5586.3519       350.5860         0.0000         0.0000       948.6869          -4287.0790       301.3895     -5235.7659     -4284.2881       302.1301           -690.1500      -681.0217     22637.8281      -216.8476      -216.8140

WRITING COORDINATES TO DCD FILE MDequil.dcd AT STEP 290000
LDB: ============= START OF LOAD BALANCING ============== 591.765
LDB: ============== END OF LOAD BALANCING =============== 591.765
Info: useSync: 0 useProxySync: 0
LDB: =============== DONE WITH MIGRATION ================ 591.765
LDB: ============= START OF LOAD BALANCING ============== 591.833
LDB: Largest compute 162 load 0.013398 is 23.5% of average load 0.056970
LDB: Average compute 0.004019 is 7.1% of average load 0.056970
LDB: TIME 591.834 LOAD: AVG 0.0569696 MAX 0.0606836  PROXIES: TOTAL 24 MAXPE 4 MAXPATCH 6 None MEM: 0.478235 MB
LDB: TIME 591.834 LOAD: AVG 0.0569696 MAX 0.0606836  PROXIES: TOTAL 32 MAXPE 4 MAXPATCH 9 RefineTorusLB MEM: 0.478235 MB
LDB: TIME 591.834 LOAD: AVG 0.0569696 MAX 0.0606836  PROXIES: TOTAL 32 MAXPE 4 MAXPATCH 9 RefineTorusLB MEM: 0.478235 MB
LDB: ============== END OF LOAD BALANCING =============== 591.834
Info: useSync: 0 useProxySync: 0
LDB: =============== DONE WITH MIGRATION ================ 591.834
LDB: ============= START OF LOAD BALANCING ============== 594.517
LDB: ============== END OF LOAD BALANCING =============== 594.517
Info: useSync: 0 useProxySync: 0
LDB: =============== DONE WITH MIGRATION ================ 594.542
LDB: ============= START OF LOAD BALANCING ============== 594.605
LDB: Largest compute 162 load 0.013344 is 25.4% of average load 0.052623
LDB: Average compute 0.003683 is 7.0% of average load 0.052623
LDB: TIME 594.605 LOAD: AVG 0.0526234 MAX 0.0555548  PROXIES: TOTAL 24 MAXPE 4 MAXPATCH 6 None MEM: 0.478235 MB
LDB: TIME 594.605 LOAD: AVG 0.0526234 MAX 0.0555548  PROXIES: TOTAL 32 MAXPE 4 MAXPATCH 9 RefineTorusLB MEM: 0.478235 MB
LDB: TIME 594.605 LOAD: AVG 0.0526234 MAX 0.0555548  PROXIES: TOTAL 32 MAXPE 4 MAXPATCH 9 RefineTorusLB MEM: 0.478235 MB
LDB: ============== END OF LOAD BALANCING =============== 594.605
Info: useSync: 0 useProxySync: 0
LDB: =============== DONE WITH MIGRATION ================ 594.605
LDB: ============= START OF LOAD BALANCING ============== 597.203
LDB: ============== END OF LOAD BALANCING =============== 597.203
Info: useSync: 0 useProxySync: 0
LDB: =============== DONE WITH MIGRATION ================ 597.203
LDB: ============= START OF LOAD BALANCING ============== 597.269
LDB: Largest compute 52 load 0.014312 is 25.6% of average load 0.055899
LDB: Average compute 0.003925 is 7.0% of average load 0.055899
LDB: TIME 597.269 LOAD: AVG 0.0558986 MAX 0.0607681  PROXIES: TOTAL 24 MAXPE 4 MAXPATCH 6 None MEM: 0.478235 MB
LDB: TIME 597.27 LOAD: AVG 0.0558986 MAX 0.0607681  PROXIES: TOTAL 32 MAXPE 4 MAXPATCH 9 RefineTorusLB MEM: 0.478235 MB
LDB: TIME 597.27 LOAD: AVG 0.0558986 MAX 0.0607681  PROXIES: TOTAL 32 MAXPE 4 MAXPATCH 9 RefineTorusLB MEM: 0.478235 MB
LDB: ============== END OF LOAD BALANCING =============== 597.27
Info: useSync: 0 useProxySync: 0
LDB: =============== DONE WITH MIGRATION ================ 597.27
WRITING COORDINATES TO DCD FILE MDequil.dcd AT STEP 295000
PRESSURE: 295000 -569.165 -822.195 472.809 -698.652 -650.491 240.723 442.905 265.4 35.248
GPRESSURE: 295000 -567.654 -744.775 590.951 -908.969 -766.809 127.776 382.787 271.46 231.158
PRESSAVG: 295000 -323.608 -7.83051 -2.95832 -2.19721 -319.111 -49.1044 -64.2663 -39.339 -10.2493
GPRESSAVG: 295000 -323.638 -8.09294 -3.23252 -1.90141 -319.22 -49.2511 -64.1547 -39.8326 -10.0327
ENERGY:  295000         0.0000         0.0000         0.0000         0.0000          -5669.1902       401.6755         0.0000         0.0000       891.5132          -4376.0015       283.2259     -5267.5147     -4374.1828       298.3303           -394.8027      -367.7682     22599.6630      -217.6561      -217.6302

LDB: ============= START OF LOAD BALANCING ============== 599.859
LDB: ============== END OF LOAD BALANCING =============== 599.87
Info: useSync: 0 useProxySync: 0
LDB: =============== DONE WITH MIGRATION ================ 599.871
LDB: ============= START OF LOAD BALANCING ============== 599.935
LDB: Largest compute 162 load 0.012762 is 23.5% of average load 0.054409
LDB: Average compute 0.003815 is 7.0% of average load 0.054409
LDB: TIME 599.935 LOAD: AVG 0.0544086 MAX 0.0591038  PROXIES: TOTAL 24 MAXPE 4 MAXPATCH 6 None MEM: 0.478235 MB
LDB: TIME 599.935 LOAD: AVG 0.0544086 MAX 0.0591038  PROXIES: TOTAL 32 MAXPE 4 MAXPATCH 9 RefineTorusLB MEM: 0.478235 MB
LDB: TIME 599.935 LOAD: AVG 0.0544086 MAX 0.0591038  PROXIES: TOTAL 32 MAXPE 4 MAXPATCH 9 RefineTorusLB MEM: 0.478235 MB
LDB: ============== END OF LOAD BALANCING =============== 599.935
Info: useSync: 0 useProxySync: 0
LDB: =============== DONE WITH MIGRATION ================ 599.936
LDB: ============= START OF LOAD BALANCING ============== 602.541
LDB: ============== END OF LOAD BALANCING =============== 602.542
Info: useSync: 0 useProxySync: 0
LDB: =============== DONE WITH MIGRATION ================ 602.542
LDB: ============= START OF LOAD BALANCING ============== 602.608
LDB: Largest compute 162 load 0.015025 is 26.8% of average load 0.056084
LDB: Average compute 0.003937 is 7.0% of average load 0.056084
LDB: TIME 602.608 LOAD: AVG 0.0560842 MAX 0.0611113  PROXIES: TOTAL 24 MAXPE 4 MAXPATCH 6 None MEM: 0.478235 MB
LDB: TIME 602.608 LOAD: AVG 0.0560842 MAX 0.0611113  PROXIES: TOTAL 32 MAXPE 4 MAXPATCH 9 RefineTorusLB MEM: 0.478235 MB
LDB: TIME 602.608 LOAD: AVG 0.0560842 MAX 0.0611113  PROXIES: TOTAL 32 MAXPE 4 MAXPATCH 9 RefineTorusLB MEM: 0.478235 MB
LDB: ============== END OF LOAD BALANCING =============== 602.608
Info: useSync: 0 useProxySync: 0
LDB: =============== DONE WITH MIGRATION ================ 602.608
WRITING COORDINATES TO DCD FILE MDequil.dcd AT STEP 300000
WRITING COORDINATES TO RESTART FILE AT STEP 300000
FINISHED WRITING RESTART COORDINATES
WRITING VELOCITIES TO RESTART FILE AT STEP 300000
FINISHED WRITING RESTART VELOCITIES
PRESSURE: 300000 581.799 622.203 -334.328 842.957 352.336 600.026 171.87 428.433 556.726
GPRESSURE: 300000 455.43 433.88 -577.763 896.555 489.832 282.702 171.786 584.966 647.064
PRESSAVG: 300000 -271.639 -9.38605 -58.2694 -8.52706 -482.102 -37.3493 -125.676 -98.0669 -8.97165
GPRESSAVG: 300000 -271.391 -8.83303 -58.0343 -8.57743 -482.362 -37.9011 -126.255 -97.9792 -9.08443
TIMING: 300000  CPU: 569.723, 0.00204545/step  Wall: 592.135, 0.0021314/step, 0.118411 hours remaining, 0.478235 MB of memory in use.
PERFORMANCE: 300000  averaging 87.5513 ns/day, 0.0019737 sec/step with standard deviation 0.000540612
ETITLE:      TS           BOND          ANGLE          DIHED          IMPRP               ELECT            VDW       BOUNDARY           MISC        KINETIC               TOTAL           TEMP      POTENTIAL         TOTAL3        TEMPAVG            PRESSURE      GPRESSURE         VOLUME       PRESSAVG      GPRESSAVG

ENERGY:  300000         0.0000         0.0000         0.0000         0.0000          -5628.7535       443.4856         0.0000         0.0000       908.1181          -4277.1497       288.5012     -5185.2678     -4275.0485       297.7710            496.9536       530.7750     22743.6645      -254.2376      -254.2791

WRITING EXTENDED SYSTEM TO RESTART FILE AT STEP 300000
LDB: ============= START OF LOAD BALANCING ============== 605.18
LDB: ============== END OF LOAD BALANCING =============== 605.18
Info: useSync: 0 useProxySync: 0
LDB: =============== DONE WITH MIGRATION ================ 605.18
LDB: ============= START OF LOAD BALANCING ============== 605.244
LDB: Largest compute 52 load 0.013786 is 25.0% of average load 0.055191
LDB: Average compute 0.003869 is 7.0% of average load 0.055191
LDB: TIME 605.244 LOAD: AVG 0.0551906 MAX 0.0595425  PROXIES: TOTAL 24 MAXPE 4 MAXPATCH 6 None MEM: 0.478235 MB
LDB: TIME 605.245 LOAD: AVG 0.0551906 MAX 0.0595425  PROXIES: TOTAL 32 MAXPE 4 MAXPATCH 9 RefineTorusLB MEM: 0.478235 MB
LDB: TIME 605.245 LOAD: AVG 0.0551906 MAX 0.0595425  PROXIES: TOTAL 32 MAXPE 4 MAXPATCH 9 RefineTorusLB MEM: 0.478235 MB
LDB: ============== END OF LOAD BALANCING =============== 605.245
Info: useSync: 0 useProxySync: 0
LDB: =============== DONE WITH MIGRATION ================ 605.245
LDB: ============= START OF LOAD BALANCING ============== 607.818
LDB: ============== END OF LOAD BALANCING =============== 607.818
Info: useSync: 0 useProxySync: 0
LDB: =============== DONE WITH MIGRATION ================ 607.818
LDB: ============= START OF LOAD BALANCING ============== 607.884
LDB: Largest compute 52 load 0.013196 is 23.4% of average load 0.056347
LDB: Average compute 0.003966 is 7.0% of average load 0.056347
LDB: TIME 607.885 LOAD: AVG 0.0563468 MAX 0.0618472  PROXIES: TOTAL 24 MAXPE 4 MAXPATCH 6 None MEM: 0.478235 MB
LDB: TIME 607.885 LOAD: AVG 0.0563468 MAX 0.0618472  PROXIES: TOTAL 32 MAXPE 4 MAXPATCH 9 RefineTorusLB MEM: 0.478235 MB
LDB: TIME 607.885 LOAD: AVG 0.0563468 MAX 0.0612966  PROXIES: TOTAL 32 MAXPE 4 MAXPATCH 9 RefineTorusLB MEM: 0.478235 MB
LDB: ============== END OF LOAD BALANCING =============== 607.885
Info: useSync: 0 useProxySync: 0
LDB: =============== DONE WITH MIGRATION ================ 607.885
LDB: ============= START OF LOAD BALANCING ============== 610.471
LDB: ============== END OF LOAD BALANCING =============== 610.471
Info: useSync: 0 useProxySync: 0
LDB: =============== DONE WITH MIGRATION ================ 610.471
LDB: ============= START OF LOAD BALANCING ============== 610.537
LDB: Largest compute 52 load 0.014022 is 25.0% of average load 0.056052
LDB: Average compute 0.003940 is 7.0% of average load 0.056052
LDB: TIME 610.537 LOAD: AVG 0.0560517 MAX 0.0606445  PROXIES: TOTAL 24 MAXPE 4 MAXPATCH 6 None MEM: 0.478235 MB
LDB: TIME 610.537 LOAD: AVG 0.0560517 MAX 0.0606445  PROXIES: TOTAL 32 MAXPE 4 MAXPATCH 9 RefineTorusLB MEM: 0.478235 MB
LDB: TIME 610.537 LOAD: AVG 0.0560517 MAX 0.0606445  PROXIES: TOTAL 32 MAXPE 4 MAXPATCH 9 RefineTorusLB MEM: 0.478235 MB
LDB: ============== END OF LOAD BALANCING =============== 610.537
Info: useSync: 0 useProxySync: 0
LDB: =============== DONE WITH MIGRATION ================ 610.538
PRESSURE: 305000 -521.562 -248.86 237.8 -178.265 249.846 -270.022 -265.371 -371.874 23.8125
GPRESSURE: 305000 -474.034 -182.422 168.986 -51.8193 187.561 -252.152 -240.905 -257.096 84.2359
PRESSAVG: 305000 -323.74 23.8152 -14.1258 41.9981 -355.314 -54.2043 -19.4387 -48.3657 26.5576
GPRESSAVG: 305000 -323.369 23.323 -14.1211 42.1246 -355.276 -54.0376 -19.1924 -48.0155 26.4567
ENERGY:  305000         0.0000         0.0000         0.0000         0.0000          -5645.1296       405.9696         0.0000         0.0000       916.0133          -4323.1467       291.0094     -5239.1600     -4320.5371       296.0512            -82.6344       -67.4123     22556.0238      -217.4987      -217.3962

WRITING COORDINATES TO DCD FILE MDequil.dcd AT STEP 305000
LDB: ============= START OF LOAD BALANCING ============== 613.113
LDB: ============== END OF LOAD BALANCING =============== 613.113
Info: useSync: 0 useProxySync: 0
LDB: =============== DONE WITH MIGRATION ================ 613.113
LDB: ============= START OF LOAD BALANCING ============== 613.179
LDB: Largest compute 52 load 0.013564 is 24.4% of average load 0.055669
LDB: Average compute 0.003911 is 7.0% of average load 0.055669
LDB: TIME 613.179 LOAD: AVG 0.0556691 MAX 0.0609775  PROXIES: TOTAL 24 MAXPE 4 MAXPATCH 6 None MEM: 0.478235 MB
LDB: TIME 613.179 LOAD: AVG 0.0556691 MAX 0.0609775  PROXIES: TOTAL 32 MAXPE 4 MAXPATCH 9 RefineTorusLB MEM: 0.478235 MB
LDB: TIME 613.179 LOAD: AVG 0.0556691 MAX 0.0589599  PROXIES: TOTAL 31 MAXPE 4 MAXPATCH 9 RefineTorusLB MEM: 0.478235 MB
LDB: ============== END OF LOAD BALANCING =============== 613.179
Info: useSync: 0 useProxySync: 0
LDB: =============== DONE WITH MIGRATION ================ 613.179
LDB: ============= START OF LOAD BALANCING ============== 615.78
LDB: ============== END OF LOAD BALANCING =============== 615.78
Info: useSync: 0 useProxySync: 0
LDB: =============== DONE WITH MIGRATION ================ 615.783
LDB: ============= START OF LOAD BALANCING ============== 615.849
LDB: Largest compute 52 load 0.015337 is 27.1% of average load 0.056672
LDB: Average compute 0.003998 is 7.1% of average load 0.056672
LDB: TIME 615.849 LOAD: AVG 0.0566722 MAX 0.0604957  PROXIES: TOTAL 24 MAXPE 4 MAXPATCH 6 None MEM: 0.478235 MB
LDB: TIME 615.85 LOAD: AVG 0.0566722 MAX 0.0604957  PROXIES: TOTAL 31 MAXPE 4 MAXPATCH 9 RefineTorusLB MEM: 0.478235 MB
LDB: TIME 615.85 LOAD: AVG 0.0566722 MAX 0.0604957  PROXIES: TOTAL 31 MAXPE 4 MAXPATCH 9 RefineTorusLB MEM: 0.478235 MB
LDB: ============== END OF LOAD BALANCING =============== 615.85
Info: useSync: 0 useProxySync: 0
LDB: =============== DONE WITH MIGRATION ================ 615.85
WRITING COORDINATES TO DCD FILE MDequil.dcd AT STEP 310000
PRESSURE: 310000 -484.617 217.25 231.564 536.817 -642.83 -419.278 602.098 -419.457 -1088.96
GPRESSURE: 310000 -537.094 354.919 205.06 670.856 -658.939 -575.374 763.346 -153.249 -976.929
PRESSAVG: 310000 -311.666 38.9794 -23.1957 41.1861 -322.247 14.9629 -5.0784 36.1463 -6.51873
GPRESSAVG: 310000 -311.078 39.2741 -23.3052 40.7092 -322.719 15.0054 -4.83893 36.1801 -6.53864
ENERGY:  310000         0.0000         0.0000         0.0000         0.0000          -5631.6387       370.9761         0.0000         0.0000       982.4396          -4278.2230       312.1124     -5260.6625     -4275.7061       296.1089           -738.8033      -724.3205     22517.1644      -213.4773      -213.4452

LDB: ============= START OF LOAD BALANCING ============== 618.494
LDB: ============== END OF LOAD BALANCING =============== 618.494
Info: useSync: 0 useProxySync: 0
LDB: =============== DONE WITH MIGRATION ================ 618.494
LDB: ============= START OF LOAD BALANCING ============== 618.56
LDB: Largest compute 162 load 0.012916 is 22.9% of average load 0.056300
LDB: Average compute 0.003968 is 7.0% of average load 0.056300
LDB: TIME 618.56 LOAD: AVG 0.0563 MAX 0.0606539  PROXIES: TOTAL 24 MAXPE 4 MAXPATCH 6 None MEM: 0.478235 MB
LDB: TIME 618.561 LOAD: AVG 0.0563 MAX 0.0606539  PROXIES: TOTAL 31 MAXPE 4 MAXPATCH 9 RefineTorusLB MEM: 0.478235 MB
LDB: TIME 618.561 LOAD: AVG 0.0563 MAX 0.0606539  PROXIES: TOTAL 31 MAXPE 4 MAXPATCH 9 RefineTorusLB MEM: 0.478235 MB
LDB: ============== END OF LOAD BALANCING =============== 618.561
Info: useSync: 0 useProxySync: 0
LDB: =============== DONE WITH MIGRATION ================ 618.561
LDB: ============= START OF LOAD BALANCING ============== 621.146
LDB: ============== END OF LOAD BALANCING =============== 621.147
Info: useSync: 0 useProxySync: 0
LDB: =============== DONE WITH MIGRATION ================ 621.158
LDB: ============= START OF LOAD BALANCING ============== 621.222
LDB: Largest compute 52 load 0.013274 is 24.1% of average load 0.054972
LDB: Average compute 0.003875 is 7.0% of average load 0.054972
LDB: TIME 621.223 LOAD: AVG 0.0549718 MAX 0.0592465  PROXIES: TOTAL 24 MAXPE 4 MAXPATCH 6 None MEM: 0.478235 MB
LDB: TIME 621.223 LOAD: AVG 0.0549718 MAX 0.0592465  PROXIES: TOTAL 31 MAXPE 4 MAXPATCH 9 RefineTorusLB MEM: 0.478235 MB
LDB: TIME 621.223 LOAD: AVG 0.0549718 MAX 0.0592465  PROXIES: TOTAL 31 MAXPE 4 MAXPATCH 9 RefineTorusLB MEM: 0.478235 MB
LDB: ============== END OF LOAD BALANCING =============== 621.223
Info: useSync: 0 useProxySync: 0
LDB: =============== DONE WITH MIGRATION ================ 621.223
LDB: ============= START OF LOAD BALANCING ============== 623.799
LDB: ============== END OF LOAD BALANCING =============== 623.799
Info: useSync: 0 useProxySync: 0
LDB: =============== DONE WITH MIGRATION ================ 623.799
LDB: ============= START OF LOAD BALANCING ============== 623.863
LDB: Largest compute 52 load 0.013088 is 24.0% of average load 0.054490
LDB: Average compute 0.003816 is 7.0% of average load 0.054490
LDB: TIME 623.864 LOAD: AVG 0.0544899 MAX 0.0585498  PROXIES: TOTAL 24 MAXPE 4 MAXPATCH 6 None MEM: 0.478235 MB
LDB: TIME 623.864 LOAD: AVG 0.0544899 MAX 0.0585498  PROXIES: TOTAL 31 MAXPE 4 MAXPATCH 9 RefineTorusLB MEM: 0.478235 MB
LDB: TIME 623.864 LOAD: AVG 0.0544899 MAX 0.0585498  PROXIES: TOTAL 31 MAXPE 4 MAXPATCH 9 RefineTorusLB MEM: 0.478235 MB
LDB: ============== END OF LOAD BALANCING =============== 623.864
Info: useSync: 0 useProxySync: 0
LDB: =============== DONE WITH MIGRATION ================ 623.864
WRITING COORDINATES TO DCD FILE MDequil.dcd AT STEP 315000
PRESSURE: 315000 -183.427 -463.996 -9.10245 -408.87 -541.748 483.479 391.607 562.341 -63.7567
GPRESSURE: 315000 -192.146 -535.805 -81.7101 -390.035 -427.377 394.032 560.442 678.777 -86.4957
PRESSAVG: 315000 -341.013 -23.1303 -0.314891 25.2744 -298.658 87.1734 31.4615 53.0646 22.4413
GPRESSAVG: 315000 -341.097 -22.596 0.022837 25.1696 -298.386 86.4681 31.4985 53.355 22.1953
ENERGY:  315000         0.0000         0.0000         0.0000         0.0000          -5556.1699       375.5178         0.0000         0.0000       920.9026          -4259.7496       292.5627     -5180.6522     -4257.5079       296.9357           -262.9774      -235.3397     22520.4662      -205.7433      -205.7624

LDB: ============= START OF LOAD BALANCING ============== 626.458
LDB: ============== END OF LOAD BALANCING =============== 626.458
Info: useSync: 0 useProxySync: 0
LDB: =============== DONE WITH MIGRATION ================ 626.458
LDB: ============= START OF LOAD BALANCING ============== 626.526
LDB: Largest compute 162 load 0.014163 is 25.1% of average load 0.056386
LDB: Average compute 0.003970 is 7.0% of average load 0.056386
LDB: TIME 626.526 LOAD: AVG 0.056386 MAX 0.0629055  PROXIES: TOTAL 24 MAXPE 4 MAXPATCH 6 None MEM: 0.478235 MB
LDB: TIME 626.526 LOAD: AVG 0.056386 MAX 0.0629055  PROXIES: TOTAL 31 MAXPE 4 MAXPATCH 9 RefineTorusLB MEM: 0.478235 MB
LDB: TIME 626.526 LOAD: AVG 0.056386 MAX 0.0608324  PROXIES: TOTAL 31 MAXPE 4 MAXPATCH 9 RefineTorusLB MEM: 0.478235 MB
LDB: ============== END OF LOAD BALANCING =============== 626.526
Info: useSync: 0 useProxySync: 0
LDB: =============== DONE WITH MIGRATION ================ 626.526
LDB: ============= START OF LOAD BALANCING ============== 629.108
LDB: ============== END OF LOAD BALANCING =============== 629.108
Info: useSync: 0 useProxySync: 0
LDB: =============== DONE WITH MIGRATION ================ 629.108
LDB: ============= START OF LOAD BALANCING ============== 629.173
LDB: Largest compute 162 load 0.012905 is 23.2% of average load 0.055603
LDB: Average compute 0.003908 is 7.0% of average load 0.055603
LDB: TIME 629.173 LOAD: AVG 0.0556035 MAX 0.0591996  PROXIES: TOTAL 24 MAXPE 4 MAXPATCH 6 None MEM: 0.478235 MB
LDB: TIME 629.173 LOAD: AVG 0.0556035 MAX 0.0591996  PROXIES: TOTAL 31 MAXPE 4 MAXPATCH 9 RefineTorusLB MEM: 0.478235 MB
LDB: TIME 629.173 LOAD: AVG 0.0556035 MAX 0.0591996  PROXIES: TOTAL 31 MAXPE 4 MAXPATCH 9 RefineTorusLB MEM: 0.478235 MB
LDB: ============== END OF LOAD BALANCING =============== 629.174
Info: useSync: 0 useProxySync: 0
LDB: =============== DONE WITH MIGRATION ================ 629.174
WRITING COORDINATES TO DCD FILE MDequil.dcd AT STEP 320000
PRESSURE: 320000 -750.685 -282.499 513.002 -32.659 -215.286 844.489 112.949 535.503 64.1702
GPRESSURE: 320000 -737.518 -473.278 573.03 -7.07465 -110.327 1261.3 271.096 475.881 -8.81646
PRESSAVG: 320000 -376.337 49.2675 -62.948 59.3885 -351.139 -14.0343 -57.805 18.7146 5.01112
GPRESSAVG: 320000 -376.33 48.8787 -63.2902 59.4221 -351.314 -13.9175 -57.7472 18.4092 5.21437
ENERGY:  320000         0.0000         0.0000         0.0000         0.0000          -5500.6708       356.6228         0.0000         0.0000       974.3464          -4169.7016       309.5413     -5144.0480     -4166.7239       301.3402           -300.6002      -285.5537     22756.9557      -240.8216      -240.8101

LDB: ============= START OF LOAD BALANCING ============== 631.717
LDB: ============== END OF LOAD BALANCING =============== 631.72
Info: useSync: 0 useProxySync: 0
LDB: =============== DONE WITH MIGRATION ================ 631.72
LDB: ============= START OF LOAD BALANCING ============== 631.786
LDB: Largest compute 162 load 0.014593 is 26.1% of average load 0.055952
LDB: Average compute 0.003938 is 7.0% of average load 0.055952
LDB: TIME 631.786 LOAD: AVG 0.0559521 MAX 0.0600365  PROXIES: TOTAL 24 MAXPE 4 MAXPATCH 6 None MEM: 0.478235 MB
LDB: TIME 631.786 LOAD: AVG 0.0559521 MAX 0.0600365  PROXIES: TOTAL 31 MAXPE 4 MAXPATCH 9 RefineTorusLB MEM: 0.478235 MB
LDB: TIME 631.786 LOAD: AVG 0.0559521 MAX 0.0600365  PROXIES: TOTAL 31 MAXPE 4 MAXPATCH 9 RefineTorusLB MEM: 0.478235 MB
LDB: ============== END OF LOAD BALANCING =============== 631.787
Info: useSync: 0 useProxySync: 0
LDB: =============== DONE WITH MIGRATION ================ 631.787
LDB: ============= START OF LOAD BALANCING ============== 634.348
LDB: ============== END OF LOAD BALANCING =============== 634.348
Info: useSync: 0 useProxySync: 0
LDB: =============== DONE WITH MIGRATION ================ 634.348
LDB: ============= START OF LOAD BALANCING ============== 634.413
LDB: Largest compute 162 load 0.014084 is 25.3% of average load 0.055721
LDB: Average compute 0.003912 is 7.0% of average load 0.055721
LDB: TIME 634.413 LOAD: AVG 0.0557207 MAX 0.0606417  PROXIES: TOTAL 24 MAXPE 4 MAXPATCH 6 None MEM: 0.478235 MB
LDB: TIME 634.414 LOAD: AVG 0.0557207 MAX 0.0606417  PROXIES: TOTAL 31 MAXPE 4 MAXPATCH 9 RefineTorusLB MEM: 0.478235 MB
LDB: TIME 634.414 LOAD: AVG 0.0557207 MAX 0.0606417  PROXIES: TOTAL 31 MAXPE 4 MAXPATCH 9 RefineTorusLB MEM: 0.478235 MB
LDB: ============== END OF LOAD BALANCING =============== 634.414
Info: useSync: 0 useProxySync: 0
LDB: =============== DONE WITH MIGRATION ================ 634.414
LDB: ============= START OF LOAD BALANCING ============== 637.007
LDB: ============== END OF LOAD BALANCING =============== 637.007
Info: useSync: 0 useProxySync: 0
LDB: =============== DONE WITH MIGRATION ================ 637.007
LDB: ============= START OF LOAD BALANCING ============== 637.074
LDB: Largest compute 52 load 0.013956 is 24.7% of average load 0.056454
LDB: Average compute 0.003974 is 7.0% of average load 0.056454
LDB: TIME 637.074 LOAD: AVG 0.0564535 MAX 0.0611056  PROXIES: TOTAL 24 MAXPE 4 MAXPATCH 6 None MEM: 0.478235 MB
LDB: TIME 637.074 LOAD: AVG 0.0564535 MAX 0.0611056  PROXIES: TOTAL 31 MAXPE 4 MAXPATCH 9 RefineTorusLB MEM: 0.478235 MB
LDB: TIME 637.074 LOAD: AVG 0.0564535 MAX 0.0611056  PROXIES: TOTAL 31 MAXPE 4 MAXPATCH 9 RefineTorusLB MEM: 0.478235 MB
LDB: ============== END OF LOAD BALANCING =============== 637.074
Info: useSync: 0 useProxySync: 0
LDB: =============== DONE WITH MIGRATION ================ 637.074
WRITING COORDINATES TO DCD FILE MDequil.dcd AT STEP 325000
PRESSURE: 325000 -571.816 624.755 790.816 162.564 17.3119 -612.693 516.995 -624.148 -212.169
GPRESSURE: 325000 -510.682 699.123 1081.85 -25.2351 7.36093 -479.185 133.484 -725.367 -203.83
PRESSAVG: 325000 -317.307 -9.39396 87.1649 -7.96997 -318.381 67.6554 34.006 48.2712 5.63697
GPRESSAVG: 325000 -317.1 -9.35273 87.6667 -8.15929 -318.349 67.9364 33.5138 48.3553 5.37408
ENERGY:  325000         0.0000         0.0000         0.0000         0.0000          -5665.4103       445.2484         0.0000         0.0000       921.9176          -4298.2443       292.8851     -5220.1619     -4296.1612       302.9900           -255.5576      -235.7169     22898.4653      -210.0171      -210.0252

LDB: ============= START OF LOAD BALANCING ============== 639.625
LDB: ============== END OF LOAD BALANCING =============== 639.625
Info: useSync: 0 useProxySync: 0
LDB: =============== DONE WITH MIGRATION ================ 639.625
LDB: ============= START OF LOAD BALANCING ============== 639.692
LDB: Largest compute 52 load 0.015323 is 27.4% of average load 0.055975
LDB: Average compute 0.003944 is 7.0% of average load 0.055975
LDB: TIME 639.692 LOAD: AVG 0.0559754 MAX 0.0601916  PROXIES: TOTAL 24 MAXPE 4 MAXPATCH 6 None MEM: 0.478235 MB
LDB: TIME 639.692 LOAD: AVG 0.0559754 MAX 0.0601916  PROXIES: TOTAL 31 MAXPE 4 MAXPATCH 9 RefineTorusLB MEM: 0.478235 MB
LDB: TIME 639.692 LOAD: AVG 0.0559754 MAX 0.0601916  PROXIES: TOTAL 31 MAXPE 4 MAXPATCH 9 RefineTorusLB MEM: 0.478235 MB
LDB: ============== END OF LOAD BALANCING =============== 639.692
Info: useSync: 0 useProxySync: 0
LDB: =============== DONE WITH MIGRATION ================ 639.692
LDB: ============= START OF LOAD BALANCING ============== 642.273
LDB: ============== END OF LOAD BALANCING =============== 642.273
Info: useSync: 0 useProxySync: 0
LDB: =============== DONE WITH MIGRATION ================ 642.273
LDB: ============= START OF LOAD BALANCING ============== 642.341
LDB: Largest compute 162 load 0.013739 is 24.2% of average load 0.056692
LDB: Average compute 0.004001 is 7.1% of average load 0.056692
LDB: TIME 642.341 LOAD: AVG 0.0566918 MAX 0.0615485  PROXIES: TOTAL 24 MAXPE 4 MAXPATCH 6 None MEM: 0.478235 MB
LDB: TIME 642.341 LOAD: AVG 0.0566918 MAX 0.0615485  PROXIES: TOTAL 31 MAXPE 4 MAXPATCH 9 RefineTorusLB MEM: 0.478235 MB
LDB: TIME 642.341 LOAD: AVG 0.0566918 MAX 0.0615485  PROXIES: TOTAL 31 MAXPE 4 MAXPATCH 9 RefineTorusLB MEM: 0.478235 MB
LDB: ============== END OF LOAD BALANCING =============== 642.341
Info: useSync: 0 useProxySync: 0
LDB: =============== DONE WITH MIGRATION ================ 642.341
WRITING COORDINATES TO DCD FILE MDequil.dcd AT STEP 330000
PRESSURE: 330000 -780.333 440.431 -38.6595 273.324 -898.412 330.394 38.1639 927.103 1331.29
GPRESSURE: 330000 -853.022 610.256 -345.945 313.787 -982.176 635.883 222.561 919.884 1526.44
PRESSAVG: 330000 -294.206 -36.5931 27.4068 -73.1401 -376.242 -20.3383 -46.2924 -34.5739 -3.41747
GPRESSAVG: 330000 -294.646 -36.7223 27.2302 -73.0845 -376.354 -19.6624 -45.8847 -35.0463 -3.03085
ENERGY:  330000         0.0000         0.0000         0.0000         0.0000          -5571.3826       387.9710         0.0000         0.0000       963.3170          -4220.0947       306.0373     -5183.4116     -4217.8848       300.9128           -115.8175      -102.9200     23081.8494      -224.6216      -224.6772

LDB: ============= START OF LOAD BALANCING ============== 644.904
LDB: ============== END OF LOAD BALANCING =============== 644.904
Info: useSync: 0 useProxySync: 0
LDB: =============== DONE WITH MIGRATION ================ 644.904
LDB: ============= START OF LOAD BALANCING ============== 644.97
LDB: Largest compute 162 load 0.013505 is 24.6% of average load 0.054922
LDB: Average compute 0.003860 is 7.0% of average load 0.054922
LDB: TIME 644.97 LOAD: AVG 0.0549223 MAX 0.0609019  PROXIES: TOTAL 24 MAXPE 4 MAXPATCH 6 None MEM: 0.478235 MB
LDB: TIME 644.971 LOAD: AVG 0.0549223 MAX 0.0609019  PROXIES: TOTAL 31 MAXPE 4 MAXPATCH 9 RefineTorusLB MEM: 0.478235 MB
LDB: TIME 644.971 LOAD: AVG 0.0549223 MAX 0.0597024  PROXIES: TOTAL 31 MAXPE 4 MAXPATCH 9 RefineTorusLB MEM: 0.478235 MB
LDB: ============== END OF LOAD BALANCING =============== 644.971
Info: useSync: 0 useProxySync: 0
LDB: =============== DONE WITH MIGRATION ================ 644.971
LDB: ============= START OF LOAD BALANCING ============== 647.544
LDB: ============== END OF LOAD BALANCING =============== 647.544
Info: useSync: 0 useProxySync: 0
LDB: =============== DONE WITH MIGRATION ================ 647.547
LDB: ============= START OF LOAD BALANCING ============== 647.613
LDB: Largest compute 52 load 0.013371 is 23.8% of average load 0.056071
LDB: Average compute 0.003946 is 7.0% of average load 0.056071
LDB: TIME 647.613 LOAD: AVG 0.0560705 MAX 0.0599126  PROXIES: TOTAL 24 MAXPE 4 MAXPATCH 6 None MEM: 0.478235 MB
LDB: TIME 647.613 LOAD: AVG 0.0560705 MAX 0.0599126  PROXIES: TOTAL 31 MAXPE 4 MAXPATCH 9 RefineTorusLB MEM: 0.478235 MB
LDB: TIME 647.613 LOAD: AVG 0.0560705 MAX 0.0599126  PROXIES: TOTAL 31 MAXPE 4 MAXPATCH 9 RefineTorusLB MEM: 0.478235 MB
LDB: ============== END OF LOAD BALANCING =============== 647.613
Info: useSync: 0 useProxySync: 0
LDB: =============== DONE WITH MIGRATION ================ 647.613
LDB: ============= START OF LOAD BALANCING ============== 650.174
LDB: ============== END OF LOAD BALANCING =============== 650.174
Info: useSync: 0 useProxySync: 0
LDB: =============== DONE WITH MIGRATION ================ 650.174
LDB: ============= START OF LOAD BALANCING ============== 650.24
LDB: Largest compute 52 load 0.013823 is 24.6% of average load 0.056134
LDB: Average compute 0.003948 is 7.0% of average load 0.056134
LDB: TIME 650.24 LOAD: AVG 0.056134 MAX 0.0599244  PROXIES: TOTAL 24 MAXPE 4 MAXPATCH 6 None MEM: 0.478235 MB
LDB: TIME 650.24 LOAD: AVG 0.056134 MAX 0.0599244  PROXIES: TOTAL 31 MAXPE 4 MAXPATCH 9 RefineTorusLB MEM: 0.478235 MB
LDB: TIME 650.24 LOAD: AVG 0.056134 MAX 0.0599244  PROXIES: TOTAL 31 MAXPE 4 MAXPATCH 9 RefineTorusLB MEM: 0.478235 MB
LDB: ============== END OF LOAD BALANCING =============== 650.24
Info: useSync: 0 useProxySync: 0
LDB: =============== DONE WITH MIGRATION ================ 650.24
WRITING COORDINATES TO DCD FILE MDequil.dcd AT STEP 335000
PRESSURE: 335000 -250.008 -125.505 661.423 -362.064 -1198.81 -758.921 273.105 -829.648 -395.643
GPRESSURE: 335000 -131.911 -65.4796 743.718 -447.774 -1211.93 -841.608 264.153 -700.568 -423.993
PRESSAVG: 335000 -321.008 -9.01594 16.928 -2.69656 -292.897 28.7729 7.70287 20.4579 -7.17565
GPRESSAVG: 335000 -321.012 -9.26179 16.8141 -2.93534 -292.515 28.3155 7.92528 20.5837 -7.12596
ENERGY:  335000         0.0000         0.0000         0.0000         0.0000          -5602.4819       377.1435         0.0000         0.0000       926.2904          -4299.0479       294.2743     -5225.3384     -4296.2734       301.8047           -614.8196      -589.2782     22674.3323      -207.0270      -206.8845

LDB: ============= START OF LOAD BALANCING ============== 652.819
LDB: ============== END OF LOAD BALANCING =============== 652.82
Info: useSync: 0 useProxySync: 0
LDB: =============== DONE WITH MIGRATION ================ 652.82
LDB: ============= START OF LOAD BALANCING ============== 652.887
LDB: Largest compute 52 load 0.013944 is 24.4% of average load 0.057123
LDB: Average compute 0.004028 is 7.1% of average load 0.057123
LDB: TIME 652.887 LOAD: AVG 0.0571227 MAX 0.0612754  PROXIES: TOTAL 24 MAXPE 4 MAXPATCH 6 None MEM: 0.478235 MB
LDB: TIME 652.887 LOAD: AVG 0.0571227 MAX 0.0612754  PROXIES: TOTAL 31 MAXPE 4 MAXPATCH 9 RefineTorusLB MEM: 0.478235 MB
LDB: TIME 652.887 LOAD: AVG 0.0571227 MAX 0.0612754  PROXIES: TOTAL 31 MAXPE 4 MAXPATCH 9 RefineTorusLB MEM: 0.478235 MB
LDB: ============== END OF LOAD BALANCING =============== 652.887
Info: useSync: 0 useProxySync: 0
LDB: =============== DONE WITH MIGRATION ================ 652.887
LDB: ============= START OF LOAD BALANCING ============== 655.445
LDB: ============== END OF LOAD BALANCING =============== 655.446
Info: useSync: 0 useProxySync: 0
LDB: =============== DONE WITH MIGRATION ================ 655.446
LDB: ============= START OF LOAD BALANCING ============== 655.512
LDB: Largest compute 52 load 0.013082 is 23.3% of average load 0.056236
LDB: Average compute 0.003961 is 7.0% of average load 0.056236
LDB: TIME 655.512 LOAD: AVG 0.0562355 MAX 0.0606132  PROXIES: TOTAL 24 MAXPE 4 MAXPATCH 6 None MEM: 0.478235 MB
LDB: TIME 655.512 LOAD: AVG 0.0562355 MAX 0.0606132  PROXIES: TOTAL 31 MAXPE 4 MAXPATCH 9 RefineTorusLB MEM: 0.478235 MB
LDB: TIME 655.512 LOAD: AVG 0.0562355 MAX 0.0606132  PROXIES: TOTAL 31 MAXPE 4 MAXPATCH 9 RefineTorusLB MEM: 0.478235 MB
LDB: ============== END OF LOAD BALANCING =============== 655.512
Info: useSync: 0 useProxySync: 0
LDB: =============== DONE WITH MIGRATION ================ 655.513
PRESSURE: 340000 -450.979 -5.78827 -547.7 -252.943 -75.8137 484.368 -505.783 501.355 718.007
GPRESSURE: 340000 -363.04 -25.074 -222.598 -113.691 -234.279 461.368 -715.314 672.19 872.609
PRESSAVG: 340000 -409.444 -68.3666 -59.9091 -86.046 -350.775 -95.2218 31.4069 37.7138 9.80881
GPRESSAVG: 340000 -409.519 -68.078 -59.8567 -85.8295 -351.123 -94.8041 31.1509 37.8448 9.89647
ENERGY:  340000         0.0000         0.0000         0.0000         0.0000          -5616.0134       412.2145         0.0000         0.0000       889.1660          -4314.6329       282.4802     -5203.7990     -4312.2134       295.6325             63.7380        91.7634     22869.5794      -250.1368      -250.2484

WRITING COORDINATES TO DCD FILE MDequil.dcd AT STEP 340000
LDB: ============= START OF LOAD BALANCING ============== 658.119
LDB: ============== END OF LOAD BALANCING =============== 658.119
Info: useSync: 0 useProxySync: 0
LDB: =============== DONE WITH MIGRATION ================ 658.119
LDB: ============= START OF LOAD BALANCING ============== 658.185
LDB: Largest compute 52 load 0.013364 is 24.1% of average load 0.055418
LDB: Average compute 0.003890 is 7.0% of average load 0.055418
LDB: TIME 658.185 LOAD: AVG 0.0554184 MAX 0.0600006  PROXIES: TOTAL 24 MAXPE 4 MAXPATCH 6 None MEM: 0.478235 MB
LDB: TIME 658.185 LOAD: AVG 0.0554184 MAX 0.0600006  PROXIES: TOTAL 31 MAXPE 4 MAXPATCH 9 RefineTorusLB MEM: 0.478235 MB
LDB: TIME 658.185 LOAD: AVG 0.0554184 MAX 0.0600006  PROXIES: TOTAL 31 MAXPE 4 MAXPATCH 9 RefineTorusLB MEM: 0.478235 MB
LDB: ============== END OF LOAD BALANCING =============== 658.185
Info: useSync: 0 useProxySync: 0
LDB: =============== DONE WITH MIGRATION ================ 658.185
LDB: ============= START OF LOAD BALANCING ============== 660.803
LDB: ============== END OF LOAD BALANCING =============== 660.803
Info: useSync: 0 useProxySync: 0
LDB: =============== DONE WITH MIGRATION ================ 660.803
LDB: ============= START OF LOAD BALANCING ============== 660.877
LDB: Largest compute 52 load 0.014673 is 26.4% of average load 0.055523
LDB: Average compute 0.003880 is 7.0% of average load 0.055523
LDB: TIME 660.877 LOAD: AVG 0.0555229 MAX 0.0592774  PROXIES: TOTAL 24 MAXPE 4 MAXPATCH 6 None MEM: 0.478235 MB
LDB: TIME 660.878 LOAD: AVG 0.0555229 MAX 0.0592774  PROXIES: TOTAL 31 MAXPE 4 MAXPATCH 9 RefineTorusLB MEM: 0.478235 MB
LDB: TIME 660.878 LOAD: AVG 0.0555229 MAX 0.0592774  PROXIES: TOTAL 31 MAXPE 4 MAXPATCH 9 RefineTorusLB MEM: 0.478235 MB
LDB: ============== END OF LOAD BALANCING =============== 660.878
Info: useSync: 0 useProxySync: 0
LDB: =============== DONE WITH MIGRATION ================ 660.878
LDB: ============= START OF LOAD BALANCING ============== 663.484
LDB: ============== END OF LOAD BALANCING =============== 663.485
Info: useSync: 0 useProxySync: 0
LDB: =============== DONE WITH MIGRATION ================ 663.485
LDB: ============= START OF LOAD BALANCING ============== 663.55
LDB: Largest compute 52 load 0.014396 is 25.9% of average load 0.055600
LDB: Average compute 0.003909 is 7.0% of average load 0.055600
LDB: TIME 663.55 LOAD: AVG 0.0556 MAX 0.0603631  PROXIES: TOTAL 24 MAXPE 4 MAXPATCH 6 None MEM: 0.478235 MB
LDB: TIME 663.55 LOAD: AVG 0.0556 MAX 0.0603631  PROXIES: TOTAL 31 MAXPE 4 MAXPATCH 9 RefineTorusLB MEM: 0.478235 MB
LDB: TIME 663.55 LOAD: AVG 0.0556 MAX 0.0603631  PROXIES: TOTAL 31 MAXPE 4 MAXPATCH 9 RefineTorusLB MEM: 0.478235 MB
LDB: ============== END OF LOAD BALANCING =============== 663.55
Info: useSync: 0 useProxySync: 0
LDB: =============== DONE WITH MIGRATION ================ 663.56
WRITING COORDINATES TO DCD FILE MDequil.dcd AT STEP 345000
PRESSURE: 345000 -1128.22 404.905 -112.782 64.0802 -270.503 122.688 -681.923 579.739 684.942
GPRESSURE: 345000 -1215.81 462.793 -239.107 146.065 -299.531 182.244 -471.783 486.321 904.061
PRESSAVG: 345000 -323.671 33.8542 5.43655 -14.9229 -332.188 80.1732 -22.1362 20.5783 5.95014
GPRESSAVG: 345000 -323.693 33.8064 5.09121 -15.0735 -332.207 80.141 -22.0959 20.6855 5.76201
ENERGY:  345000         0.0000         0.0000         0.0000         0.0000          -5645.0728       396.8386         0.0000         0.0000       922.7788          -4325.4554       293.1587     -5248.2342     -4321.6580       295.1901           -237.9260      -203.7595     22534.5225      -216.6362      -216.7126

LDB: ============= START OF LOAD BALANCING ============== 666.137
LDB: ============== END OF LOAD BALANCING =============== 666.137
Info: useSync: 0 useProxySync: 0
LDB: =============== DONE WITH MIGRATION ================ 666.137
LDB: ============= START OF LOAD BALANCING ============== 666.203
LDB: Largest compute 162 load 0.013462 is 23.7% of average load 0.056839
LDB: Average compute 0.004003 is 7.0% of average load 0.056839
LDB: TIME 666.203 LOAD: AVG 0.0568393 MAX 0.0603465  PROXIES: TOTAL 24 MAXPE 4 MAXPATCH 6 None MEM: 0.478235 MB
LDB: TIME 666.203 LOAD: AVG 0.0568393 MAX 0.0603465  PROXIES: TOTAL 31 MAXPE 4 MAXPATCH 9 RefineTorusLB MEM: 0.478235 MB
LDB: TIME 666.203 LOAD: AVG 0.0568393 MAX 0.0603465  PROXIES: TOTAL 31 MAXPE 4 MAXPATCH 9 RefineTorusLB MEM: 0.478235 MB
LDB: ============== END OF LOAD BALANCING =============== 666.203
Info: useSync: 0 useProxySync: 0
LDB: =============== DONE WITH MIGRATION ================ 666.204
LDB: ============= START OF LOAD BALANCING ============== 668.806
LDB: ============== END OF LOAD BALANCING =============== 668.807
Info: useSync: 0 useProxySync: 0
LDB: =============== DONE WITH MIGRATION ================ 668.807
LDB: ============= START OF LOAD BALANCING ============== 668.899
LDB: Largest compute 168 load 0.022672 is 40.3% of average load 0.056216
LDB: Average compute 0.003966 is 7.1% of average load 0.056216
LDB: TIME 668.9 LOAD: AVG 0.0562161 MAX 0.0720799  PROXIES: TOTAL 24 MAXPE 4 MAXPATCH 6 None MEM: 0.478235 MB
LDB: TIME 668.9 LOAD: AVG 0.0562161 MAX 0.0720799  PROXIES: TOTAL 31 MAXPE 4 MAXPATCH 9 RefineTorusLB MEM: 0.478235 MB
LDB: TIME 668.9 LOAD: AVG 0.0562161 MAX 0.0612599  PROXIES: TOTAL 32 MAXPE 4 MAXPATCH 10 RefineTorusLB MEM: 0.478235 MB
LDB: ============== END OF LOAD BALANCING =============== 668.9
Info: useSync: 0 useProxySync: 0
LDB: =============== DONE WITH MIGRATION ================ 668.9
PRESSURE: 350000 617.421 93.1621 159.739 -9.69218 -512.357 -301.352 -55.9165 -328.801 -662.301
GPRESSURE: 350000 489.883 20.3624 105.051 -22.2409 -447.689 -175.728 -84.3617 -123.041 -524.516
PRESSAVG: 350000 -276.941 34.0106 -23.6105 25.5864 -273.566 17.8504 -102.82 4.96657 16.8862
GPRESSAVG: 350000 -276.599 34.0748 -23.3855 25.5953 -273.782 17.8938 -102.916 4.67816 16.6466
TIMING: 350000  CPU: 636.098, 0.0013275/step  Wall: 658.736, 0.00133202/step, 0.0555007 hours remaining, 0.478235 MB of memory in use.
PERFORMANCE: 350000  averaging 91.8157 ns/day, 0.00188203 sec/step with standard deviation 0.000549885
ETITLE:      TS           BOND          ANGLE          DIHED          IMPRP               ELECT            VDW       BOUNDARY           MISC        KINETIC               TOTAL           TEMP      POTENTIAL         TOTAL3        TEMPAVG            PRESSURE      GPRESSURE         VOLUME       PRESSAVG      GPRESSAVG

ENERGY:  350000         0.0000         0.0000         0.0000         0.0000          -5639.7118       388.6028         0.0000         0.0000       912.2107          -4338.8984       289.8013     -5251.1090     -4337.3418       294.6977           -185.7456      -160.7740     22375.0282      -177.8737      -177.9116

WRITING EXTENDED SYSTEM TO RESTART FILE AT STEP 350000
WRITING COORDINATES TO DCD FILE MDequil.dcd AT STEP 350000
WRITING COORDINATES TO RESTART FILE AT STEP 350000
FINISHED WRITING RESTART COORDINATES
WRITING VELOCITIES TO RESTART FILE AT STEP 350000
FINISHED WRITING RESTART VELOCITIES
LDB: ============= START OF LOAD BALANCING ============== 671.815
LDB: ============== END OF LOAD BALANCING =============== 671.815
Info: useSync: 0 useProxySync: 0
LDB: =============== DONE WITH MIGRATION ================ 671.815
LDB: ============= START OF LOAD BALANCING ============== 671.889
LDB: Largest compute 163 load 0.013266 is 23.5% of average load 0.056522
LDB: Average compute 0.003944 is 7.0% of average load 0.056522
LDB: TIME 671.889 LOAD: AVG 0.0565223 MAX 0.0632524  PROXIES: TOTAL 24 MAXPE 4 MAXPATCH 6 None MEM: 0.478235 MB
LDB: TIME 671.89 LOAD: AVG 0.0565223 MAX 0.0632524  PROXIES: TOTAL 32 MAXPE 4 MAXPATCH 10 RefineTorusLB MEM: 0.478235 MB
LDB: TIME 671.89 LOAD: AVG 0.0565223 MAX 0.0605267  PROXIES: TOTAL 32 MAXPE 4 MAXPATCH 10 RefineTorusLB MEM: 0.478235 MB
LDB: ============== END OF LOAD BALANCING =============== 671.89
Info: useSync: 0 useProxySync: 0
LDB: =============== DONE WITH MIGRATION ================ 671.89
LDB: ============= START OF LOAD BALANCING ============== 674.577
LDB: ============== END OF LOAD BALANCING =============== 674.577
Info: useSync: 0 useProxySync: 0
LDB: =============== DONE WITH MIGRATION ================ 674.577
LDB: ============= START OF LOAD BALANCING ============== 674.644
LDB: Largest compute 163 load 0.013852 is 25.0% of average load 0.055409
LDB: Average compute 0.003886 is 7.0% of average load 0.055409
LDB: TIME 674.644 LOAD: AVG 0.0554093 MAX 0.0617404  PROXIES: TOTAL 24 MAXPE 4 MAXPATCH 6 None MEM: 0.478235 MB
LDB: TIME 674.645 LOAD: AVG 0.0554093 MAX 0.0617404  PROXIES: TOTAL 32 MAXPE 4 MAXPATCH 10 RefineTorusLB MEM: 0.478235 MB
LDB: TIME 674.645 LOAD: AVG 0.0554093 MAX 0.058638  PROXIES: TOTAL 31 MAXPE 4 MAXPATCH 9 RefineTorusLB MEM: 0.478235 MB
LDB: ============== END OF LOAD BALANCING =============== 674.645
Info: useSync: 0 useProxySync: 0
LDB: =============== DONE WITH MIGRATION ================ 674.645
LDB: ============= START OF LOAD BALANCING ============== 677.26
LDB: ============== END OF LOAD BALANCING =============== 677.26
Info: useSync: 0 useProxySync: 0
LDB: =============== DONE WITH MIGRATION ================ 677.261
LDB: ============= START OF LOAD BALANCING ============== 677.34
LDB: Largest compute 159 load 0.022284 is 39.3% of average load 0.056667
LDB: Average compute 0.003992 is 7.0% of average load 0.056667
LDB: TIME 677.34 LOAD: AVG 0.0566672 MAX 0.0723857  PROXIES: TOTAL 24 MAXPE 4 MAXPATCH 6 None MEM: 0.478235 MB
LDB: TIME 677.34 LOAD: AVG 0.0566672 MAX 0.0723857  PROXIES: TOTAL 31 MAXPE 4 MAXPATCH 9 RefineTorusLB MEM: 0.478235 MB
LDB: TIME 677.34 LOAD: AVG 0.0566672 MAX 0.0611631  PROXIES: TOTAL 31 MAXPE 4 MAXPATCH 9 RefineTorusLB MEM: 0.478235 MB
LDB: ============== END OF LOAD BALANCING =============== 677.343
Info: useSync: 0 useProxySync: 0
LDB: =============== DONE WITH MIGRATION ================ 677.345
WRITING COORDINATES TO DCD FILE MDequil.dcd AT STEP 355000
PRESSURE: 355000 376.127 -636.046 48.3996 -644.769 -508.971 241.183 38.4537 358.091 -287.751
GPRESSURE: 355000 531.36 -484.437 -117.757 -488.147 -577.37 279.309 348.722 401.7 -318.605
PRESSAVG: 355000 -433.288 -1.26441 -41.8053 8.99044 -296.652 -38.9441 -36.5696 -92.151 23.8305
GPRESSAVG: 355000 -433.137 -0.872664 -42.1362 9.08727 -296.851 -39.1933 -36.4586 -92.1269 24.0009
ENERGY:  355000         0.0000         0.0000         0.0000         0.0000          -5616.9793       405.7371         0.0000         0.0000       915.9572          -4295.2851       290.9915     -5211.2422     -4293.9850       296.0668           -140.1982      -121.5385     22679.3638      -235.3696      -235.3291

LDB: ============= START OF LOAD BALANCING ============== 680.015
LDB: ============== END OF LOAD BALANCING =============== 680.016
Info: useSync: 0 useProxySync: 0
LDB: =============== DONE WITH MIGRATION ================ 680.016
LDB: ============= START OF LOAD BALANCING ============== 680.083
LDB: Largest compute 162 load 0.013246 is 24.0% of average load 0.055193
LDB: Average compute 0.003880 is 7.0% of average load 0.055193
LDB: TIME 680.083 LOAD: AVG 0.0551934 MAX 0.0625435  PROXIES: TOTAL 24 MAXPE 4 MAXPATCH 6 None MEM: 0.478235 MB
LDB: TIME 680.083 LOAD: AVG 0.0551934 MAX 0.0625435  PROXIES: TOTAL 31 MAXPE 4 MAXPATCH 9 RefineTorusLB MEM: 0.478235 MB
LDB: TIME 680.083 LOAD: AVG 0.0551934 MAX 0.0596472  PROXIES: TOTAL 31 MAXPE 4 MAXPATCH 9 RefineTorusLB MEM: 0.478235 MB
LDB: ============== END OF LOAD BALANCING =============== 680.084
Info: useSync: 0 useProxySync: 0
LDB: =============== DONE WITH MIGRATION ================ 680.084
LDB: ============= START OF LOAD BALANCING ============== 682.855
LDB: ============== END OF LOAD BALANCING =============== 682.855
Info: useSync: 0 useProxySync: 0
LDB: =============== DONE WITH MIGRATION ================ 682.855
LDB: ============= START OF LOAD BALANCING ============== 682.931
LDB: Largest compute 147 load 0.013282 is 24.1% of average load 0.055096
LDB: Average compute 0.003849 is 7.0% of average load 0.055096
LDB: TIME 682.931 LOAD: AVG 0.0550964 MAX 0.0659038  PROXIES: TOTAL 24 MAXPE 4 MAXPATCH 6 None MEM: 0.478235 MB
LDB: TIME 682.932 LOAD: AVG 0.0550964 MAX 0.0659038  PROXIES: TOTAL 31 MAXPE 4 MAXPATCH 9 RefineTorusLB MEM: 0.478235 MB
LDB: TIME 682.932 LOAD: AVG 0.0550964 MAX 0.0584102  PROXIES: TOTAL 31 MAXPE 4 MAXPATCH 9 RefineTorusLB MEM: 0.478235 MB
LDB: ============== END OF LOAD BALANCING =============== 682.932
Info: useSync: 0 useProxySync: 0
LDB: =============== DONE WITH MIGRATION ================ 682.932
WRITING COORDINATES TO DCD FILE MDequil.dcd AT STEP 360000
PRESSURE: 360000 -1350.33 307.158 -8.34649 461.288 -1235.92 797.462 113.759 567.099 -360.676
GPRESSURE: 360000 -1329.9 278.075 -24.5571 477.079 -1168.75 964.268 21.2426 626.596 -426.403
PRESSAVG: 360000 -331.919 -3.24854 -16.2256 42.9428 -304.473 47.0825 -51.3688 -61.8428 5.27671
GPRESSAVG: 360000 -331.969 -3.18786 -16.2152 42.7051 -304.525 47.343 -52.1617 -61.9356 5.084
ENERGY:  360000         0.0000         0.0000         0.0000         0.0000          -5634.4108       339.4253         0.0000         0.0000       928.4498          -4366.5357       294.9604     -5294.9855     -4363.5701       294.6917           -982.3075      -975.0181     22471.0208      -210.3718      -210.4701

LDB: ============= START OF LOAD BALANCING ============== 685.59
LDB: ============== END OF LOAD BALANCING =============== 685.59
Info: useSync: 0 useProxySync: 0
LDB: =============== DONE WITH MIGRATION ================ 685.59
LDB: ============= START OF LOAD BALANCING ============== 685.657
LDB: Largest compute 52 load 0.013127 is 23.3% of average load 0.056444
LDB: Average compute 0.003971 is 7.0% of average load 0.056444
LDB: TIME 685.657 LOAD: AVG 0.0564445 MAX 0.0604011  PROXIES: TOTAL 24 MAXPE 4 MAXPATCH 6 None MEM: 0.478235 MB
LDB: TIME 685.658 LOAD: AVG 0.0564445 MAX 0.0604011  PROXIES: TOTAL 31 MAXPE 4 MAXPATCH 9 RefineTorusLB MEM: 0.478235 MB
LDB: TIME 685.658 LOAD: AVG 0.0564445 MAX 0.0604011  PROXIES: TOTAL 31 MAXPE 4 MAXPATCH 9 RefineTorusLB MEM: 0.478235 MB
LDB: ============== END OF LOAD BALANCING =============== 685.658
Info: useSync: 0 useProxySync: 0
LDB: =============== DONE WITH MIGRATION ================ 685.658
LDB: ============= START OF LOAD BALANCING ============== 688.282
LDB: ============== END OF LOAD BALANCING =============== 688.282
Info: useSync: 0 useProxySync: 0
LDB: =============== DONE WITH MIGRATION ================ 688.282
LDB: ============= START OF LOAD BALANCING ============== 688.347
LDB: Largest compute 52 load 0.013279 is 23.9% of average load 0.055579
LDB: Average compute 0.003906 is 7.0% of average load 0.055579
LDB: TIME 688.347 LOAD: AVG 0.0555788 MAX 0.0608015  PROXIES: TOTAL 24 MAXPE 4 MAXPATCH 6 None MEM: 0.478235 MB
LDB: TIME 688.348 LOAD: AVG 0.0555788 MAX 0.0608015  PROXIES: TOTAL 31 MAXPE 4 MAXPATCH 9 RefineTorusLB MEM: 0.478235 MB
LDB: TIME 688.348 LOAD: AVG 0.0555788 MAX 0.0604314  PROXIES: TOTAL 31 MAXPE 4 MAXPATCH 9 RefineTorusLB MEM: 0.478235 MB
LDB: ============== END OF LOAD BALANCING =============== 688.348
Info: useSync: 0 useProxySync: 0
LDB: =============== DONE WITH MIGRATION ================ 688.348
LDB: ============= START OF LOAD BALANCING ============== 692.376
LDB: ============== END OF LOAD BALANCING =============== 692.382
Info: useSync: 0 useProxySync: 0
LDB: =============== DONE WITH MIGRATION ================ 692.4
LDB: ============= START OF LOAD BALANCING ============== 692.751
LDB: Largest compute 12 load 0.045009 is 79.5% of average load 0.056597
LDB: Average compute 0.003770 is 6.7% of average load 0.056597
LDB: TIME 692.757 LOAD: AVG 0.0565966 MAX 0.0931318  PROXIES: TOTAL 24 MAXPE 4 MAXPATCH 6 None MEM: 0.478235 MB
LDB: TIME 692.758 LOAD: AVG 0.0565966 MAX 0.0931318  PROXIES: TOTAL 31 MAXPE 4 MAXPATCH 9 RefineTorusLB MEM: 0.478235 MB
LDB: TIME 692.758 LOAD: AVG 0.0565966 MAX 0.060971  PROXIES: TOTAL 31 MAXPE 4 MAXPATCH 9 RefineTorusLB MEM: 0.478235 MB
LDB: ============== END OF LOAD BALANCING =============== 692.763
Info: useSync: 0 useProxySync: 0
LDB: =============== DONE WITH MIGRATION ================ 692.809
WRITING COORDINATES TO DCD FILE MDequil.dcd AT STEP 365000
PRESSURE: 365000 -464.614 263.166 207.35 412.993 -1468.98 -157.814 -253.088 -369.769 -578.056
GPRESSURE: 365000 -609.197 453.682 348.528 326.399 -1393.87 -398.181 -399.373 -380.84 -457.098
PRESSAVG: 365000 -320.601 -41.0835 -43.8564 -34.8768 -333.137 -35.7486 3.08282 -47.7699 -7.71299
GPRESSAVG: 365000 -320.601 -40.9247 -44.3526 -34.6261 -333.226 -35.7699 3.33771 -47.8774 -7.7379
ENERGY:  365000         0.0000         0.0000         0.0000         0.0000          -5554.6522       349.3575         0.0000         0.0000       945.1720          -4260.1226       300.2729     -5205.2946     -4257.5915       298.4032           -837.2172      -820.0564     22825.8466      -220.4837      -220.5215

LDB: ============= START OF LOAD BALANCING ============== 706.15
LDB: ============== END OF LOAD BALANCING =============== 706.153
Info: useSync: 0 useProxySync: 0
LDB: =============== DONE WITH MIGRATION ================ 706.165
LDB: ============= START OF LOAD BALANCING ============== 706.4
LDB: Largest compute 163 load 0.009954 is 19.9% of average load 0.050130
LDB: Average compute 0.003435 is 6.9% of average load 0.050130
LDB: TIME 706.405 LOAD: AVG 0.0501305 MAX 0.0654116  PROXIES: TOTAL 24 MAXPE 4 MAXPATCH 6 None MEM: 0.478235 MB
LDB: TIME 706.406 LOAD: AVG 0.0501305 MAX 0.0654116  PROXIES: TOTAL 31 MAXPE 4 MAXPATCH 9 RefineTorusLB MEM: 0.478235 MB
LDB: TIME 706.406 LOAD: AVG 0.0501305 MAX 0.0539814  PROXIES: TOTAL 31 MAXPE 4 MAXPATCH 9 RefineTorusLB MEM: 0.478235 MB
LDB: ============== END OF LOAD BALANCING =============== 706.411
Info: useSync: 0 useProxySync: 0
LDB: =============== DONE WITH MIGRATION ================ 706.458
LDB: ============= START OF LOAD BALANCING ============== 719.165
LDB: ============== END OF LOAD BALANCING =============== 719.168
Info: useSync: 0 useProxySync: 0
LDB: =============== DONE WITH MIGRATION ================ 719.18
LDB: ============= START OF LOAD BALANCING ============== 719.553
LDB: Largest compute 162 load 0.012062 is 23.7% of average load 0.050906
LDB: Average compute 0.003467 is 6.8% of average load 0.050906
LDB: TIME 719.555 LOAD: AVG 0.0509062 MAX 0.0551882  PROXIES: TOTAL 24 MAXPE 4 MAXPATCH 6 None MEM: 0.478235 MB
LDB: TIME 719.556 LOAD: AVG 0.0509062 MAX 0.0551882  PROXIES: TOTAL 31 MAXPE 4 MAXPATCH 9 RefineTorusLB MEM: 0.478235 MB
LDB: TIME 719.556 LOAD: AVG 0.0509062 MAX 0.0551882  PROXIES: TOTAL 31 MAXPE 4 MAXPATCH 9 RefineTorusLB MEM: 0.478235 MB
LDB: ============== END OF LOAD BALANCING =============== 719.559
Info: useSync: 0 useProxySync: 0
LDB: =============== DONE WITH MIGRATION ================ 719.607
PRESSURE: 370000 160.981 27.0906 270.034 166.076 764.25 176.048 234.138 -30.3747 460.915
GPRESSURE: 370000 -3.67414 53.5609 614.314 -22.0501 745.166 291.288 294.346 -242.071 734.463
PRESSAVG: 370000 -207.546 -11.5137 -3.92224 -8.1689 -241.092 -40.8571 4.06687 -24.3376 -17.496
GPRESSAVG: 370000 -207.441 -11.1223 -3.94431 -8.45028 -241.108 -41.2143 4.07542 -23.9054 -17.0085
ENERGY:  370000         0.0000         0.0000         0.0000         0.0000          -5608.3628       437.8650         0.0000         0.0000       947.6375          -4222.8603       301.0561     -5170.4978     -4220.9320       296.4431            462.0485       491.9851     22742.1201      -155.3781      -155.1857

WRITING COORDINATES TO DCD FILE MDequil.dcd AT STEP 370000
LDB: ============= START OF LOAD BALANCING ============== 733.553
LDB: ============== END OF LOAD BALANCING =============== 733.556
Info: useSync: 0 useProxySync: 0
LDB: =============== DONE WITH MIGRATION ================ 733.565
LDB: ============= START OF LOAD BALANCING ============== 733.9
LDB: Largest compute 163 load 0.010151 is 20.7% of average load 0.049048
LDB: Average compute 0.003344 is 6.8% of average load 0.049048
LDB: TIME 733.906 LOAD: AVG 0.0490479 MAX 0.0552052  PROXIES: TOTAL 24 MAXPE 4 MAXPATCH 6 None MEM: 0.478235 MB
LDB: TIME 733.907 LOAD: AVG 0.0490479 MAX 0.0552052  PROXIES: TOTAL 31 MAXPE 4 MAXPATCH 9 RefineTorusLB MEM: 0.478235 MB
LDB: TIME 733.907 LOAD: AVG 0.0490479 MAX 0.052438  PROXIES: TOTAL 30 MAXPE 4 MAXPATCH 9 RefineTorusLB MEM: 0.478235 MB
LDB: ============== END OF LOAD BALANCING =============== 733.912
Info: useSync: 0 useProxySync: 0
LDB: =============== DONE WITH MIGRATION ================ 733.963
LDB: ============= START OF LOAD BALANCING ============== 747.699
LDB: ============== END OF LOAD BALANCING =============== 747.702
Info: useSync: 0 useProxySync: 0
LDB: =============== DONE WITH MIGRATION ================ 747.714
LDB: ============= START OF LOAD BALANCING ============== 748.047
LDB: Largest compute 52 load 0.041780 is 78.1% of average load 0.053503
LDB: Average compute 0.003673 is 6.9% of average load 0.053503
LDB: TIME 748.051 LOAD: AVG 0.0535026 MAX 0.0856874  PROXIES: TOTAL 24 MAXPE 4 MAXPATCH 6 None MEM: 0.478235 MB
LDB: TIME 748.051 LOAD: AVG 0.0535026 MAX 0.0856874  PROXIES: TOTAL 30 MAXPE 4 MAXPATCH 9 RefineTorusLB MEM: 0.478235 MB
LDB: TIME 748.051 LOAD: AVG 0.0535026 MAX 0.0578587  PROXIES: TOTAL 30 MAXPE 4 MAXPATCH 9 RefineTorusLB MEM: 0.478235 MB
LDB: ============== END OF LOAD BALANCING =============== 748.054
Info: useSync: 0 useProxySync: 0
LDB: =============== DONE WITH MIGRATION ================ 748.057
LDB: ============= START OF LOAD BALANCING ============== 762.656
LDB: ============== END OF LOAD BALANCING =============== 762.657
Info: useSync: 0 useProxySync: 0
LDB: =============== DONE WITH MIGRATION ================ 762.676
LDB: ============= START OF LOAD BALANCING ============== 762.958
LDB: Largest compute 171 load 0.025535 is 48.1% of average load 0.053035
LDB: Average compute 0.003646 is 6.9% of average load 0.053035
LDB: TIME 762.971 LOAD: AVG 0.0530354 MAX 0.0722749  PROXIES: TOTAL 24 MAXPE 4 MAXPATCH 6 None MEM: 0.478235 MB
LDB: TIME 762.971 LOAD: AVG 0.0530354 MAX 0.0722749  PROXIES: TOTAL 30 MAXPE 4 MAXPATCH 9 RefineTorusLB MEM: 0.478235 MB
LDB: TIME 762.971 LOAD: AVG 0.0530354 MAX 0.0577611  PROXIES: TOTAL 30 MAXPE 4 MAXPATCH 9 RefineTorusLB MEM: 0.478235 MB
LDB: ============== END OF LOAD BALANCING =============== 762.983
Info: useSync: 0 useProxySync: 0
LDB: =============== DONE WITH MIGRATION ================ 763.045
PRESSURE: 375000 -702.06 -51.1315 307.516 -82.8326 -958.699 713.397 541.902 336.697 176.7
GPRESSURE: 375000 -724.073 -37.8833 275.229 -32.6629 -835.991 859.914 631.041 -106.083 131.837
PRESSAVG: 375000 -322.524 -0.988983 47.041 14.4573 -340.302 48.7558 11.526 49.4319 -3.44732
GPRESSAVG: 375000 -322.298 -1.70929 47.1147 14.098 -340.619 48.5129 11.187 49.6399 -3.51579
ENERGY:  375000         0.0000         0.0000         0.0000         0.0000          -5529.3695       370.1832         0.0000         0.0000       947.7706          -4211.4156       301.0984     -5159.1862     -4208.6466       301.9080           -494.6863      -476.0756     22757.8848      -222.0910      -222.1440

WRITING COORDINATES TO DCD FILE MDequil.dcd AT STEP 375000
LDB: ============= START OF LOAD BALANCING ============== 778.755
LDB: ============== END OF LOAD BALANCING =============== 778.757
Info: useSync: 0 useProxySync: 0
LDB: =============== DONE WITH MIGRATION ================ 778.769
LDB: ============= START OF LOAD BALANCING ============== 779.183
LDB: Largest compute 163 load 0.010586 is 20.8% of average load 0.050797
LDB: Average compute 0.003333 is 6.6% of average load 0.050797
LDB: TIME 779.186 LOAD: AVG 0.0507968 MAX 0.0619915  PROXIES: TOTAL 24 MAXPE 4 MAXPATCH 6 None MEM: 0.478235 MB
LDB: TIME 779.187 LOAD: AVG 0.0507968 MAX 0.0619915  PROXIES: TOTAL 30 MAXPE 4 MAXPATCH 9 RefineTorusLB MEM: 0.478235 MB
LDB: TIME 779.187 LOAD: AVG 0.0507968 MAX 0.0553221  PROXIES: TOTAL 30 MAXPE 4 MAXPATCH 9 RefineTorusLB MEM: 0.478235 MB
LDB: ============== END OF LOAD BALANCING =============== 779.192
Info: useSync: 0 useProxySync: 0
LDB: =============== DONE WITH MIGRATION ================ 779.243
LDB: ============= START OF LOAD BALANCING ============== 789.926
LDB: ============== END OF LOAD BALANCING =============== 789.927
Info: useSync: 0 useProxySync: 0
LDB: =============== DONE WITH MIGRATION ================ 789.954
LDB: ============= START OF LOAD BALANCING ============== 790.245
LDB: Largest compute 159 load 0.018626 is 35.8% of average load 0.051999
LDB: Average compute 0.003498 is 6.7% of average load 0.051999
LDB: TIME 790.249 LOAD: AVG 0.051999 MAX 0.0822616  PROXIES: TOTAL 24 MAXPE 4 MAXPATCH 6 None MEM: 0.478235 MB
LDB: TIME 790.249 LOAD: AVG 0.051999 MAX 0.0822616  PROXIES: TOTAL 30 MAXPE 4 MAXPATCH 9 RefineTorusLB MEM: 0.478235 MB
LDB: TIME 790.249 LOAD: AVG 0.051999 MAX 0.0554768  PROXIES: TOTAL 30 MAXPE 4 MAXPATCH 9 RefineTorusLB MEM: 0.478235 MB
LDB: ============== END OF LOAD BALANCING =============== 790.249
Info: useSync: 0 useProxySync: 0
LDB: =============== DONE WITH MIGRATION ================ 790.249
PRESSURE: 380000 -338.896 -439.809 -17.1507 -605.394 -483.888 708.978 -413.027 406.237 -63.6457
GPRESSURE: 380000 -225.078 -397.281 -135.852 -383.029 -536.51 758.71 -542.032 548.088 -58.9586
PRESSAVG: 380000 -463.995 26.0052 -56.2608 10.8867 -309.663 -18.6333 -38.6086 8.27216 2.44297
GPRESSAVG: 380000 -463.744 25.9084 -56.4299 11.0232 -309.734 -18.2583 -38.2941 8.31038 2.24931
ENERGY:  380000         0.0000         0.0000         0.0000         0.0000          -5596.9789       378.1986         0.0000         0.0000       955.2324          -4263.5479       303.4690     -5218.7803     -4261.1030       301.3615           -295.4766      -273.5158     22673.6841      -257.0716      -257.0763

WRITING COORDINATES TO DCD FILE MDequil.dcd AT STEP 380000
LDB: ============= START OF LOAD BALANCING ============== 793.143
LDB: ============== END OF LOAD BALANCING =============== 793.143
Info: useSync: 0 useProxySync: 0
LDB: =============== DONE WITH MIGRATION ================ 793.143
LDB: ============= START OF LOAD BALANCING ============== 793.205
LDB: Largest compute 163 load 0.011827 is 24.3% of average load 0.048662
LDB: Average compute 0.003414 is 7.0% of average load 0.048662
LDB: TIME 793.206 LOAD: AVG 0.0486624 MAX 0.0577141  PROXIES: TOTAL 24 MAXPE 4 MAXPATCH 6 None MEM: 0.478235 MB
LDB: TIME 793.206 LOAD: AVG 0.0486624 MAX 0.0577141  PROXIES: TOTAL 30 MAXPE 4 MAXPATCH 9 RefineTorusLB MEM: 0.478235 MB
LDB: TIME 793.206 LOAD: AVG 0.0486624 MAX 0.0530525  PROXIES: TOTAL 30 MAXPE 4 MAXPATCH 9 RefineTorusLB MEM: 0.478235 MB
LDB: ============== END OF LOAD BALANCING =============== 793.206
Info: useSync: 0 useProxySync: 0
LDB: =============== DONE WITH MIGRATION ================ 793.206
LDB: ============= START OF LOAD BALANCING ============== 795.748
LDB: ============== END OF LOAD BALANCING =============== 795.748
Info: useSync: 0 useProxySync: 0
LDB: =============== DONE WITH MIGRATION ================ 795.748
LDB: ============= START OF LOAD BALANCING ============== 795.817
LDB: Largest compute 147 load 0.011811 is 23.5% of average load 0.050312
LDB: Average compute 0.003526 is 7.0% of average load 0.050312
LDB: TIME 795.817 LOAD: AVG 0.0503125 MAX 0.057813  PROXIES: TOTAL 24 MAXPE 4 MAXPATCH 6 None MEM: 0.478235 MB
LDB: TIME 795.817 LOAD: AVG 0.0503125 MAX 0.057813  PROXIES: TOTAL 30 MAXPE 4 MAXPATCH 9 RefineTorusLB MEM: 0.478235 MB
LDB: TIME 795.817 LOAD: AVG 0.0503125 MAX 0.0548814  PROXIES: TOTAL 30 MAXPE 4 MAXPATCH 9 RefineTorusLB MEM: 0.478235 MB
LDB: ============== END OF LOAD BALANCING =============== 795.817
Info: useSync: 0 useProxySync: 0
LDB: =============== DONE WITH MIGRATION ================ 795.818
LDB: ============= START OF LOAD BALANCING ============== 798.579
LDB: ============== END OF LOAD BALANCING =============== 798.579
Info: useSync: 0 useProxySync: 0
LDB: =============== DONE WITH MIGRATION ================ 798.579
LDB: ============= START OF LOAD BALANCING ============== 798.649
LDB: Largest compute 162 load 0.013269 is 23.8% of average load 0.055716
LDB: Average compute 0.003909 is 7.0% of average load 0.055716
LDB: TIME 798.651 LOAD: AVG 0.0557162 MAX 0.0615956  PROXIES: TOTAL 24 MAXPE 4 MAXPATCH 6 None MEM: 0.478235 MB
LDB: TIME 798.651 LOAD: AVG 0.0557162 MAX 0.0615956  PROXIES: TOTAL 30 MAXPE 4 MAXPATCH 9 RefineTorusLB MEM: 0.478235 MB
LDB: TIME 798.651 LOAD: AVG 0.0557162 MAX 0.0606108  PROXIES: TOTAL 30 MAXPE 4 MAXPATCH 9 RefineTorusLB MEM: 0.478235 MB
LDB: ============== END OF LOAD BALANCING =============== 798.651
Info: useSync: 0 useProxySync: 0
LDB: =============== DONE WITH MIGRATION ================ 798.651
PRESSURE: 385000 374.859 228.707 -110.24 64.1236 849 215.292 274.398 -46.7947 -146.301
GPRESSURE: 385000 381.468 -128.419 177.861 91.0637 742.637 369.093 30.8078 -339.961 6.97958
PRESSAVG: 385000 -250.192 8.58632 -12.6197 -0.990937 -269.04 -16.0406 -122.432 -31.1839 13.5408
GPRESSAVG: 385000 -250.459 8.81643 -13.0311 -1.48866 -268.634 -15.8977 -122.439 -31.3977 13.586
ENERGY:  385000         0.0000         0.0000         0.0000         0.0000          -5690.8597       456.8767         0.0000         0.0000       938.7576          -4295.2254       298.2350     -5233.9830     -4293.2252       297.2335            359.1859       377.0284     22653.7921      -168.5635      -168.5023

WRITING COORDINATES TO DCD FILE MDequil.dcd AT STEP 385000
LDB: ============= START OF LOAD BALANCING ============== 801.497
LDB: ============== END OF LOAD BALANCING =============== 801.497
Info: useSync: 0 useProxySync: 0
LDB: =============== DONE WITH MIGRATION ================ 801.497
LDB: ============= START OF LOAD BALANCING ============== 801.563
LDB: Largest compute 163 load 0.013209 is 23.5% of average load 0.056098
LDB: Average compute 0.003950 is 7.0% of average load 0.056098
LDB: TIME 801.563 LOAD: AVG 0.0560982 MAX 0.0602842  PROXIES: TOTAL 24 MAXPE 4 MAXPATCH 6 None MEM: 0.478235 MB
LDB: TIME 801.563 LOAD: AVG 0.0560982 MAX 0.0602842  PROXIES: TOTAL 30 MAXPE 4 MAXPATCH 9 RefineTorusLB MEM: 0.478235 MB
LDB: TIME 801.563 LOAD: AVG 0.0560982 MAX 0.0602842  PROXIES: TOTAL 30 MAXPE 4 MAXPATCH 9 RefineTorusLB MEM: 0.478235 MB
LDB: ============== END OF LOAD BALANCING =============== 801.563
Info: useSync: 0 useProxySync: 0
LDB: =============== DONE WITH MIGRATION ================ 801.563
LDB: ============= START OF LOAD BALANCING ============== 804.361
LDB: ============== END OF LOAD BALANCING =============== 804.361
Info: useSync: 0 useProxySync: 0
LDB: =============== DONE WITH MIGRATION ================ 804.361
LDB: ============= START OF LOAD BALANCING ============== 804.427
LDB: Largest compute 163 load 0.012694 is 22.8% of average load 0.055741
LDB: Average compute 0.003925 is 7.0% of average load 0.055741
LDB: TIME 804.427 LOAD: AVG 0.0557406 MAX 0.0605381  PROXIES: TOTAL 24 MAXPE 4 MAXPATCH 6 None MEM: 0.478235 MB
LDB: TIME 804.427 LOAD: AVG 0.0557406 MAX 0.0605381  PROXIES: TOTAL 30 MAXPE 4 MAXPATCH 9 RefineTorusLB MEM: 0.478235 MB
LDB: TIME 804.427 LOAD: AVG 0.0557406 MAX 0.0605381  PROXIES: TOTAL 30 MAXPE 4 MAXPATCH 9 RefineTorusLB MEM: 0.478235 MB
LDB: ============== END OF LOAD BALANCING =============== 804.428
Info: useSync: 0 useProxySync: 0
LDB: =============== DONE WITH MIGRATION ================ 804.428
WRITING COORDINATES TO DCD FILE MDequil.dcd AT STEP 390000
PRESSURE: 390000 129.119 115.923 1002.75 -114.902 -392.89 15.0239 544.609 157.313 122.124
GPRESSURE: 390000 20.5586 278.329 953.011 -346.717 -199.642 -11.2564 657.802 84.8772 59.786
PRESSAVG: 390000 -161.828 18.955 0.777565 28.5963 -248.79 -78.0807 0.489088 -88.5281 1.67037
GPRESSAVG: 390000 -161.578 18.7544 0.951339 28.6467 -248.656 -77.8787 0.330545 -88.6458 1.53389
ENERGY:  390000         0.0000         0.0000         0.0000         0.0000          -5739.5120       416.3871         0.0000         0.0000       955.0732          -4368.0517       303.4184     -5323.1249     -4365.9132       296.5679            -47.2158       -39.7658     22430.4211      -136.3158      -136.2335

LDB: ============= START OF LOAD BALANCING ============== 807.156
LDB: ============== END OF LOAD BALANCING =============== 807.156
Info: useSync: 0 useProxySync: 0
LDB: =============== DONE WITH MIGRATION ================ 807.156
LDB: ============= START OF LOAD BALANCING ============== 807.225
LDB: Largest compute 162 load 0.013067 is 23.3% of average load 0.056089
LDB: Average compute 0.003954 is 7.0% of average load 0.056089
LDB: TIME 807.225 LOAD: AVG 0.0560893 MAX 0.0637747  PROXIES: TOTAL 24 MAXPE 4 MAXPATCH 6 None MEM: 0.478235 MB
LDB: TIME 807.225 LOAD: AVG 0.0560893 MAX 0.0637747  PROXIES: TOTAL 30 MAXPE 4 MAXPATCH 9 RefineTorusLB MEM: 0.478235 MB
LDB: TIME 807.225 LOAD: AVG 0.0560893 MAX 0.0597975  PROXIES: TOTAL 30 MAXPE 4 MAXPATCH 9 RefineTorusLB MEM: 0.478235 MB
LDB: ============== END OF LOAD BALANCING =============== 807.225
Info: useSync: 0 useProxySync: 0
LDB: =============== DONE WITH MIGRATION ================ 807.225
LDB: ============= START OF LOAD BALANCING ============== 809.886
LDB: ============== END OF LOAD BALANCING =============== 809.886
Info: useSync: 0 useProxySync: 0
LDB: =============== DONE WITH MIGRATION ================ 809.887
LDB: ============= START OF LOAD BALANCING ============== 809.954
LDB: Largest compute 52 load 0.012490 is 23.0% of average load 0.054370
LDB: Average compute 0.003825 is 7.0% of average load 0.054370
LDB: TIME 809.954 LOAD: AVG 0.0543704 MAX 0.0580105  PROXIES: TOTAL 24 MAXPE 4 MAXPATCH 6 None MEM: 0.478235 MB
LDB: TIME 809.954 LOAD: AVG 0.0543704 MAX 0.0580105  PROXIES: TOTAL 30 MAXPE 4 MAXPATCH 9 RefineTorusLB MEM: 0.478235 MB
LDB: TIME 809.954 LOAD: AVG 0.0543704 MAX 0.0580105  PROXIES: TOTAL 30 MAXPE 4 MAXPATCH 9 RefineTorusLB MEM: 0.478235 MB
LDB: ============== END OF LOAD BALANCING =============== 809.954
Info: useSync: 0 useProxySync: 0
LDB: =============== DONE WITH MIGRATION ================ 809.954
LDB: ============= START OF LOAD BALANCING ============== 812.63
LDB: ============== END OF LOAD BALANCING =============== 812.63
Info: useSync: 0 useProxySync: 0
LDB: =============== DONE WITH MIGRATION ================ 812.63
LDB: ============= START OF LOAD BALANCING ============== 812.697
LDB: Largest compute 163 load 0.012624 is 22.4% of average load 0.056368
LDB: Average compute 0.003981 is 7.1% of average load 0.056368
LDB: TIME 812.697 LOAD: AVG 0.0563678 MAX 0.0607658  PROXIES: TOTAL 24 MAXPE 4 MAXPATCH 6 None MEM: 0.478235 MB
LDB: TIME 812.697 LOAD: AVG 0.0563678 MAX 0.0607658  PROXIES: TOTAL 30 MAXPE 4 MAXPATCH 9 RefineTorusLB MEM: 0.478235 MB
LDB: TIME 812.697 LOAD: AVG 0.0563678 MAX 0.0607658  PROXIES: TOTAL 30 MAXPE 4 MAXPATCH 9 RefineTorusLB MEM: 0.478235 MB
LDB: ============== END OF LOAD BALANCING =============== 812.697
Info: useSync: 0 useProxySync: 0
LDB: =============== DONE WITH MIGRATION ================ 812.697
PRESSURE: 395000 688.336 1011.72 92.9762 480.557 77.8284 -616.557 -33.8236 7.9333 599.952
GPRESSURE: 395000 765.302 1049.45 9.75946 389.224 114.042 -757.729 -228.398 107.513 519.505
PRESSAVG: 395000 -427.831 18.6126 -8.90131 20.078 -267.247 -51.0838 26.2717 -30.5144 -20.973
GPRESSAVG: 395000 -428.408 18.3425 -8.63802 20.2913 -267.333 -51.3454 26.2589 -30.0389 -20.6656
ENERGY:  395000         0.0000         0.0000         0.0000         0.0000          -5608.7011       427.1379         0.0000         0.0000       907.2781          -4274.2851       288.2343     -5181.5633     -4271.4113       294.3003            455.3720       466.2830     22479.9553      -238.6835      -238.8022

WRITING COORDINATES TO DCD FILE MDequil.dcd AT STEP 395000
LDB: ============= START OF LOAD BALANCING ============== 815.417
LDB: ============== END OF LOAD BALANCING =============== 815.417
Info: useSync: 0 useProxySync: 0
LDB: =============== DONE WITH MIGRATION ================ 815.417
LDB: ============= START OF LOAD BALANCING ============== 815.485
LDB: Largest compute 162 load 0.012389 is 21.8% of average load 0.056957
LDB: Average compute 0.004021 is 7.1% of average load 0.056957
LDB: TIME 815.486 LOAD: AVG 0.0569566 MAX 0.0624258  PROXIES: TOTAL 24 MAXPE 4 MAXPATCH 6 None MEM: 0.478235 MB
LDB: TIME 815.486 LOAD: AVG 0.0569566 MAX 0.0624258  PROXIES: TOTAL 30 MAXPE 4 MAXPATCH 9 RefineTorusLB MEM: 0.478235 MB
LDB: TIME 815.486 LOAD: AVG 0.0569566 MAX 0.0621353  PROXIES: TOTAL 30 MAXPE 4 MAXPATCH 9 RefineTorusLB MEM: 0.478235 MB
LDB: ============== END OF LOAD BALANCING =============== 815.486
Info: useSync: 0 useProxySync: 0
LDB: =============== DONE WITH MIGRATION ================ 815.486
LDB: ============= START OF LOAD BALANCING ============== 818.154
LDB: ============== END OF LOAD BALANCING =============== 818.154
Info: useSync: 0 useProxySync: 0
LDB: =============== DONE WITH MIGRATION ================ 818.155
LDB: ============= START OF LOAD BALANCING ============== 818.221
LDB: Largest compute 163 load 0.013489 is 24.1% of average load 0.055965
LDB: Average compute 0.003946 is 7.1% of average load 0.055965
LDB: TIME 818.221 LOAD: AVG 0.0559652 MAX 0.0609627  PROXIES: TOTAL 24 MAXPE 4 MAXPATCH 6 None MEM: 0.478235 MB
LDB: TIME 818.221 LOAD: AVG 0.0559652 MAX 0.0609627  PROXIES: TOTAL 30 MAXPE 4 MAXPATCH 9 RefineTorusLB MEM: 0.478235 MB
LDB: TIME 818.221 LOAD: AVG 0.0559652 MAX 0.0609627  PROXIES: TOTAL 30 MAXPE 4 MAXPATCH 9 RefineTorusLB MEM: 0.478235 MB
LDB: ============== END OF LOAD BALANCING =============== 818.221
Info: useSync: 0 useProxySync: 0
LDB: =============== DONE WITH MIGRATION ================ 818.222
WRITING COORDINATES TO DCD FILE MDequil.dcd AT STEP 400000
WRITING COORDINATES TO RESTART FILE AT STEP 400000
FINISHED WRITING RESTART COORDINATES
WRITING VELOCITIES TO RESTART FILE AT STEP 400000
FINISHED WRITING RESTART VELOCITIES
PRESSURE: 400000 -327.229 293.24 -178.906 372.765 -39.1944 -413.695 -397.878 -418.101 -786.227
GPRESSURE: 400000 -352.923 47.1783 -177.626 663.352 79.6638 -420.796 -514.137 -251.482 -813.279
PRESSAVG: 400000 -283.398 -46.9088 10.6489 -17.9754 -260.876 -40.6055 39.3852 -15.8738 -8.85136
GPRESSAVG: 400000 -283.148 -47.2536 10.2307 -17.9836 -260.912 -40.8345 39.5701 -15.7179 -9.15645
TIMING: 400000  CPU: 776.174, 0.00280152/step  Wall: 807.957, 0.00298441/step, 0.0829004 hours remaining, 0.478235 MB of memory in use.
PERFORMANCE: 400000  averaging 85.5518 ns/day, 0.00201983 sec/step with standard deviation 0.000641158
ETITLE:      TS           BOND          ANGLE          DIHED          IMPRP               ELECT            VDW       BOUNDARY           MISC        KINETIC               TOTAL           TEMP      POTENTIAL         TOTAL3        TEMPAVG            PRESSURE      GPRESSURE         VOLUME       PRESSAVG      GPRESSAVG

ENERGY:  400000         0.0000         0.0000         0.0000         0.0000          -5678.6558       397.2876         0.0000         0.0000       932.9578          -4348.4104       296.3925     -5281.3682     -4345.7900       300.7471           -384.2168      -362.1794     22559.7717      -184.3750      -184.4056

WRITING EXTENDED SYSTEM TO RESTART FILE AT STEP 400000
LDB: ============= START OF LOAD BALANCING ============== 821.023
LDB: ============== END OF LOAD BALANCING =============== 821.023
Info: useSync: 0 useProxySync: 0
LDB: =============== DONE WITH MIGRATION ================ 821.023
LDB: ============= START OF LOAD BALANCING ============== 821.09
LDB: Largest compute 52 load 0.013390 is 23.6% of average load 0.056658
LDB: Average compute 0.003999 is 7.1% of average load 0.056658
LDB: TIME 821.09 LOAD: AVG 0.0566585 MAX 0.0625859  PROXIES: TOTAL 24 MAXPE 4 MAXPATCH 6 None MEM: 0.478235 MB
LDB: TIME 821.09 LOAD: AVG 0.0566585 MAX 0.0625859  PROXIES: TOTAL 30 MAXPE 4 MAXPATCH 9 RefineTorusLB MEM: 0.478235 MB
LDB: TIME 821.09 LOAD: AVG 0.0566585 MAX 0.0612721  PROXIES: TOTAL 30 MAXPE 4 MAXPATCH 9 RefineTorusLB MEM: 0.478235 MB
LDB: ============== END OF LOAD BALANCING =============== 821.09
Info: useSync: 0 useProxySync: 0
LDB: =============== DONE WITH MIGRATION ================ 821.091
LDB: ============= START OF LOAD BALANCING ============== 823.817
LDB: ============== END OF LOAD BALANCING =============== 823.818
Info: useSync: 0 useProxySync: 0
LDB: =============== DONE WITH MIGRATION ================ 823.818
LDB: ============= START OF LOAD BALANCING ============== 823.883
LDB: Largest compute 163 load 0.013068 is 23.5% of average load 0.055690
LDB: Average compute 0.003921 is 7.0% of average load 0.055690
LDB: TIME 823.883 LOAD: AVG 0.0556901 MAX 0.0593357  PROXIES: TOTAL 24 MAXPE 4 MAXPATCH 6 None MEM: 0.478235 MB
LDB: TIME 823.883 LOAD: AVG 0.0556901 MAX 0.0593357  PROXIES: TOTAL 30 MAXPE 4 MAXPATCH 9 RefineTorusLB MEM: 0.478235 MB
LDB: TIME 823.883 LOAD: AVG 0.0556901 MAX 0.0593357  PROXIES: TOTAL 30 MAXPE 4 MAXPATCH 9 RefineTorusLB MEM: 0.478235 MB
LDB: ============== END OF LOAD BALANCING =============== 823.883
Info: useSync: 0 useProxySync: 0
LDB: =============== DONE WITH MIGRATION ================ 823.883
LDB: ============= START OF LOAD BALANCING ============== 826.591
LDB: ============== END OF LOAD BALANCING =============== 826.591
Info: useSync: 0 useProxySync: 0
LDB: =============== DONE WITH MIGRATION ================ 826.592
LDB: ============= START OF LOAD BALANCING ============== 826.659
LDB: Largest compute 162 load 0.013714 is 25.0% of average load 0.054854
LDB: Average compute 0.003853 is 7.0% of average load 0.054854
LDB: TIME 826.659 LOAD: AVG 0.0548535 MAX 0.0628397  PROXIES: TOTAL 24 MAXPE 4 MAXPATCH 6 None MEM: 0.478235 MB
LDB: TIME 826.659 LOAD: AVG 0.0548535 MAX 0.0628397  PROXIES: TOTAL 30 MAXPE 4 MAXPATCH 9 RefineTorusLB MEM: 0.478235 MB
LDB: TIME 826.659 LOAD: AVG 0.0548535 MAX 0.0593623  PROXIES: TOTAL 30 MAXPE 4 MAXPATCH 9 RefineTorusLB MEM: 0.478235 MB
LDB: ============== END OF LOAD BALANCING =============== 826.659
Info: useSync: 0 useProxySync: 0
LDB: =============== DONE WITH MIGRATION ================ 826.66
PRESSURE: 405000 -174.1 -164.112 110.129 40.0992 -1174.08 -71.1578 -40.7633 -123.83 1343.02
GPRESSURE: 405000 -231.869 -291.179 173.337 -130.492 -1193.75 -69.2973 233.613 -72.732 1463.2
PRESSAVG: 405000 -327.302 2.69038 29.0267 -31.1612 -262.492 -7.626 41.9527 -29.3473 -4.33358
GPRESSAVG: 405000 -327.006 2.31272 28.8154 -31.0069 -262.3 -7.76515 42.1194 -29.7011 -4.26888
ENERGY:  405000         0.0000         0.0000         0.0000         0.0000          -5612.3198       391.1513         0.0000         0.0000       949.5485          -4271.6200       301.6632     -5221.1685     -4269.2893       297.3716             -1.7186        12.5276     22428.6499      -198.0422      -197.8583

WRITING COORDINATES TO DCD FILE MDequil.dcd AT STEP 405000
LDB: ============= START OF LOAD BALANCING ============== 829.347
LDB: ============== END OF LOAD BALANCING =============== 829.347
Info: useSync: 0 useProxySync: 0
LDB: =============== DONE WITH MIGRATION ================ 829.348
LDB: ============= START OF LOAD BALANCING ============== 829.415
LDB: Largest compute 162 load 0.012278 is 22.5% of average load 0.054606
LDB: Average compute 0.003822 is 7.0% of average load 0.054606
LDB: TIME 829.415 LOAD: AVG 0.0546057 MAX 0.059955  PROXIES: TOTAL 24 MAXPE 4 MAXPATCH 6 None MEM: 0.478235 MB
LDB: TIME 829.415 LOAD: AVG 0.0546057 MAX 0.059955  PROXIES: TOTAL 30 MAXPE 4 MAXPATCH 9 RefineTorusLB MEM: 0.478235 MB
LDB: TIME 829.415 LOAD: AVG 0.0546057 MAX 0.0594298  PROXIES: TOTAL 30 MAXPE 4 MAXPATCH 9 RefineTorusLB MEM: 0.478235 MB
LDB: ============== END OF LOAD BALANCING =============== 829.415
Info: useSync: 0 useProxySync: 0
LDB: =============== DONE WITH MIGRATION ================ 829.415
LDB: ============= START OF LOAD BALANCING ============== 832.067
LDB: ============== END OF LOAD BALANCING =============== 832.067
Info: useSync: 0 useProxySync: 0
LDB: =============== DONE WITH MIGRATION ================ 832.067
LDB: ============= START OF LOAD BALANCING ============== 832.134
LDB: Largest compute 163 load 0.012399 is 22.2% of average load 0.055742
LDB: Average compute 0.003922 is 7.0% of average load 0.055742
LDB: TIME 832.134 LOAD: AVG 0.0557416 MAX 0.0620986  PROXIES: TOTAL 24 MAXPE 4 MAXPATCH 6 None MEM: 0.478235 MB
LDB: TIME 832.134 LOAD: AVG 0.0557416 MAX 0.0620986  PROXIES: TOTAL 30 MAXPE 4 MAXPATCH 9 RefineTorusLB MEM: 0.478235 MB
LDB: TIME 832.134 LOAD: AVG 0.0557416 MAX 0.0595314  PROXIES: TOTAL 30 MAXPE 4 MAXPATCH 9 RefineTorusLB MEM: 0.478235 MB
LDB: ============== END OF LOAD BALANCING =============== 832.134
Info: useSync: 0 useProxySync: 0
LDB: =============== DONE WITH MIGRATION ================ 832.134
WRITING COORDINATES TO DCD FILE MDequil.dcd AT STEP 410000
PRESSURE: 410000 181.048 599.663 -128.71 639.161 -145.695 608.676 -170.687 298.372 -1029.21
GPRESSURE: 410000 279.633 353.334 -557.264 905.41 -249.331 441.485 96.5015 282.941 -1007.08
PRESSAVG: 410000 -296.661 23.144 73.6987 81.2789 -247.59 -10.8933 -25.2373 -17.5805 -10.0216
GPRESSAVG: 410000 -296.794 23.2917 74.0721 81.1909 -247.646 -11.0057 -25.4081 -17.3996 -9.8817
ENERGY:  410000         0.0000         0.0000         0.0000         0.0000          -5604.9710       400.6464         0.0000         0.0000       929.7347          -4274.5899       295.3685     -5204.3246     -4272.6700       299.5478           -331.2842      -325.5929     22454.5154      -184.7574      -184.7740

LDB: ============= START OF LOAD BALANCING ============== 834.801
LDB: ============== END OF LOAD BALANCING =============== 834.801
Info: useSync: 0 useProxySync: 0
LDB: =============== DONE WITH MIGRATION ================ 834.801
LDB: ============= START OF LOAD BALANCING ============== 834.868
LDB: Largest compute 162 load 0.012600 is 22.4% of average load 0.056129
LDB: Average compute 0.003959 is 7.1% of average load 0.056129
LDB: TIME 834.868 LOAD: AVG 0.0561293 MAX 0.0612216  PROXIES: TOTAL 24 MAXPE 4 MAXPATCH 6 None MEM: 0.478235 MB
LDB: TIME 834.868 LOAD: AVG 0.0561293 MAX 0.0612216  PROXIES: TOTAL 30 MAXPE 4 MAXPATCH 9 RefineTorusLB MEM: 0.478235 MB
LDB: TIME 834.868 LOAD: AVG 0.0561293 MAX 0.0612216  PROXIES: TOTAL 30 MAXPE 4 MAXPATCH 9 RefineTorusLB MEM: 0.478235 MB
LDB: ============== END OF LOAD BALANCING =============== 834.868
Info: useSync: 0 useProxySync: 0
LDB: =============== DONE WITH MIGRATION ================ 834.868
LDB: ============= START OF LOAD BALANCING ============== 837.532
LDB: ============== END OF LOAD BALANCING =============== 837.532
Info: useSync: 0 useProxySync: 0
LDB: =============== DONE WITH MIGRATION ================ 837.532
LDB: ============= START OF LOAD BALANCING ============== 837.599
LDB: Largest compute 162 load 0.012928 is 22.8% of average load 0.056659
LDB: Average compute 0.003995 is 7.1% of average load 0.056659
LDB: TIME 837.599 LOAD: AVG 0.0566589 MAX 0.0606594  PROXIES: TOTAL 24 MAXPE 4 MAXPATCH 6 None MEM: 0.478235 MB
LDB: TIME 837.599 LOAD: AVG 0.0566589 MAX 0.0606594  PROXIES: TOTAL 30 MAXPE 4 MAXPATCH 9 RefineTorusLB MEM: 0.478235 MB
LDB: TIME 837.599 LOAD: AVG 0.0566589 MAX 0.0606594  PROXIES: TOTAL 30 MAXPE 4 MAXPATCH 9 RefineTorusLB MEM: 0.478235 MB
LDB: ============== END OF LOAD BALANCING =============== 837.6
Info: useSync: 0 useProxySync: 0
LDB: =============== DONE WITH MIGRATION ================ 837.6
LDB: ============= START OF LOAD BALANCING ============== 840.276
LDB: ============== END OF LOAD BALANCING =============== 840.276
Info: useSync: 0 useProxySync: 0
LDB: =============== DONE WITH MIGRATION ================ 840.276
LDB: ============= START OF LOAD BALANCING ============== 840.344
LDB: Largest compute 162 load 0.012545 is 22.5% of average load 0.055634
LDB: Average compute 0.003924 is 7.1% of average load 0.055634
LDB: TIME 840.344 LOAD: AVG 0.0556335 MAX 0.061372  PROXIES: TOTAL 24 MAXPE 4 MAXPATCH 6 None MEM: 0.478235 MB
LDB: TIME 840.344 LOAD: AVG 0.0556335 MAX 0.061372  PROXIES: TOTAL 30 MAXPE 4 MAXPATCH 9 RefineTorusLB MEM: 0.478235 MB
LDB: TIME 840.344 LOAD: AVG 0.0556335 MAX 0.0605187  PROXIES: TOTAL 30 MAXPE 4 MAXPATCH 9 RefineTorusLB MEM: 0.478235 MB
LDB: ============== END OF LOAD BALANCING =============== 840.344
Info: useSync: 0 useProxySync: 0
LDB: =============== DONE WITH MIGRATION ================ 840.344
WRITING COORDINATES TO DCD FILE MDequil.dcd AT STEP 415000
PRESSURE: 415000 -308.197 -464.19 169.611 -681.788 -491.162 186.42 -282.181 -26.4079 554.482
GPRESSURE: 415000 -283.663 -695.256 -41.1762 -512.185 -507.39 285.579 -171.985 -341.948 614.069
PRESSAVG: 415000 -351.547 -12.7644 -9.14434 -47.4725 -343.082 110.566 -17.0399 25.9529 7.36398
GPRESSAVG: 415000 -351.315 -13.0123 -9.26085 -47.38 -342.924 110.543 -17.5034 25.7332 7.19047
ENERGY:  415000         0.0000         0.0000         0.0000         0.0000          -5610.3714       416.6902         0.0000         0.0000       908.6296          -4285.0516       288.6636     -5193.6812     -4282.1648       297.1807            -81.6260       -58.9947     22786.9684      -229.0884      -229.0160

LDB: ============= START OF LOAD BALANCING ============== 843.027
LDB: ============== END OF LOAD BALANCING =============== 843.039
Info: useSync: 0 useProxySync: 0
LDB: =============== DONE WITH MIGRATION ================ 843.039
LDB: ============= START OF LOAD BALANCING ============== 843.118
LDB: Largest compute 162 load 0.013055 is 24.2% of average load 0.054018
LDB: Average compute 0.003799 is 7.0% of average load 0.054018
LDB: TIME 843.118 LOAD: AVG 0.0540177 MAX 0.0606856  PROXIES: TOTAL 24 MAXPE 4 MAXPATCH 6 None MEM: 0.478235 MB
LDB: TIME 843.119 LOAD: AVG 0.0540177 MAX 0.0606856  PROXIES: TOTAL 30 MAXPE 4 MAXPATCH 9 RefineTorusLB MEM: 0.478235 MB
LDB: TIME 843.119 LOAD: AVG 0.0540177 MAX 0.0587446  PROXIES: TOTAL 30 MAXPE 4 MAXPATCH 9 RefineTorusLB MEM: 0.478235 MB
LDB: ============== END OF LOAD BALANCING =============== 843.119
Info: useSync: 0 useProxySync: 0
LDB: =============== DONE WITH MIGRATION ================ 843.119
LDB: ============= START OF LOAD BALANCING ============== 845.771
LDB: ============== END OF LOAD BALANCING =============== 845.771
Info: useSync: 0 useProxySync: 0
LDB: =============== DONE WITH MIGRATION ================ 845.772
LDB: ============= START OF LOAD BALANCING ============== 845.838
LDB: Largest compute 52 load 0.012844 is 23.0% of average load 0.055892
LDB: Average compute 0.003943 is 7.1% of average load 0.055892
LDB: TIME 845.838 LOAD: AVG 0.0558923 MAX 0.0593627  PROXIES: TOTAL 24 MAXPE 4 MAXPATCH 6 None MEM: 0.478235 MB
LDB: TIME 845.838 LOAD: AVG 0.0558923 MAX 0.0593627  PROXIES: TOTAL 30 MAXPE 4 MAXPATCH 9 RefineTorusLB MEM: 0.478235 MB
LDB: TIME 845.838 LOAD: AVG 0.0558923 MAX 0.0593627  PROXIES: TOTAL 30 MAXPE 4 MAXPATCH 9 RefineTorusLB MEM: 0.478235 MB
LDB: ============== END OF LOAD BALANCING =============== 845.838
Info: useSync: 0 useProxySync: 0
LDB: =============== DONE WITH MIGRATION ================ 845.838
WRITING COORDINATES TO DCD FILE MDequil.dcd AT STEP 420000
PRESSURE: 420000 -782.995 -187.632 312.353 -184.994 -437.508 -235.082 27.2309 -172.256 -297.189
GPRESSURE: 420000 -826.463 -459.116 168.856 -31.8095 -327.517 -337.322 8.25187 -297.119 -323.002
PRESSAVG: 420000 -339.63 -29.3039 -7.18871 -6.88835 -360.181 55.4823 -16.8936 62.509 9.03146
GPRESSAVG: 420000 -339.637 -28.8809 -7.31782 -7.19448 -360.161 55.3031 -16.8092 62.6574 8.93973
ENERGY:  420000         0.0000         0.0000         0.0000         0.0000          -5573.7095       378.6624         0.0000         0.0000       944.5860          -4250.4610       300.0867     -5195.0470     -4247.3925       299.3981           -505.8977      -492.3270     22786.2222      -230.2599      -230.2861

LDB: ============= START OF LOAD BALANCING ============== 848.638
LDB: ============== END OF LOAD BALANCING =============== 848.638
Info: useSync: 0 useProxySync: 0
LDB: =============== DONE WITH MIGRATION ================ 848.638
LDB: ============= START OF LOAD BALANCING ============== 848.705
LDB: Largest compute 163 load 0.012062 is 21.8% of average load 0.055257
LDB: Average compute 0.003884 is 7.0% of average load 0.055257
LDB: TIME 848.705 LOAD: AVG 0.055257 MAX 0.0612573  PROXIES: TOTAL 24 MAXPE 4 MAXPATCH 6 None MEM: 0.478235 MB
LDB: TIME 848.705 LOAD: AVG 0.055257 MAX 0.0612573  PROXIES: TOTAL 30 MAXPE 4 MAXPATCH 9 RefineTorusLB MEM: 0.478235 MB
LDB: TIME 848.705 LOAD: AVG 0.055257 MAX 0.0598759  PROXIES: TOTAL 30 MAXPE 4 MAXPATCH 9 RefineTorusLB MEM: 0.478235 MB
LDB: ============== END OF LOAD BALANCING =============== 848.705
Info: useSync: 0 useProxySync: 0
LDB: =============== DONE WITH MIGRATION ================ 848.705
LDB: ============= START OF LOAD BALANCING ============== 851.333
LDB: ============== END OF LOAD BALANCING =============== 851.333
Info: useSync: 0 useProxySync: 0
LDB: =============== DONE WITH MIGRATION ================ 851.334
LDB: ============= START OF LOAD BALANCING ============== 851.401
LDB: Largest compute 162 load 0.014652 is 26.2% of average load 0.055911
LDB: Average compute 0.003933 is 7.0% of average load 0.055911
LDB: TIME 851.402 LOAD: AVG 0.0559107 MAX 0.0631886  PROXIES: TOTAL 24 MAXPE 4 MAXPATCH 6 None MEM: 0.478235 MB
LDB: TIME 851.402 LOAD: AVG 0.0559107 MAX 0.0631886  PROXIES: TOTAL 30 MAXPE 4 MAXPATCH 9 RefineTorusLB MEM: 0.478235 MB
LDB: TIME 851.402 LOAD: AVG 0.0559107 MAX 0.0608198  PROXIES: TOTAL 30 MAXPE 4 MAXPATCH 9 RefineTorusLB MEM: 0.478235 MB
LDB: ============== END OF LOAD BALANCING =============== 851.402
Info: useSync: 0 useProxySync: 0
LDB: =============== DONE WITH MIGRATION ================ 851.402
LDB: ============= START OF LOAD BALANCING ============== 854.035
LDB: ============== END OF LOAD BALANCING =============== 854.035
Info: useSync: 0 useProxySync: 0
LDB: =============== DONE WITH MIGRATION ================ 854.035
LDB: ============= START OF LOAD BALANCING ============== 854.101
LDB: Largest compute 162 load 0.013106 is 23.3% of average load 0.056360
LDB: Average compute 0.003966 is 7.0% of average load 0.056360
LDB: TIME 854.101 LOAD: AVG 0.0563599 MAX 0.0606498  PROXIES: TOTAL 24 MAXPE 4 MAXPATCH 6 None MEM: 0.478235 MB
LDB: TIME 854.102 LOAD: AVG 0.0563599 MAX 0.0606498  PROXIES: TOTAL 30 MAXPE 4 MAXPATCH 9 RefineTorusLB MEM: 0.478235 MB
LDB: TIME 854.102 LOAD: AVG 0.0563599 MAX 0.0606498  PROXIES: TOTAL 30 MAXPE 4 MAXPATCH 9 RefineTorusLB MEM: 0.478235 MB
LDB: ============== END OF LOAD BALANCING =============== 854.102
Info: useSync: 0 useProxySync: 0
LDB: =============== DONE WITH MIGRATION ================ 854.102
WRITING COORDINATES TO DCD FILE MDequil.dcd AT STEP 425000
PRESSURE: 425000 441.826 138.142 -285.868 351.263 -197.456 -541.286 -363.289 -482.006 -105.524
GPRESSURE: 425000 327.752 608.506 72.1077 89.1959 -63.7989 -511.02 -446.111 -476.932 -57.3663
PRESSAVG: 425000 -345.098 -23.3936 9.26942 -42.3884 -362.423 39.0494 -27.232 -26.4274 -1.79904
GPRESSAVG: 425000 -344.85 -23.2619 9.49374 -42.0704 -362.739 39.3871 -26.9009 -26.6457 -1.92992
ENERGY:  425000         0.0000         0.0000         0.0000         0.0000          -5607.1796       413.1290         0.0000         0.0000       912.9879          -4281.0627       290.0482     -5194.0506     -4279.8030       300.1180             46.2821        68.8622     22763.6002      -236.4399      -236.5061

LDB: ============= START OF LOAD BALANCING ============== 856.853
LDB: ============== END OF LOAD BALANCING =============== 856.853
Info: useSync: 0 useProxySync: 0
LDB: =============== DONE WITH MIGRATION ================ 856.853
LDB: ============= START OF LOAD BALANCING ============== 856.919
LDB: Largest compute 162 load 0.013751 is 24.8% of average load 0.055420
LDB: Average compute 0.003895 is 7.0% of average load 0.055420
LDB: TIME 856.92 LOAD: AVG 0.0554204 MAX 0.0605317  PROXIES: TOTAL 24 MAXPE 4 MAXPATCH 6 None MEM: 0.478235 MB
LDB: TIME 856.92 LOAD: AVG 0.0554204 MAX 0.0605317  PROXIES: TOTAL 30 MAXPE 4 MAXPATCH 9 RefineTorusLB MEM: 0.478235 MB
LDB: TIME 856.92 LOAD: AVG 0.0554204 MAX 0.0602662  PROXIES: TOTAL 30 MAXPE 4 MAXPATCH 9 RefineTorusLB MEM: 0.478235 MB
LDB: ============== END OF LOAD BALANCING =============== 856.92
Info: useSync: 0 useProxySync: 0
LDB: =============== DONE WITH MIGRATION ================ 856.92
LDB: ============= START OF LOAD BALANCING ============== 859.55
LDB: ============== END OF LOAD BALANCING =============== 859.55
Info: useSync: 0 useProxySync: 0
LDB: =============== DONE WITH MIGRATION ================ 859.553
LDB: ============= START OF LOAD BALANCING ============== 859.632
LDB: Largest compute 88 load 0.017239 is 30.7% of average load 0.056181
LDB: Average compute 0.003957 is 7.0% of average load 0.056181
LDB: TIME 859.632 LOAD: AVG 0.056181 MAX 0.0722272  PROXIES: TOTAL 24 MAXPE 4 MAXPATCH 6 None MEM: 0.478235 MB
LDB: TIME 859.632 LOAD: AVG 0.056181 MAX 0.0722272  PROXIES: TOTAL 30 MAXPE 4 MAXPATCH 9 RefineTorusLB MEM: 0.478235 MB
LDB: TIME 859.632 LOAD: AVG 0.056181 MAX 0.0606486  PROXIES: TOTAL 30 MAXPE 4 MAXPATCH 9 RefineTorusLB MEM: 0.478235 MB
LDB: ============== END OF LOAD BALANCING =============== 859.633
Info: useSync: 0 useProxySync: 0
LDB: =============== DONE WITH MIGRATION ================ 859.633
WRITING COORDINATES TO DCD FILE MDequil.dcd AT STEP 430000
PRESSURE: 430000 -314.74 49.9192 896.982 406.914 -392.534 -175.867 1277.89 -348.475 156.813
GPRESSURE: 430000 -174.406 -51.2201 698.518 583.243 -628.526 -180.116 1469.96 -291.245 291.958
PRESSAVG: 430000 -286.542 -56.8215 12.4139 -35.1377 -356.254 -36.3843 50.9795 -14.6202 3.07482
GPRESSAVG: 430000 -286.583 -57.1855 12.2484 -35.4642 -356.35 -36.3208 51.2072 -14.6698 3.08514
ENERGY:  430000         0.0000         0.0000         0.0000         0.0000          -5544.2206       361.3743         0.0000         0.0000       950.1043          -4232.7420       301.8398     -5182.8463     -4231.5408       297.5618           -183.4873      -170.3244     22483.2125      -213.2405      -213.2829

LDB: ============= START OF LOAD BALANCING ============== 862.793
LDB: ============== END OF LOAD BALANCING =============== 862.793
Info: useSync: 0 useProxySync: 0
LDB: =============== DONE WITH MIGRATION ================ 862.793
LDB: ============= START OF LOAD BALANCING ============== 862.912
LDB: Largest compute 160 load 0.014656 is 24.7% of average load 0.059220
LDB: Average compute 0.004122 is 7.0% of average load 0.059220
LDB: TIME 862.913 LOAD: AVG 0.0592204 MAX 0.0859067  PROXIES: TOTAL 24 MAXPE 4 MAXPATCH 6 None MEM: 0.478235 MB
LDB: TIME 862.913 LOAD: AVG 0.0592204 MAX 0.0859067  PROXIES: TOTAL 30 MAXPE 4 MAXPATCH 9 RefineTorusLB MEM: 0.478235 MB
LDB: TIME 862.913 LOAD: AVG 0.0592204 MAX 0.0639785  PROXIES: TOTAL 31 MAXPE 4 MAXPATCH 9 RefineTorusLB MEM: 0.478235 MB
LDB: ============== END OF LOAD BALANCING =============== 862.913
Info: useSync: 0 useProxySync: 0
LDB: =============== DONE WITH MIGRATION ================ 862.913
LDB: ============= START OF LOAD BALANCING ============== 866.427
LDB: ============== END OF LOAD BALANCING =============== 866.428
Info: useSync: 0 useProxySync: 0
LDB: =============== DONE WITH MIGRATION ================ 866.428
LDB: ============= START OF LOAD BALANCING ============== 866.498
LDB: Largest compute 162 load 0.012159 is 22.2% of average load 0.054739
LDB: Average compute 0.003833 is 7.0% of average load 0.054739
LDB: TIME 866.498 LOAD: AVG 0.0547386 MAX 0.0649955  PROXIES: TOTAL 24 MAXPE 4 MAXPATCH 6 None MEM: 0.478235 MB
LDB: TIME 866.498 LOAD: AVG 0.0547386 MAX 0.0649955  PROXIES: TOTAL 31 MAXPE 4 MAXPATCH 9 RefineTorusLB MEM: 0.478235 MB
LDB: TIME 866.498 LOAD: AVG 0.0547386 MAX 0.0593831  PROXIES: TOTAL 30 MAXPE 4 MAXPATCH 9 RefineTorusLB MEM: 0.478235 MB
LDB: ============== END OF LOAD BALANCING =============== 866.498
Info: useSync: 0 useProxySync: 0
LDB: =============== DONE WITH MIGRATION ================ 866.498
LDB: ============= START OF LOAD BALANCING ============== 869.464
LDB: ============== END OF LOAD BALANCING =============== 869.464
Info: useSync: 0 useProxySync: 0
LDB: =============== DONE WITH MIGRATION ================ 869.464
LDB: ============= START OF LOAD BALANCING ============== 869.534
LDB: Largest compute 162 load 0.012882 is 23.4% of average load 0.055024
LDB: Average compute 0.003857 is 7.0% of average load 0.055024
LDB: TIME 869.536 LOAD: AVG 0.0550244 MAX 0.0615226  PROXIES: TOTAL 24 MAXPE 4 MAXPATCH 6 None MEM: 0.478235 MB
LDB: TIME 869.536 LOAD: AVG 0.0550244 MAX 0.0615226  PROXIES: TOTAL 30 MAXPE 4 MAXPATCH 9 RefineTorusLB MEM: 0.478235 MB
LDB: TIME 869.536 LOAD: AVG 0.0550244 MAX 0.0599722  PROXIES: TOTAL 30 MAXPE 4 MAXPATCH 9 RefineTorusLB MEM: 0.478235 MB
LDB: ============== END OF LOAD BALANCING =============== 869.536
Info: useSync: 0 useProxySync: 0
LDB: =============== DONE WITH MIGRATION ================ 869.536
PRESSURE: 435000 -356.276 -612.215 -582.396 -565.572 110.419 349.626 -508.981 239.523 -428.772
GPRESSURE: 435000 -193.774 -680.887 -581.961 -341.057 131.936 286.087 -300.105 89.3336 -550.242
PRESSAVG: 435000 -359.95 -12.631 -9.9066 -10.8409 -331.789 -55.0471 -33.9201 -58.9236 -4.14258
GPRESSAVG: 435000 -359.948 -12.5999 -9.84385 -10.6737 -331.733 -55.0233 -33.722 -59.0504 -4.3365
ENERGY:  435000         0.0000         0.0000         0.0000         0.0000          -5562.6567       380.0696         0.0000         0.0000       923.0126          -4259.5745       293.2330     -5182.5871     -4256.9266       299.5809           -224.8762      -204.0267     22666.4655      -231.9604      -232.0059

WRITING COORDINATES TO DCD FILE MDequil.dcd AT STEP 435000
LDB: ============= START OF LOAD BALANCING ============== 879.135
LDB: ============== END OF LOAD BALANCING =============== 879.136
Info: useSync: 0 useProxySync: 0
LDB: =============== DONE WITH MIGRATION ================ 879.148
LDB: ============= START OF LOAD BALANCING ============== 879.456
LDB: Largest compute 159 load 0.013184 is 24.9% of average load 0.053028
LDB: Average compute 0.003724 is 7.0% of average load 0.053028
LDB: TIME 879.466 LOAD: AVG 0.053028 MAX 0.0629139  PROXIES: TOTAL 24 MAXPE 4 MAXPATCH 6 None MEM: 0.478235 MB
LDB: TIME 879.466 LOAD: AVG 0.053028 MAX 0.0629139  PROXIES: TOTAL 30 MAXPE 4 MAXPATCH 9 RefineTorusLB MEM: 0.478235 MB
LDB: TIME 879.466 LOAD: AVG 0.053028 MAX 0.0578411  PROXIES: TOTAL 30 MAXPE 4 MAXPATCH 9 RefineTorusLB MEM: 0.478235 MB
LDB: ============== END OF LOAD BALANCING =============== 879.476
Info: useSync: 0 useProxySync: 0
LDB: =============== DONE WITH MIGRATION ================ 879.583
LDB: ============= START OF LOAD BALANCING ============== 887.743
LDB: ============== END OF LOAD BALANCING =============== 887.746
Info: useSync: 0 useProxySync: 0
LDB: =============== DONE WITH MIGRATION ================ 887.758
LDB: ============= START OF LOAD BALANCING ============== 888.109
LDB: Largest compute 162 load 0.010217 is 20.5% of average load 0.049821
LDB: Average compute 0.003346 is 6.7% of average load 0.049821
LDB: TIME 888.111 LOAD: AVG 0.0498211 MAX 0.0580748  PROXIES: TOTAL 24 MAXPE 4 MAXPATCH 6 None MEM: 0.478235 MB
LDB: TIME 888.111 LOAD: AVG 0.0498211 MAX 0.0580748  PROXIES: TOTAL 30 MAXPE 4 MAXPATCH 9 RefineTorusLB MEM: 0.478235 MB
LDB: TIME 888.112 LOAD: AVG 0.0498211 MAX 0.0542372  PROXIES: TOTAL 30 MAXPE 4 MAXPATCH 9 RefineTorusLB MEM: 0.478235 MB
LDB: ============== END OF LOAD BALANCING =============== 888.113
Info: useSync: 0 useProxySync: 0
LDB: =============== DONE WITH MIGRATION ================ 888.142
PRESSURE: 440000 378.15 218.059 -600.987 504.894 565.617 -54.8136 -227.681 534.429 244.464
GPRESSURE: 440000 297.472 213.365 -791.743 455.2 665.69 201.143 -202.275 362.335 257.718
PRESSAVG: 440000 -342.569 11.2839 59.9816 46.0234 -192.506 56.8338 66.6046 19.6161 10.2423
GPRESSAVG: 440000 -342.417 11.602 59.903 45.5158 -192.134 56.9844 66.6347 19.6579 9.72904
ENERGY:  440000         0.0000         0.0000         0.0000         0.0000          -5669.9432       447.9856         0.0000         0.0000       918.1791          -4303.7785       291.6974     -5221.9575     -4301.0301       299.8227            396.0769       406.9598     22444.9634      -174.9440      -174.9405

WRITING COORDINATES TO DCD FILE MDequil.dcd AT STEP 440000
LDB: ============= START OF LOAD BALANCING ============== 899.971
LDB: ============== END OF LOAD BALANCING =============== 899.971
Info: useSync: 0 useProxySync: 0
LDB: =============== DONE WITH MIGRATION ================ 899.975
LDB: ============= START OF LOAD BALANCING ============== 900.37
LDB: Largest compute 52 load 0.012083 is 23.4% of average load 0.051617
LDB: Average compute 0.003420 is 6.6% of average load 0.051617
LDB: TIME 900.378 LOAD: AVG 0.0516169 MAX 0.0595796  PROXIES: TOTAL 24 MAXPE 4 MAXPATCH 6 None MEM: 0.478235 MB
LDB: TIME 900.378 LOAD: AVG 0.0516169 MAX 0.0595796  PROXIES: TOTAL 30 MAXPE 4 MAXPATCH 9 RefineTorusLB MEM: 0.478235 MB
LDB: TIME 900.378 LOAD: AVG 0.0516169 MAX 0.0551873  PROXIES: TOTAL 30 MAXPE 4 MAXPATCH 9 RefineTorusLB MEM: 0.478235 MB
LDB: ============== END OF LOAD BALANCING =============== 900.383
Info: useSync: 0 useProxySync: 0
LDB: =============== DONE WITH MIGRATION ================ 900.434
LDB: ============= START OF LOAD BALANCING ============== 911.181
LDB: ============== END OF LOAD BALANCING =============== 911.183
Info: useSync: 0 useProxySync: 0
LDB: =============== DONE WITH MIGRATION ================ 911.195
LDB: ============= START OF LOAD BALANCING ============== 911.391
LDB: Largest compute 12 load 0.021974 is 40.9% of average load 0.053714
LDB: Average compute 0.003697 is 6.9% of average load 0.053714
LDB: TIME 911.391 LOAD: AVG 0.0537137 MAX 0.071118  PROXIES: TOTAL 24 MAXPE 4 MAXPATCH 6 None MEM: 0.478235 MB
LDB: TIME 911.391 LOAD: AVG 0.0537137 MAX 0.071118  PROXIES: TOTAL 30 MAXPE 4 MAXPATCH 9 RefineTorusLB MEM: 0.478235 MB
LDB: TIME 911.391 LOAD: AVG 0.0537137 MAX 0.0585879  PROXIES: TOTAL 30 MAXPE 4 MAXPATCH 9 RefineTorusLB MEM: 0.478235 MB
LDB: ============== END OF LOAD BALANCING =============== 911.392
Info: useSync: 0 useProxySync: 0
LDB: =============== DONE WITH MIGRATION ================ 911.392
LDB: ============= START OF LOAD BALANCING ============== 913.906
LDB: ============== END OF LOAD BALANCING =============== 913.906
Info: useSync: 0 useProxySync: 0
LDB: =============== DONE WITH MIGRATION ================ 913.907
LDB: ============= START OF LOAD BALANCING ============== 913.982
LDB: Largest compute 162 load 0.012152 is 24.6% of average load 0.049405
LDB: Average compute 0.003451 is 7.0% of average load 0.049405
LDB: TIME 913.982 LOAD: AVG 0.0494051 MAX 0.0565868  PROXIES: TOTAL 24 MAXPE 4 MAXPATCH 6 None MEM: 0.478235 MB
LDB: TIME 913.982 LOAD: AVG 0.0494051 MAX 0.0565868  PROXIES: TOTAL 30 MAXPE 4 MAXPATCH 9 RefineTorusLB MEM: 0.478235 MB
LDB: TIME 913.982 LOAD: AVG 0.0494051 MAX 0.0538792  PROXIES: TOTAL 30 MAXPE 4 MAXPATCH 9 RefineTorusLB MEM: 0.478235 MB
LDB: ============== END OF LOAD BALANCING =============== 913.982
Info: useSync: 0 useProxySync: 0
LDB: =============== DONE WITH MIGRATION ================ 913.983
WRITING COORDINATES TO DCD FILE MDequil.dcd AT STEP 445000
PRESSURE: 445000 -1527.86 47.2945 589.153 154.068 -731.875 -106.482 358.807 -494.206 1162.49
GPRESSURE: 445000 -1425.57 310.485 711.84 21.5467 -793.867 13.7265 261.592 -730.208 1144.57
PRESSAVG: 445000 -382.15 5.2145 -58.5331 12.4187 -273.668 17.0465 -5.52729 14.7595 -14.4862
GPRESSAVG: 445000 -382.208 4.80865 -58.3156 12.3786 -273.751 17.1772 -5.54127 14.8764 -14.3923
ENERGY:  445000         0.0000         0.0000         0.0000         0.0000          -5641.8481       385.4128         0.0000         0.0000       943.4097          -4313.0256       299.7130     -5256.4354     -4312.3565       296.8448           -365.7497      -358.2901     22696.7611      -223.4346      -223.4504

LDB: ============= START OF LOAD BALANCING ============== 916.625
LDB: ============== END OF LOAD BALANCING =============== 916.625
Info: useSync: 0 useProxySync: 0
LDB: =============== DONE WITH MIGRATION ================ 916.637
LDB: ============= START OF LOAD BALANCING ============== 916.71
LDB: Largest compute 163 load 0.013297 is 24.2% of average load 0.055002
LDB: Average compute 0.003860 is 7.0% of average load 0.055002
LDB: TIME 916.711 LOAD: AVG 0.0550023 MAX 0.0619697  PROXIES: TOTAL 24 MAXPE 4 MAXPATCH 6 None MEM: 0.478235 MB
LDB: TIME 916.711 LOAD: AVG 0.0550023 MAX 0.0619697  PROXIES: TOTAL 30 MAXPE 4 MAXPATCH 9 RefineTorusLB MEM: 0.478235 MB
LDB: TIME 916.711 LOAD: AVG 0.0550023 MAX 0.0599611  PROXIES: TOTAL 30 MAXPE 4 MAXPATCH 9 RefineTorusLB MEM: 0.478235 MB
LDB: ============== END OF LOAD BALANCING =============== 916.711
Info: useSync: 0 useProxySync: 0
LDB: =============== DONE WITH MIGRATION ================ 916.711
LDB: ============= START OF LOAD BALANCING ============== 919.318
LDB: ============== END OF LOAD BALANCING =============== 919.318
Info: useSync: 0 useProxySync: 0
LDB: =============== DONE WITH MIGRATION ================ 919.318
LDB: ============= START OF LOAD BALANCING ============== 919.395
LDB: Largest compute 8 load 0.012316 is 21.8% of average load 0.056381
LDB: Average compute 0.003968 is 7.0% of average load 0.056381
LDB: TIME 919.395 LOAD: AVG 0.0563807 MAX 0.0629566  PROXIES: TOTAL 24 MAXPE 4 MAXPATCH 6 None MEM: 0.478235 MB
LDB: TIME 919.396 LOAD: AVG 0.0563807 MAX 0.0629566  PROXIES: TOTAL 30 MAXPE 4 MAXPATCH 9 RefineTorusLB MEM: 0.478235 MB
LDB: TIME 919.396 LOAD: AVG 0.0563807 MAX 0.0610023  PROXIES: TOTAL 30 MAXPE 4 MAXPATCH 9 RefineTorusLB MEM: 0.478235 MB
LDB: ============== END OF LOAD BALANCING =============== 919.396
Info: useSync: 0 useProxySync: 0
LDB: =============== DONE WITH MIGRATION ================ 919.396
WRITING COORDINATES TO DCD FILE MDequil.dcd AT STEP 450000
WRITING COORDINATES TO RESTART FILE AT STEP 450000
FINISHED WRITING RESTART COORDINATES
WRITING VELOCITIES TO RESTART FILE AT STEP 450000
FINISHED WRITING RESTART VELOCITIES
PRESSURE: 450000 298.239 -467.899 -75.088 -172.807 -373.924 352.314 71.3694 302.945 -551.671
GPRESSURE: 450000 254.686 -436.254 -188.524 120.305 -199.988 169.867 155.925 561.576 -652.681
PRESSAVG: 450000 -318.616 38.233 6.71398 31.8064 -381.592 -19.9331 24.2107 46.0705 -10.812
GPRESSAVG: 450000 -318.895 38.1352 6.59911 31.7905 -381.717 -19.9165 24.0047 46.1077 -10.6713
TIMING: 450000  CPU: 874.049, 0.0019575/step  Wall: 908.993, 0.00202073/step, 0.0280657 hours remaining, 0.478235 MB of memory in use.
PERFORMANCE: 450000  averaging 85.5476 ns/day, 0.00201993 sec/step with standard deviation 0.000599748
ETITLE:      TS           BOND          ANGLE          DIHED          IMPRP               ELECT            VDW       BOUNDARY           MISC        KINETIC               TOTAL           TEMP      POTENTIAL         TOTAL3        TEMPAVG            PRESSURE      GPRESSURE         VOLUME       PRESSAVG      GPRESSAVG

ENERGY:  450000         0.0000         0.0000         0.0000         0.0000          -5647.2636       409.5158         0.0000         0.0000       965.2317          -4272.5161       306.6456     -5237.7478     -4270.2313       296.4390           -209.1188      -199.3276     22735.0044      -237.0066      -237.0943

WRITING EXTENDED SYSTEM TO RESTART FILE AT STEP 450000
LDB: ============= START OF LOAD BALANCING ============== 922.057
LDB: ============== END OF LOAD BALANCING =============== 922.057
Info: useSync: 0 useProxySync: 0
LDB: =============== DONE WITH MIGRATION ================ 922.057
LDB: ============= START OF LOAD BALANCING ============== 922.132
LDB: Largest compute 169 load 0.015003 is 27.0% of average load 0.055664
LDB: Average compute 0.003911 is 7.0% of average load 0.055664
LDB: TIME 922.133 LOAD: AVG 0.0556639 MAX 0.0644637  PROXIES: TOTAL 24 MAXPE 4 MAXPATCH 6 None MEM: 0.478235 MB
LDB: TIME 922.133 LOAD: AVG 0.0556639 MAX 0.0644637  PROXIES: TOTAL 30 MAXPE 4 MAXPATCH 9 RefineTorusLB MEM: 0.478235 MB
LDB: TIME 922.133 LOAD: AVG 0.0556639 MAX 0.0601323  PROXIES: TOTAL 30 MAXPE 4 MAXPATCH 9 RefineTorusLB MEM: 0.478235 MB
LDB: ============== END OF LOAD BALANCING =============== 922.133
Info: useSync: 0 useProxySync: 0
LDB: =============== DONE WITH MIGRATION ================ 922.133
LDB: ============= START OF LOAD BALANCING ============== 924.734
LDB: ============== END OF LOAD BALANCING =============== 924.734
Info: useSync: 0 useProxySync: 0
LDB: =============== DONE WITH MIGRATION ================ 924.735
LDB: ============= START OF LOAD BALANCING ============== 924.812
LDB: Largest compute 52 load 0.013428 is 24.3% of average load 0.055216
LDB: Average compute 0.003875 is 7.0% of average load 0.055216
LDB: TIME 924.813 LOAD: AVG 0.0552157 MAX 0.0587684  PROXIES: TOTAL 24 MAXPE 4 MAXPATCH 6 None MEM: 0.478235 MB
LDB: TIME 924.813 LOAD: AVG 0.0552157 MAX 0.0587684  PROXIES: TOTAL 30 MAXPE 4 MAXPATCH 9 RefineTorusLB MEM: 0.478235 MB
LDB: TIME 924.813 LOAD: AVG 0.0552157 MAX 0.0587684  PROXIES: TOTAL 30 MAXPE 4 MAXPATCH 9 RefineTorusLB MEM: 0.478235 MB
LDB: ============== END OF LOAD BALANCING =============== 924.813
Info: useSync: 0 useProxySync: 0
LDB: =============== DONE WITH MIGRATION ================ 924.813
LDB: ============= START OF LOAD BALANCING ============== 927.385
LDB: ============== END OF LOAD BALANCING =============== 927.385
Info: useSync: 0 useProxySync: 0
LDB: =============== DONE WITH MIGRATION ================ 927.385
LDB: ============= START OF LOAD BALANCING ============== 927.461
LDB: Largest compute 162 load 0.012467 is 22.6% of average load 0.055224
LDB: Average compute 0.003869 is 7.0% of average load 0.055224
LDB: TIME 927.462 LOAD: AVG 0.0552241 MAX 0.0611302  PROXIES: TOTAL 24 MAXPE 4 MAXPATCH 6 None MEM: 0.478235 MB
LDB: TIME 927.462 LOAD: AVG 0.0552241 MAX 0.0611302  PROXIES: TOTAL 30 MAXPE 4 MAXPATCH 9 RefineTorusLB MEM: 0.478235 MB
LDB: TIME 927.462 LOAD: AVG 0.0552241 MAX 0.0588783  PROXIES: TOTAL 30 MAXPE 4 MAXPATCH 9 RefineTorusLB MEM: 0.478235 MB
LDB: ============== END OF LOAD BALANCING =============== 927.462
Info: useSync: 0 useProxySync: 0
LDB: =============== DONE WITH MIGRATION ================ 927.462
WRITING COORDINATES TO DCD FILE MDequil.dcd AT STEP 455000
PRESSURE: 455000 -799.271 132.14 289.354 -11.1715 -521.615 31.5486 1016.9 403.442 176.477
GPRESSURE: 455000 -890.561 -61.5877 296.05 77.2047 -571.928 -164.328 1179.74 448.278 323.326
PRESSAVG: 455000 -251.375 -24.7472 -12.1322 -12.6005 -246.922 -41.909 11.4708 -57.2868 -20.7048
GPRESSAVG: 455000 -251.258 -24.7711 -11.7535 -12.7303 -246.823 -41.9427 11.5476 -57.7659 -20.7622
ENERGY:  455000         0.0000         0.0000         0.0000         0.0000          -5640.8572       368.4735         0.0000         0.0000       955.8198          -4316.5639       303.6556     -5272.3837     -4315.5406       300.1900           -381.4698      -379.7213     22560.5104      -173.0004      -172.9476

LDB: ============= START OF LOAD BALANCING ============== 930.12
LDB: ============== END OF LOAD BALANCING =============== 930.12
Info: useSync: 0 useProxySync: 0
LDB: =============== DONE WITH MIGRATION ================ 930.12
LDB: ============= START OF LOAD BALANCING ============== 930.187
LDB: Largest compute 52 load 0.012363 is 21.8% of average load 0.056655
LDB: Average compute 0.003982 is 7.0% of average load 0.056655
LDB: TIME 930.187 LOAD: AVG 0.0566552 MAX 0.0613153  PROXIES: TOTAL 24 MAXPE 4 MAXPATCH 6 None MEM: 0.478235 MB
LDB: TIME 930.187 LOAD: AVG 0.0566552 MAX 0.0613153  PROXIES: TOTAL 30 MAXPE 4 MAXPATCH 9 RefineTorusLB MEM: 0.478235 MB
LDB: TIME 930.187 LOAD: AVG 0.0566552 MAX 0.0613153  PROXIES: TOTAL 30 MAXPE 4 MAXPATCH 9 RefineTorusLB MEM: 0.478235 MB
LDB: ============== END OF LOAD BALANCING =============== 930.187
Info: useSync: 0 useProxySync: 0
LDB: =============== DONE WITH MIGRATION ================ 930.187
LDB: ============= START OF LOAD BALANCING ============== 932.917
LDB: ============== END OF LOAD BALANCING =============== 932.917
Info: useSync: 0 useProxySync: 0
LDB: =============== DONE WITH MIGRATION ================ 932.917
LDB: ============= START OF LOAD BALANCING ============== 932.989
LDB: Largest compute 162 load 0.012840 is 22.8% of average load 0.056400
LDB: Average compute 0.003960 is 7.0% of average load 0.056400
LDB: TIME 932.989 LOAD: AVG 0.0563996 MAX 0.0638978  PROXIES: TOTAL 24 MAXPE 4 MAXPATCH 6 None MEM: 0.478235 MB
LDB: TIME 932.989 LOAD: AVG 0.0563996 MAX 0.0638978  PROXIES: TOTAL 30 MAXPE 4 MAXPATCH 9 RefineTorusLB MEM: 0.478235 MB
LDB: TIME 932.989 LOAD: AVG 0.0563996 MAX 0.0608468  PROXIES: TOTAL 30 MAXPE 4 MAXPATCH 9 RefineTorusLB MEM: 0.478235 MB
LDB: ============== END OF LOAD BALANCING =============== 932.989
Info: useSync: 0 useProxySync: 0
LDB: =============== DONE WITH MIGRATION ================ 932.989
PRESSURE: 460000 -650.605 -23.8645 -40.8822 -154.426 -352.798 190.098 -574.392 -24.6905 352.408
GPRESSURE: 460000 -799.856 -172.615 84.66 -223.441 -329.748 -109.56 -554.83 157.828 488.193
PRESSAVG: 460000 -371.593 -13.5398 -72.5555 -15.6775 -302.423 -29.4441 12.8372 -24.4484 6.65986
GPRESSAVG: 460000 -371.822 -13.3219 -72.47 -15.6451 -302.482 -29.2987 12.7973 -24.4541 6.66178
ENERGY:  460000         0.0000         0.0000         0.0000         0.0000          -5632.9971       382.2125         0.0000         0.0000       973.8800          -4276.9047       309.3931     -5250.7847     -4274.8005       296.2549           -216.9984      -213.8036     22416.0060      -222.4519      -222.5474

WRITING COORDINATES TO DCD FILE MDequil.dcd AT STEP 460000
LDB: ============= START OF LOAD BALANCING ============== 935.835
LDB: ============== END OF LOAD BALANCING =============== 935.835
Info: useSync: 0 useProxySync: 0
LDB: =============== DONE WITH MIGRATION ================ 935.836
LDB: ============= START OF LOAD BALANCING ============== 935.903
LDB: Largest compute 162 load 0.012507 is 22.5% of average load 0.055661
LDB: Average compute 0.003914 is 7.0% of average load 0.055661
LDB: TIME 935.904 LOAD: AVG 0.0556614 MAX 0.0627306  PROXIES: TOTAL 24 MAXPE 4 MAXPATCH 6 None MEM: 0.478235 MB
LDB: TIME 935.904 LOAD: AVG 0.0556614 MAX 0.0627306  PROXIES: TOTAL 30 MAXPE 4 MAXPATCH 9 RefineTorusLB MEM: 0.478235 MB
LDB: TIME 935.904 LOAD: AVG 0.0556614 MAX 0.0605013  PROXIES: TOTAL 30 MAXPE 4 MAXPATCH 9 RefineTorusLB MEM: 0.478235 MB
LDB: ============== END OF LOAD BALANCING =============== 935.907
Info: useSync: 0 useProxySync: 0
LDB: =============== DONE WITH MIGRATION ================ 935.918
LDB: ============= START OF LOAD BALANCING ============== 938.7
LDB: ============== END OF LOAD BALANCING =============== 938.701
Info: useSync: 0 useProxySync: 0
LDB: =============== DONE WITH MIGRATION ================ 938.701
LDB: ============= START OF LOAD BALANCING ============== 938.765
LDB: Largest compute 163 load 0.012323 is 22.5% of average load 0.054838
LDB: Average compute 0.003855 is 7.0% of average load 0.054838
LDB: TIME 938.765 LOAD: AVG 0.0548381 MAX 0.0589672  PROXIES: TOTAL 24 MAXPE 4 MAXPATCH 6 None MEM: 0.478235 MB
LDB: TIME 938.766 LOAD: AVG 0.0548381 MAX 0.0589672  PROXIES: TOTAL 30 MAXPE 4 MAXPATCH 9 RefineTorusLB MEM: 0.478235 MB
LDB: TIME 938.766 LOAD: AVG 0.0548381 MAX 0.0589672  PROXIES: TOTAL 30 MAXPE 4 MAXPATCH 9 RefineTorusLB MEM: 0.478235 MB
LDB: ============== END OF LOAD BALANCING =============== 938.766
Info: useSync: 0 useProxySync: 0
LDB: =============== DONE WITH MIGRATION ================ 938.766
LDB: ============= START OF LOAD BALANCING ============== 941.525
LDB: ============== END OF LOAD BALANCING =============== 941.525
Info: useSync: 0 useProxySync: 0
LDB: =============== DONE WITH MIGRATION ================ 941.525
LDB: ============= START OF LOAD BALANCING ============== 941.592
LDB: Largest compute 163 load 0.012091 is 21.9% of average load 0.055165
LDB: Average compute 0.003879 is 7.0% of average load 0.055165
LDB: TIME 941.593 LOAD: AVG 0.0551652 MAX 0.0616449  PROXIES: TOTAL 24 MAXPE 4 MAXPATCH 6 None MEM: 0.478235 MB
LDB: TIME 941.593 LOAD: AVG 0.0551652 MAX 0.0616449  PROXIES: TOTAL 30 MAXPE 4 MAXPATCH 9 RefineTorusLB MEM: 0.478235 MB
LDB: TIME 941.593 LOAD: AVG 0.0551652 MAX 0.0599101  PROXIES: TOTAL 30 MAXPE 4 MAXPATCH 9 RefineTorusLB MEM: 0.478235 MB
LDB: ============== END OF LOAD BALANCING =============== 941.593
Info: useSync: 0 useProxySync: 0
LDB: =============== DONE WITH MIGRATION ================ 941.593
WRITING COORDINATES TO DCD FILE MDequil.dcd AT STEP 465000
PRESSURE: 465000 29.4575 295.953 -88.8171 346.698 -171.338 2.36637 -137.922 -28.7474 295.451
GPRESSURE: 465000 -23.3408 686.628 -160.125 -144.751 -52.9231 -186.326 -310.487 5.17327 298.763
PRESSAVG: 465000 -357.12 23.9737 34.9702 27.3572 -349.364 37.8912 -36.7364 -11.6643 5.62518
GPRESSAVG: 465000 -357.267 24.1478 35.024 27.4282 -349.587 37.7863 -36.5988 -11.6663 5.51762
ENERGY:  465000         0.0000         0.0000         0.0000         0.0000          -5641.2904       423.0904         0.0000         0.0000       946.0852          -4272.1148       300.5629     -5218.1999     -4269.0007       297.4769             51.1901        74.1662     22607.9147      -233.6195      -233.7788

LDB: ============= START OF LOAD BALANCING ============== 944.472
LDB: ============== END OF LOAD BALANCING =============== 944.472
Info: useSync: 0 useProxySync: 0
LDB: =============== DONE WITH MIGRATION ================ 944.486
LDB: ============= START OF LOAD BALANCING ============== 944.558
LDB: Largest compute 34 load 0.012688 is 23.1% of average load 0.055017
LDB: Average compute 0.003882 is 7.1% of average load 0.055017
LDB: TIME 944.558 LOAD: AVG 0.055017 MAX 0.0648575  PROXIES: TOTAL 24 MAXPE 4 MAXPATCH 6 None MEM: 0.478235 MB
LDB: TIME 944.558 LOAD: AVG 0.055017 MAX 0.0648575  PROXIES: TOTAL 30 MAXPE 4 MAXPATCH 9 RefineTorusLB MEM: 0.478235 MB
LDB: TIME 944.558 LOAD: AVG 0.055017 MAX 0.0589722  PROXIES: TOTAL 30 MAXPE 4 MAXPATCH 9 RefineTorusLB MEM: 0.478235 MB
LDB: ============== END OF LOAD BALANCING =============== 944.558
Info: useSync: 0 useProxySync: 0
LDB: =============== DONE WITH MIGRATION ================ 944.56
LDB: ============= START OF LOAD BALANCING ============== 947.305
LDB: ============== END OF LOAD BALANCING =============== 947.306
Info: useSync: 0 useProxySync: 0
LDB: =============== DONE WITH MIGRATION ================ 947.306
LDB: ============= START OF LOAD BALANCING ============== 947.372
LDB: Largest compute 163 load 0.012531 is 22.5% of average load 0.055719
LDB: Average compute 0.003924 is 7.0% of average load 0.055719
LDB: TIME 947.372 LOAD: AVG 0.0557188 MAX 0.0615712  PROXIES: TOTAL 24 MAXPE 4 MAXPATCH 6 None MEM: 0.478235 MB
LDB: TIME 947.373 LOAD: AVG 0.0557188 MAX 0.0615712  PROXIES: TOTAL 30 MAXPE 4 MAXPATCH 9 RefineTorusLB MEM: 0.478235 MB
LDB: TIME 947.373 LOAD: AVG 0.0557188 MAX 0.0607935  PROXIES: TOTAL 30 MAXPE 4 MAXPATCH 9 RefineTorusLB MEM: 0.478235 MB
LDB: ============== END OF LOAD BALANCING =============== 947.373
Info: useSync: 0 useProxySync: 0
LDB: =============== DONE WITH MIGRATION ================ 947.373
PRESSURE: 470000 -1677.41 743.423 -190.071 428.005 -672.857 382.795 -12.5435 143.508 -705.753
GPRESSURE: 470000 -1689.66 783.191 -172.117 425.399 -572.915 111.799 -216.562 277.326 -738.357
PRESSAVG: 470000 -330.455 -26.1452 -9.01067 -7.4871 -298.003 -7.85311 13.3786 38.197 18.3302
GPRESSAVG: 470000 -330.561 -26.4983 -9.14863 -7.16378 -298.134 -8.09609 13.1887 38.5979 18.439
ENERGY:  470000         0.0000         0.0000         0.0000         0.0000          -5576.4595       368.3552         0.0000         0.0000       913.7247          -4294.3797       290.2823     -5208.1044     -4292.7836       297.7606          -1018.6729     -1000.3123     22789.3310      -203.3762      -203.4187

WRITING COORDINATES TO DCD FILE MDequil.dcd AT STEP 470000
LDB: ============= START OF LOAD BALANCING ============== 949.987
LDB: ============== END OF LOAD BALANCING =============== 949.988
Info: useSync: 0 useProxySync: 0
LDB: =============== DONE WITH MIGRATION ================ 949.988
LDB: ============= START OF LOAD BALANCING ============== 950.06
LDB: Largest compute 162 load 0.012685 is 23.2% of average load 0.054660
LDB: Average compute 0.003847 is 7.0% of average load 0.054660
LDB: TIME 950.06 LOAD: AVG 0.0546595 MAX 0.0593645  PROXIES: TOTAL 24 MAXPE 4 MAXPATCH 6 None MEM: 0.478235 MB
LDB: TIME 950.061 LOAD: AVG 0.0546595 MAX 0.0593645  PROXIES: TOTAL 30 MAXPE 4 MAXPATCH 9 RefineTorusLB MEM: 0.478235 MB
LDB: TIME 950.061 LOAD: AVG 0.0546595 MAX 0.0593645  PROXIES: TOTAL 30 MAXPE 4 MAXPATCH 9 RefineTorusLB MEM: 0.478235 MB
LDB: ============== END OF LOAD BALANCING =============== 950.061
Info: useSync: 0 useProxySync: 0
LDB: =============== DONE WITH MIGRATION ================ 950.061
LDB: ============= START OF LOAD BALANCING ============== 952.675
LDB: ============== END OF LOAD BALANCING =============== 952.675
Info: useSync: 0 useProxySync: 0
LDB: =============== DONE WITH MIGRATION ================ 952.675
LDB: ============= START OF LOAD BALANCING ============== 952.741
LDB: Largest compute 163 load 0.012559 is 22.4% of average load 0.055977
LDB: Average compute 0.003942 is 7.0% of average load 0.055977
LDB: TIME 952.742 LOAD: AVG 0.0559771 MAX 0.0610915  PROXIES: TOTAL 24 MAXPE 4 MAXPATCH 6 None MEM: 0.478235 MB
LDB: TIME 952.742 LOAD: AVG 0.0559771 MAX 0.0610915  PROXIES: TOTAL 30 MAXPE 4 MAXPATCH 9 RefineTorusLB MEM: 0.478235 MB
LDB: TIME 952.742 LOAD: AVG 0.0559771 MAX 0.0608288  PROXIES: TOTAL 30 MAXPE 4 MAXPATCH 9 RefineTorusLB MEM: 0.478235 MB
LDB: ============== END OF LOAD BALANCING =============== 952.742
Info: useSync: 0 useProxySync: 0
LDB: =============== DONE WITH MIGRATION ================ 952.742
LDB: ============= START OF LOAD BALANCING ============== 955.391
LDB: ============== END OF LOAD BALANCING =============== 955.391
Info: useSync: 0 useProxySync: 0
LDB: =============== DONE WITH MIGRATION ================ 955.391
LDB: ============= START OF LOAD BALANCING ============== 955.458
LDB: Largest compute 162 load 0.014087 is 25.3% of average load 0.055689
LDB: Average compute 0.003927 is 7.1% of average load 0.055689
LDB: TIME 955.458 LOAD: AVG 0.0556889 MAX 0.0618525  PROXIES: TOTAL 24 MAXPE 4 MAXPATCH 6 None MEM: 0.478235 MB
LDB: TIME 955.458 LOAD: AVG 0.0556889 MAX 0.0618525  PROXIES: TOTAL 30 MAXPE 4 MAXPATCH 9 RefineTorusLB MEM: 0.478235 MB
LDB: TIME 955.458 LOAD: AVG 0.0556889 MAX 0.0605497  PROXIES: TOTAL 30 MAXPE 4 MAXPATCH 9 RefineTorusLB MEM: 0.478235 MB
LDB: ============== END OF LOAD BALANCING =============== 955.458
Info: useSync: 0 useProxySync: 0
LDB: =============== DONE WITH MIGRATION ================ 955.459
PRESSURE: 475000 -21.5541 704.768 -695.078 419.281 -580.36 4.61907 -938.038 -215.855 -359.634
GPRESSURE: 475000 -29.7449 932.173 -771.196 96.1456 -567.365 498.074 -891.672 -349.048 -333.455
PRESSAVG: 475000 -396.423 42.3553 6.81108 30.1666 -391.829 -0.788558 -18.3095 73.8675 -14.6837
GPRESSAVG: 475000 -396.273 42.6218 6.79098 29.7736 -391.485 -0.405435 -18.189 73.899 -15.0036
ENERGY:  475000         0.0000         0.0000         0.0000         0.0000          -5555.0695       357.0464         0.0000         0.0000       949.9211          -4248.1020       301.7816     -5198.0231     -4247.2392       299.4981           -320.5163      -310.1883     22756.4729      -267.6452      -267.5870

WRITING COORDINATES TO DCD FILE MDequil.dcd AT STEP 475000
LDB: ============= START OF LOAD BALANCING ============== 957.984
LDB: ============== END OF LOAD BALANCING =============== 957.984
Info: useSync: 0 useProxySync: 0
LDB: =============== DONE WITH MIGRATION ================ 957.985
LDB: ============= START OF LOAD BALANCING ============== 958.058
LDB: Largest compute 34 load 0.015562 is 27.5% of average load 0.056635
LDB: Average compute 0.003975 is 7.0% of average load 0.056635
LDB: TIME 958.058 LOAD: AVG 0.0566354 MAX 0.0664083  PROXIES: TOTAL 24 MAXPE 4 MAXPATCH 6 None MEM: 0.478235 MB
LDB: TIME 958.058 LOAD: AVG 0.0566354 MAX 0.0664083  PROXIES: TOTAL 30 MAXPE 4 MAXPATCH 9 RefineTorusLB MEM: 0.478235 MB
LDB: TIME 958.058 LOAD: AVG 0.0566354 MAX 0.0608573  PROXIES: TOTAL 30 MAXPE 4 MAXPATCH 9 RefineTorusLB MEM: 0.478235 MB
LDB: ============== END OF LOAD BALANCING =============== 958.058
Info: useSync: 0 useProxySync: 0
LDB: =============== DONE WITH MIGRATION ================ 958.059
LDB: ============= START OF LOAD BALANCING ============== 960.699
LDB: ============== END OF LOAD BALANCING =============== 960.699
Info: useSync: 0 useProxySync: 0
LDB: =============== DONE WITH MIGRATION ================ 960.699
LDB: ============= START OF LOAD BALANCING ============== 960.767
LDB: Largest compute 163 load 0.012991 is 24.1% of average load 0.053849
LDB: Average compute 0.003786 is 7.0% of average load 0.053849
LDB: TIME 960.768 LOAD: AVG 0.0538489 MAX 0.0623952  PROXIES: TOTAL 24 MAXPE 4 MAXPATCH 6 None MEM: 0.478235 MB
LDB: TIME 960.768 LOAD: AVG 0.0538489 MAX 0.0623952  PROXIES: TOTAL 30 MAXPE 4 MAXPATCH 9 RefineTorusLB MEM: 0.478235 MB
LDB: TIME 960.768 LOAD: AVG 0.0538489 MAX 0.0583768  PROXIES: TOTAL 30 MAXPE 4 MAXPATCH 9 RefineTorusLB MEM: 0.478235 MB
LDB: ============== END OF LOAD BALANCING =============== 960.768
Info: useSync: 0 useProxySync: 0
LDB: =============== DONE WITH MIGRATION ================ 960.769
WRITING COORDINATES TO DCD FILE MDequil.dcd AT STEP 480000
PRESSURE: 480000 -673.5 220.876 112.484 744.642 -2097.37 -360.357 18.1854 -128.071 -661.803
GPRESSURE: 480000 -774.314 332.52 136.813 803.267 -1976.79 -278.449 -24.8273 160.194 -644.328
PRESSAVG: 480000 -302.933 -39.7491 5.99254 -23.09 -428.106 7.03587 16.1931 1.98507 -11.7783
GPRESSAVG: 480000 -302.746 -40.0706 5.8902 -22.9149 -428.164 7.15225 15.9593 1.57025 -11.542
ENERGY:  480000         0.0000         0.0000         0.0000         0.0000          -5533.7889       324.8488         0.0000         0.0000       960.0519          -4248.8883       305.0000     -5208.9401     -4246.6064       300.7745          -1144.2227     -1131.8099     22981.5915      -247.6058      -247.4839

LDB: ============= START OF LOAD BALANCING ============== 963.421
LDB: ============== END OF LOAD BALANCING =============== 963.421
Info: useSync: 0 useProxySync: 0
LDB: =============== DONE WITH MIGRATION ================ 963.421
LDB: ============= START OF LOAD BALANCING ============== 963.502
LDB: Largest compute 158 load 0.024020 is 42.4% of average load 0.056636
LDB: Average compute 0.004000 is 7.1% of average load 0.056636
LDB: TIME 963.503 LOAD: AVG 0.0566356 MAX 0.0716826  PROXIES: TOTAL 24 MAXPE 4 MAXPATCH 6 None MEM: 0.478235 MB
LDB: TIME 963.503 LOAD: AVG 0.0566356 MAX 0.0716826  PROXIES: TOTAL 30 MAXPE 4 MAXPATCH 9 RefineTorusLB MEM: 0.478235 MB
LDB: TIME 963.503 LOAD: AVG 0.0566356 MAX 0.0607818  PROXIES: TOTAL 30 MAXPE 4 MAXPATCH 9 RefineTorusLB MEM: 0.478235 MB
LDB: ============== END OF LOAD BALANCING =============== 963.503
Info: useSync: 0 useProxySync: 0
LDB: =============== DONE WITH MIGRATION ================ 963.503
LDB: ============= START OF LOAD BALANCING ============== 966.216
LDB: ============== END OF LOAD BALANCING =============== 966.216
Info: useSync: 0 useProxySync: 0
LDB: =============== DONE WITH MIGRATION ================ 966.216
LDB: ============= START OF LOAD BALANCING ============== 966.291
LDB: Largest compute 44 load 0.012271 is 22.0% of average load 0.055874
LDB: Average compute 0.003925 is 7.0% of average load 0.055874
LDB: TIME 966.291 LOAD: AVG 0.0558739 MAX 0.067619  PROXIES: TOTAL 24 MAXPE 4 MAXPATCH 6 None MEM: 0.478235 MB
LDB: TIME 966.291 LOAD: AVG 0.0558739 MAX 0.067619  PROXIES: TOTAL 30 MAXPE 4 MAXPATCH 9 RefineTorusLB MEM: 0.478235 MB
LDB: TIME 966.291 LOAD: AVG 0.0558739 MAX 0.0603165  PROXIES: TOTAL 30 MAXPE 4 MAXPATCH 9 RefineTorusLB MEM: 0.478235 MB
LDB: ============== END OF LOAD BALANCING =============== 966.291
Info: useSync: 0 useProxySync: 0
LDB: =============== DONE WITH MIGRATION ================ 966.292
LDB: ============= START OF LOAD BALANCING ============== 968.949
LDB: ============== END OF LOAD BALANCING =============== 968.949
Info: useSync: 0 useProxySync: 0
LDB: =============== DONE WITH MIGRATION ================ 968.95
LDB: ============= START OF LOAD BALANCING ============== 969.016
LDB: Largest compute 162 load 0.013634 is 25.0% of average load 0.054634
LDB: Average compute 0.003846 is 7.0% of average load 0.054634
LDB: TIME 969.017 LOAD: AVG 0.0546342 MAX 0.0615699  PROXIES: TOTAL 24 MAXPE 4 MAXPATCH 6 None MEM: 0.478235 MB
LDB: TIME 969.017 LOAD: AVG 0.0546342 MAX 0.0615699  PROXIES: TOTAL 30 MAXPE 4 MAXPATCH 9 RefineTorusLB MEM: 0.478235 MB
LDB: TIME 969.017 LOAD: AVG 0.0546342 MAX 0.0582064  PROXIES: TOTAL 30 MAXPE 4 MAXPATCH 9 RefineTorusLB MEM: 0.478235 MB
LDB: ============== END OF LOAD BALANCING =============== 969.02
Info: useSync: 0 useProxySync: 0
LDB: =============== DONE WITH MIGRATION ================ 969.021
WRITING COORDINATES TO DCD FILE MDequil.dcd AT STEP 485000
PRESSURE: 485000 -559.37 -629.233 630.365 -631.817 -462.096 138.774 288.47 -144.994 -401.624
GPRESSURE: 485000 -438.657 -246.551 432.923 -740.833 -472.969 179.169 34.2436 -161.989 -481.36
PRESSAVG: 485000 -347.339 37.6116 -3.20836 22.1972 -329.158 72.0428 27.8649 62.1604 13.7394
GPRESSAVG: 485000 -347.549 37.569 -3.39567 22.6 -329.214 72.1013 27.8059 61.9072 13.9899
ENERGY:  485000         0.0000         0.0000         0.0000         0.0000          -5627.1933       379.5196         0.0000         0.0000       976.7816          -4270.8920       310.3149     -5247.6736     -4268.6438       300.8189           -474.3634      -464.3290     22559.3837      -220.9191      -220.9246

LDB: ============= START OF LOAD BALANCING ============== 971.632
LDB: ============== END OF LOAD BALANCING =============== 971.632
Info: useSync: 0 useProxySync: 0
LDB: =============== DONE WITH MIGRATION ================ 971.632
LDB: ============= START OF LOAD BALANCING ============== 971.701
LDB: Largest compute 162 load 0.012546 is 22.4% of average load 0.055985
LDB: Average compute 0.003944 is 7.0% of average load 0.055985
LDB: TIME 971.701 LOAD: AVG 0.0559848 MAX 0.061674  PROXIES: TOTAL 24 MAXPE 4 MAXPATCH 6 None MEM: 0.478235 MB
LDB: TIME 971.701 LOAD: AVG 0.0559848 MAX 0.061674  PROXIES: TOTAL 30 MAXPE 4 MAXPATCH 9 RefineTorusLB MEM: 0.478235 MB
LDB: TIME 971.701 LOAD: AVG 0.0559848 MAX 0.0608815  PROXIES: TOTAL 30 MAXPE 4 MAXPATCH 9 RefineTorusLB MEM: 0.478235 MB
LDB: ============== END OF LOAD BALANCING =============== 971.701
Info: useSync: 0 useProxySync: 0
LDB: =============== DONE WITH MIGRATION ================ 971.701
LDB: ============= START OF LOAD BALANCING ============== 974.334
LDB: ============== END OF LOAD BALANCING =============== 974.334
Info: useSync: 0 useProxySync: 0
LDB: =============== DONE WITH MIGRATION ================ 974.334
LDB: ============= START OF LOAD BALANCING ============== 974.402
LDB: Largest compute 162 load 0.013861 is 24.9% of average load 0.055592
LDB: Average compute 0.003914 is 7.0% of average load 0.055592
LDB: TIME 974.402 LOAD: AVG 0.0555916 MAX 0.061509  PROXIES: TOTAL 24 MAXPE 4 MAXPATCH 6 None MEM: 0.478235 MB
LDB: TIME 974.402 LOAD: AVG 0.0555916 MAX 0.061509  PROXIES: TOTAL 30 MAXPE 4 MAXPATCH 9 RefineTorusLB MEM: 0.478235 MB
LDB: TIME 974.402 LOAD: AVG 0.0555916 MAX 0.0604862  PROXIES: TOTAL 30 MAXPE 4 MAXPATCH 9 RefineTorusLB MEM: 0.478235 MB
LDB: ============== END OF LOAD BALANCING =============== 974.402
Info: useSync: 0 useProxySync: 0
LDB: =============== DONE WITH MIGRATION ================ 974.402
WRITING COORDINATES TO DCD FILE MDequil.dcd AT STEP 490000
PRESSURE: 490000 -987.881 197.7 -616.1 154.632 793.553 331.789 -433.801 43.2547 -806.234
GPRESSURE: 490000 -930.746 126.48 -797.455 43.0055 850.674 201.046 -453.384 316.633 -902.864
PRESSAVG: 490000 -229.384 76.0184 -4.02857 71.034 -260.396 12.4454 21.66 -33.8204 -0.885139
GPRESSAVG: 490000 -229.384 76.1575 -4.12534 70.9388 -260.412 11.8977 21.5232 -33.4153 -0.624811
ENERGY:  490000         0.0000         0.0000         0.0000         0.0000          -5535.9227       358.1984         0.0000         0.0000       928.7373          -4248.9870       295.0517     -5177.7243     -4246.0770       301.1166           -333.5205      -327.6452     22449.3903      -163.5550      -163.4736

LDB: ============= START OF LOAD BALANCING ============== 977.073
LDB: ============== END OF LOAD BALANCING =============== 977.074
Info: useSync: 0 useProxySync: 0
LDB: =============== DONE WITH MIGRATION ================ 977.074
LDB: ============= START OF LOAD BALANCING ============== 977.14
LDB: Largest compute 162 load 0.012771 is 22.9% of average load 0.055682
LDB: Average compute 0.003918 is 7.0% of average load 0.055682
LDB: TIME 977.14 LOAD: AVG 0.0556822 MAX 0.0593183  PROXIES: TOTAL 24 MAXPE 4 MAXPATCH 6 None MEM: 0.478235 MB
LDB: TIME 977.14 LOAD: AVG 0.0556822 MAX 0.0593183  PROXIES: TOTAL 30 MAXPE 4 MAXPATCH 9 RefineTorusLB MEM: 0.478235 MB
LDB: TIME 977.14 LOAD: AVG 0.0556822 MAX 0.0593183  PROXIES: TOTAL 30 MAXPE 4 MAXPATCH 9 RefineTorusLB MEM: 0.478235 MB
LDB: ============== END OF LOAD BALANCING =============== 977.14
Info: useSync: 0 useProxySync: 0
LDB: =============== DONE WITH MIGRATION ================ 977.14
LDB: ============= START OF LOAD BALANCING ============== 979.733
LDB: ============== END OF LOAD BALANCING =============== 979.733
Info: useSync: 0 useProxySync: 0
LDB: =============== DONE WITH MIGRATION ================ 979.734
LDB: ============= START OF LOAD BALANCING ============== 979.799
LDB: Largest compute 162 load 0.012837 is 23.3% of average load 0.054988
LDB: Average compute 0.003877 is 7.1% of average load 0.054988
LDB: TIME 979.8 LOAD: AVG 0.0549877 MAX 0.0596307  PROXIES: TOTAL 24 MAXPE 4 MAXPATCH 6 None MEM: 0.478235 MB
LDB: TIME 979.8 LOAD: AVG 0.0549877 MAX 0.0596307  PROXIES: TOTAL 30 MAXPE 4 MAXPATCH 9 RefineTorusLB MEM: 0.478235 MB
LDB: TIME 979.8 LOAD: AVG 0.0549877 MAX 0.0596307  PROXIES: TOTAL 30 MAXPE 4 MAXPATCH 9 RefineTorusLB MEM: 0.478235 MB
LDB: ============== END OF LOAD BALANCING =============== 979.8
Info: useSync: 0 useProxySync: 0
LDB: =============== DONE WITH MIGRATION ================ 979.8
LDB: ============= START OF LOAD BALANCING ============== 982.438
LDB: ============== END OF LOAD BALANCING =============== 982.439
Info: useSync: 0 useProxySync: 0
LDB: =============== DONE WITH MIGRATION ================ 982.439
LDB: ============= START OF LOAD BALANCING ============== 982.509
LDB: Largest compute 163 load 0.013127 is 23.7% of average load 0.055486
LDB: Average compute 0.003910 is 7.0% of average load 0.055486
LDB: TIME 982.509 LOAD: AVG 0.0554855 MAX 0.0635542  PROXIES: TOTAL 24 MAXPE 4 MAXPATCH 6 None MEM: 0.478235 MB
LDB: TIME 982.509 LOAD: AVG 0.0554855 MAX 0.0635542  PROXIES: TOTAL 30 MAXPE 4 MAXPATCH 9 RefineTorusLB MEM: 0.478235 MB
LDB: TIME 982.509 LOAD: AVG 0.0554855 MAX 0.0600185  PROXIES: TOTAL 30 MAXPE 4 MAXPATCH 9 RefineTorusLB MEM: 0.478235 MB
LDB: ============== END OF LOAD BALANCING =============== 982.51
Info: useSync: 0 useProxySync: 0
LDB: =============== DONE WITH MIGRATION ================ 982.51
PRESSURE: 495000 -817.038 34.2331 -2.82294 -129.983 152.95 31.3367 -118.688 260.184 -101.817
GPRESSURE: 495000 -784.435 25.5651 -77.2941 -57.0658 215.816 -277.502 -241.869 279.417 -143.128
PRESSAVG: 495000 -221.129 -12.7397 21.2731 10.776 -252.232 30.8969 28.8046 10.2616 13.2183
GPRESSAVG: 495000 -220.814 -13.1044 20.9669 10.7279 -252.289 31.4564 29.2287 9.86111 13.4602
ENERGY:  495000         0.0000         0.0000         0.0000         0.0000          -5631.4332       401.0999         0.0000         0.0000       952.7432          -4277.5901       302.6781     -5230.3333     -4274.9295       299.5921           -255.3014      -237.2490     22798.2514      -153.3810      -153.2140

WRITING COORDINATES TO DCD FILE MDequil.dcd AT STEP 495000
LDB: ============= START OF LOAD BALANCING ============== 985.223
LDB: ============== END OF LOAD BALANCING =============== 985.223
Info: useSync: 0 useProxySync: 0
LDB: =============== DONE WITH MIGRATION ================ 985.223
LDB: ============= START OF LOAD BALANCING ============== 985.288
LDB: Largest compute 162 load 0.012160 is 22.5% of average load 0.053949
LDB: Average compute 0.003778 is 7.0% of average load 0.053949
LDB: TIME 985.288 LOAD: AVG 0.0539486 MAX 0.0587619  PROXIES: TOTAL 24 MAXPE 4 MAXPATCH 6 None MEM: 0.478235 MB
LDB: TIME 985.288 LOAD: AVG 0.0539486 MAX 0.0587619  PROXIES: TOTAL 30 MAXPE 4 MAXPATCH 9 RefineTorusLB MEM: 0.478235 MB
LDB: TIME 985.288 LOAD: AVG 0.0539486 MAX 0.0587619  PROXIES: TOTAL 30 MAXPE 4 MAXPATCH 9 RefineTorusLB MEM: 0.478235 MB
LDB: ============== END OF LOAD BALANCING =============== 985.289
Info: useSync: 0 useProxySync: 0
LDB: =============== DONE WITH MIGRATION ================ 985.289
LDB: ============= START OF LOAD BALANCING ============== 987.979
LDB: ============== END OF LOAD BALANCING =============== 987.979
Info: useSync: 0 useProxySync: 0
LDB: =============== DONE WITH MIGRATION ================ 987.979
LDB: ============= START OF LOAD BALANCING ============== 988.046
LDB: Largest compute 162 load 0.013726 is 24.5% of average load 0.056120
LDB: Average compute 0.003963 is 7.1% of average load 0.056120
LDB: TIME 988.047 LOAD: AVG 0.0561195 MAX 0.0616753  PROXIES: TOTAL 24 MAXPE 4 MAXPATCH 6 None MEM: 0.478235 MB
LDB: TIME 988.047 LOAD: AVG 0.0561195 MAX 0.0616753  PROXIES: TOTAL 30 MAXPE 4 MAXPATCH 9 RefineTorusLB MEM: 0.478235 MB
LDB: TIME 988.047 LOAD: AVG 0.0561195 MAX 0.0607426  PROXIES: TOTAL 30 MAXPE 4 MAXPATCH 9 RefineTorusLB MEM: 0.478235 MB
LDB: ============== END OF LOAD BALANCING =============== 988.047
Info: useSync: 0 useProxySync: 0
LDB: =============== DONE WITH MIGRATION ================ 988.047
PRESSURE: 500000 171.611 624.792 -308.46 799.163 -42.0828 -410.953 -696.082 -288.469 996.363
GPRESSURE: 500000 213.723 740.368 -263.487 946.321 17.9136 -239.757 -654.523 -209.344 945.588
PRESSAVG: 500000 -236.07 1.10978 8.35839 10.6534 -353.337 -26.5717 -0.00261822 -22.5962 13.9825
GPRESSAVG: 500000 -236.05 1.02521 8.32291 10.9196 -353.236 -26.5293 0.317764 -22.1187 13.7249
TIMING: 500000  CPU: 942.097, 0.00136097/step  Wall: 977.574, 0.00137162/step, 0 hours remaining, 0.478235 MB of memory in use.
PERFORMANCE: 500000  averaging 88.3843 ns/day, 0.0019551 sec/step with standard deviation 0.000601467
ETITLE:      TS           BOND          ANGLE          DIHED          IMPRP               ELECT            VDW       BOUNDARY           MISC        KINETIC               TOTAL           TEMP      POTENTIAL         TOTAL3        TEMPAVG            PRESSURE      GPRESSURE         VOLUME       PRESSAVG      GPRESSAVG

ENERGY:  500000         0.0000         0.0000         0.0000         0.0000          -5570.8762       415.7296         0.0000         0.0000       979.0356          -4176.1110       311.0310     -5155.1466     -4174.2241       298.3576            375.2972       392.4084     22774.8499      -191.8082      -191.8538

WRITING EXTENDED SYSTEM TO RESTART FILE AT STEP 500000
WRITING COORDINATES TO DCD FILE MDequil.dcd AT STEP 500000
WRITING COORDINATES TO RESTART FILE AT STEP 500000
FINISHED WRITING RESTART COORDINATES
WRITING VELOCITIES TO RESTART FILE AT STEP 500000
FINISHED WRITING RESTART VELOCITIES
WRITING EXTENDED SYSTEM TO OUTPUT FILE AT STEP 500000
CLOSING EXTENDED SYSTEM TRAJECTORY FILE
WRITING COORDINATES TO OUTPUT FILE AT STEP 500000
CLOSING COORDINATE DCD FILE MDequil.dcd
WRITING VELOCITIES TO OUTPUT FILE AT STEP 500000
====================================================

WallClock: 990.437561  CPUTime: 953.561523  Memory: 0.478235 MB
[Partition 0][Node 0] End of program
